filename,platform,original_image_url,exact_post_url,vis or not,real or mis,opinionated,manual_topic,notes,IsFromReputableSource,channel,post_text,language,confidence,error
photo_bluesky_47.jpg,bluesky,https://cdn.bsky.app/img/feed_fullsize/plain/did:plc:krcwgyejhgkjscjcv6caxjcc/bafkreidqkmpp2mmotllmyx32rulmk5vg3qwoat2xjp22xcm5ithp6szgwy,https://bsky.app/profile/markanthon.bsky.social/post/3meohcfx5hk2c,T,R,N,Energy prices,,Y,markanthon.bsky.social,"PS: Nur für den Fall, dass einer mit einer Zeitleiste ab 2023 kommt, die zeigen soll dass der Strompreise sinkt:",de,0.999,
photo_bluesky_49.jpg,bluesky,https://cdn.bsky.app/img/feed_fullsize/plain/did:plc:krcwgyejhgkjscjcv6caxjcc/bafkreihrv5ixfltexndl75hk3mqnyclhrpqsyegyfcsdgmc5hnftzx2tay,https://bsky.app/profile/markanthon.bsky.social/post/3mdpyyeyzik2b,T,R,N,Energy prices,same image as before different comment,Y,markanthon.bsky.social,"Darf ich vorstellen, die Folgen der Energiewende. Besonders schön zu sehen ab 2013. Produktionskosten sinken, Strompreis steigt.",de,0.9761,
photo_bluesky_80.jpg,bluesky,https://cdn.bsky.app/img/feed_fullsize/plain/did:plc:krcwgyejhgkjscjcv6caxjcc/bafkreicifpussqfnhezofuh74ms4u6243scgxn2d3smldngk73pot7bg2a,https://bsky.app/profile/markanthon.bsky.social/post/3lzxxbezhq22f,T,R,N,emissions/climate,some missing legend in the image?,N,markanthon.bsky.social,Nach 25 Jahren Klimaschutz sind wir ... eine der größten CO2 Schleudern der EU.,de,0.9992,
photo_bluesky_105.jpg,bluesky,https://cdn.bsky.app/img/feed_fullsize/plain/did:plc:euvgghrd4aptmnfwf3yxi5go/bafkreic32clujkk5tudygqzuhwbydqihhpcbjaxgigadhuoifcjghz637a,https://bsky.app/profile/haihipper.bsky.social/post/3lzxmp462fs2m,T,M,N,energy resources,just data from a single day? maybe best vs worst,Y,haihipper.bsky.social,"Doch. Und: Nein. Es lässt sich nicht mit EE überbrücken. Wusste schon Habeck und plante Reserve - Gaskraftwerke, Reiche führt es fort, erweitert und bekommt Unterstützung von der Bundesnetzagentur.",de,0.9974,
photo_bluesky_138.jpg,bluesky,https://cdn.bsky.app/img/feed_fullsize/plain/did:plc:rmoaxx3ussirsz34z7jfkpae/bafkreibi2iimfd2vaq5pmdox6r2zttabennpy6gggwvbenih6v65w6umfq,https://bsky.app/profile/onkelsams.bsky.social/post/3lp5hgdx7fc2h,T,M,Y,climate,averaging missing? not sure if the Zeit is reputable,Y,onkelsams.bsky.social,"Spürt ihr euch noch? 🤔
Oder ist das Dyskalkulie?

Zum Glück leben in Nazideutschland nur 1% aller Menschen und Nazideutschland ist nur für 2% aller globalen Emissionen zuständig, wobei natürlich die exportieren Verbrennungsmotoren im Ausland das Klima schädigen helfen.

Hört endlich auf zu jammern!",de,0.9937,
photo_bluesky_153.jpg,bluesky,https://cdn.bsky.app/img/feed_fullsize/plain/did:plc:sxzceipcmn2oxapmpsv7krx4/bafkreidm2wco6af5hut72bt347nfccbqv5jmy2jjxmlhlpqjuoayvb7fqy,https://bsky.app/profile/pskraemer11.bsky.social/post/3lko67hfjq22z,T,M,Y,climate,comic,N,pskraemer11.bsky.social,Nicht nur teuer. Viele Regionen werden unbewohnbar bei 4°C #Erderwärmung!,de,0.9955,
photo_bluesky_326.jpg,bluesky,https://cdn.bsky.app/img/feed_fullsize/plain/did:plc:gnvh7ltjtrrd7uuiaobsnpdx/bafkreig2wuratxrrkdpprllbravapwprhqkrxn7t2sz2qiwaykfauhf224,https://bsky.app/profile/fridaysforfuture.de/post/3lnsllyattk2j,T,R,Y,climate,not sure what this is exactly from,Y,fridaysforfuture.de,"Wie wenig Geld für Klimaschutz im Sondervermögen ist, wird deutlich, wenn man sich anschaut, dass wir seit 2008 jährlich ca. 81 Mrd. EUR für den Import fossiler Brennstoffe ausgeben. Noch immer befeuern wir die Klimakrise so stark - unfassbar.
www.kfw.de/PDF/Download...",de,0.9961,
photo_bluesky_461.jpg,bluesky,https://cdn.bsky.app/img/feed_fullsize/plain/did:plc:3bj4iqn7nwf5fxa33gcnaiv6/bafkreiapxbwz7ph4mflje6lhdpgzqsygjf2wbof5db3x3rcqkfm3b6ko2a,https://bsky.app/profile/attac.at/post/3lp2axvc6p224,T,R,N,military expenses,not sure,Y,attac.at,"Zugleich veröffentlichen wir heute eine ausführliche Stellungnahme, in der wir uns entschieden gegen die aktuelle Aufrüstungspolitik stellen. 

Stattdessen fordern wir Abrüstung, Investitionen für menschliche Sicherheit sowie eine engagierte Neutralität Österreichs. 2/2

www.attac.at/news/details...",de,0.9943,
photo_bluesky_727.jpg,bluesky,https://cdn.bsky.app/img/feed_fullsize/plain/did:plc:3bj4iqn7nwf5fxa33gcnaiv6/bafkreicsi7hzvtl6aio2bx6tkz23fbiek2d4o27cdajlp6dusnfqnf57ha,https://bsky.app/profile/attac.at/post/3mcx5yr37xs2z,T,R,N,politics,?,Y,attac.at,"Ad FPÖ: Wie sie selbst geteilt haben, ist es ein wenig nuancierter. 

Auch Liberale interessieren sich für das Urteil des EuGH.",de,0.9982,
photo_bluesky_859.jpg,bluesky,https://cdn.bsky.app/img/feed_fullsize/plain/did:plc:3bj4iqn7nwf5fxa33gcnaiv6/bafkreidy3nv5wn3i4umbqus4dkwgo7ncazcbzglp7dpoccb7kcs722xyzu,https://bsky.app/profile/attac.at/post/3lk4p7bhn6k2d,T,R,N,military expenses,,N,attac.at,"Falter Cover: 🤔 

Grafik: Handelsblatt",de,0.5032,
photo_bluesky_1081.jpg,bluesky,https://cdn.bsky.app/img/feed_fullsize/plain/did:plc:brhyg3szmoguepvwjignw2o4/bafkreidxniap5bi4adx6fkrdhkmkhvbugnxxqhs42czpyazptzb4tiiip4,https://bsky.app/profile/robinschmidt.bsky.social/post/3m545wfjjlc2a,T,R,Y,climate,,Y,robinschmidt.bsky.social,"ES-IST-ERMÜDEND

Klar gab es früher auch schon Überschwemmungen und Dürren, aber mit großen zeitlichen Abständen. Jede Statistisch zu den beschriebenen Ereignissen zeigt das. Und sei doch mal ehrlich mit dir selbst, mit deiner Lebenszeit: wie oft gabs das und wie oft heute?",de,0.9974,
photo_bluesky_1082.jpg,bluesky,https://cdn.bsky.app/img/feed_fullsize/plain/did:plc:2fj67jyvd4po7r734phdnfd6/bafkreicil2bsmlzw75x5p6nx6z7rbnna2ltqey7xwjrb4jz4qkwykpuoxm,https://bsky.app/profile/klimahoelle.bsky.social/post/3lysahyuou22m,T,M,Y,climate,generated image but the data behind probably is correct,N,klimahoelle.bsky.social,"Isch over

#Klimakatastrophe
#Artenkollaps
#Kulturkampf
#Kapitalismus
#EndzeitFaschismus",TOO_SHORT,0.0,
photo_bluesky_1099.jpg,bluesky,https://cdn.bsky.app/img/feed_fullsize/plain/did:plc:3oowqnx3nhaqiw4yoxyprl46/bafkreifsfxbl5ou7gqcrrgy3qkyvogg7s66nhjie63i3d7hhezgedx3wqq,https://bsky.app/profile/thomas-boettcher.bsky.social/post/3lxuv7yfhqc24,T,M,N,climate,drawn on image,Y,thomas-boettcher.bsky.social,"2025 scheint sich der bislang einmalige CO2-Sprung des Jahres 2024 zu wiederholen:
2023  = 421.08 ppm // added 2,55
2024  = 424.61 ppm // added 3.53
2025  = 428.26 ppm // added 3.65
425.02-421.37=3,65
gml.noaa.gov/ccgg/trends/...
bsky.app/profile/thom...",de,0.3519,
photo_bluesky_1113.jpg,bluesky,https://cdn.bsky.app/img/feed_fullsize/plain/did:plc:nkwlac2b7jqdmt5f2qbqwlxu/bafkreigedguicfdcqfadmx7dbefx7wv7cwnzmpqqfweuirwnfbbp4ocux4,https://bsky.app/profile/christophmontag.bsky.social/post/3lw4y32tcb22r,T,M,N,climate,,N,christophmontag.bsky.social,"Wir haben derzeit keine La Nina. Es könnte in den kommenden Monaten vielleicht eine werden, aber noch ist es keine.

www.cpc.ncep.noaa.gov/products/ana...",de,0.9939,
photo_bluesky_1147.jpg,bluesky,https://cdn.bsky.app/img/feed_fullsize/plain/did:plc:z5i5d5tk4ggk46pxvfqsynyu/bafkreie54iuyhlsi42kmzb33phe2t2weqenge5nmn5odmrgl3jx3dajmhi,https://bsky.app/profile/klimakatastroph.bsky.social/post/3ls24x374yc2a,T,M,N,,some missing legend in the image?,N,klimakatastroph.bsky.social,Hier die Temperatur-Anomalie für Europa für den Montag. Laut ECMWF sind Abweichungen von bis zu +12°C möglich.,de,0.9944,
photo_bluesky_1176.jpg,bluesky,https://cdn.bsky.app/img/feed_fullsize/plain/did:plc:arm26jaesomtis3n5kcdiafe/bafkreif4avmtmn5wnbmdkaco7smlxse2itlfq23b23hmtbji3fhkok557i,https://bsky.app/profile/tomjong.bsky.social/post/3lo2ca4zfdk2x,T,M,Y,climate/food,only shows food statistics not the CO2 emissions,Y,tomjong.bsky.social,,NO_TEXT,0.0,
photo_bluesky_1177.jpg,bluesky,https://cdn.bsky.app/img/feed_fullsize/plain/did:plc:z5i5d5tk4ggk46pxvfqsynyu/bafkreif4pan264nocxc6vwr425mxskbtocrr5rzhe67swhh2hglpkdgtte,https://bsky.app/profile/klimakatastroph.bsky.social/post/3lo2c5l5r7k2b,T,R,Y,climate,drawn on image,Y,klimakatastroph.bsky.social,"Nach Besserung schaut da leider gar nicht aus. Ganz im Gegenteil: Der jährliche CO2-Anstieg war 2024 so hoch wie noch nie und das mit Abstand. (via @leonsimons.bsky.social)
Es braucht ca. 10 Jahre bis CO2 komplett klimawirksam wird, wir spüren also erst die vollen Auswirkungen von 2015...",de,0.9904,
photo_bluesky_1184.jpg,bluesky,https://cdn.bsky.app/img/feed_fullsize/plain/did:plc:r5ofoghdcbtjqiujqpvja4uh/bafkreicrkghwpldejsxf3kyoc4o3fapg7phyylptnpsjozoosmlfbiuauq,https://bsky.app/profile/zekehausfather.com/post/3lnl26k5fyw2r,T,R,N,climate,,N,zekehausfather.com,"That being said, while the approach has been pretty accurate in the past, it has underestimated 2023 and 2024 temperatures, so I might err on the higher end of the uncertainty range.  Others (e.g. @rarohde.bsky.social) have found higher odds of a new record.",en,0.9442,
photo_bluesky_1225.jpg,bluesky,https://cdn.bsky.app/img/feed_fullsize/plain/did:plc:z5i5d5tk4ggk46pxvfqsynyu/bafkreiemcyictavcb6bdpvwnnyw4qn77voe4c5kjtvdanbs2nrgazs3ica,https://bsky.app/profile/klimakatastroph.bsky.social/post/3krgpzuhgus2t,T,R,N,climate,,Y,klimakatastroph.bsky.social,"Trotz des Kälteeinbruchs beträgt die Anomalie +3,1°C & belegt damit Platz 8 der wärmsten Apr. In Station Schöckl war die Abweichung mit +3,8°C am höchsten. Der Niederschlag entsprach mit -4% dem Erwartungswert. Die Anzahl an Sonnenstunden waren mit 19% deutlich über dem Durchschnitt. 2/2",de,0.9976,
photo_bluesky_1227.jpg,bluesky,https://cdn.bsky.app/img/feed_fullsize/plain/did:plc:z5i5d5tk4ggk46pxvfqsynyu/bafkreifq53dogfslqwys7kzxpozpdlubfz5pbxl2h7tuc73bvlzimqqpia,https://bsky.app/profile/klimakatastroph.bsky.social/post/3krgpzuhgus2t,T,R,N,climate,,Y,klimakatastroph.bsky.social,"Trotz des Kälteeinbruchs beträgt die Anomalie +3,1°C & belegt damit Platz 8 der wärmsten Apr. In Station Schöckl war die Abweichung mit +3,8°C am höchsten. Der Niederschlag entsprach mit -4% dem Erwartungswert. Die Anzahl an Sonnenstunden waren mit 19% deutlich über dem Durchschnitt. 2/2",de,0.9976,
photo_bluesky_1249.jpg,bluesky,https://cdn.bsky.app/img/feed_fullsize/plain/did:plc:z5i5d5tk4ggk46pxvfqsynyu/bafkreihkkrkmonlohvqy4lefvs6ogz2b3wl7qbsihhhm2da2agnv7vodku,https://bsky.app/profile/klimakatastroph.bsky.social/post/3kj4novnhxv25,T,R,N,climate,,Y,klimakatastroph.bsky.social,"Die größte Anomalie wurde mit +5°C in Lienz gemessen. Der Niederschlag war bisher um 7% weniger als im langjährigen Schnitt. Kaum Regen gab es in Teilen der Steiermark & Salzburg. 
2/2",de,0.9961,
photo_bluesky_1261.jpg,bluesky,https://cdn.bsky.app/img/feed_fullsize/plain/did:plc:z5i5d5tk4ggk46pxvfqsynyu/bafkreibht5pqfauuthjq6x7su3w54kkgzyrwtn2qoxosupaobgzmej23nq,https://bsky.app/profile/klimakatastroph.bsky.social/post/3kfzvs52rcn2f,T,M,N,climate,,Y,klimakatastroph.bsky.social,"Bei Vergleich mit dem langjährigen Mittel von 1991-2020 beträgt die Abweichung sogar -3,2°C. Im Dezember 2001 war diese mit -3,5°C zuletzt noch niedriger. 2/2",de,0.9979,
photo_bluesky_1271.jpg,bluesky,https://cdn.bsky.app/img/feed_fullsize/plain/did:plc:z5i5d5tk4ggk46pxvfqsynyu/bafkreig4s42zlfl32guvdosil2yqaojmsgxyorou2arpeanhjfe7mbmwba,https://bsky.app/profile/klimakatastroph.bsky.social/post/3keftwkvchd2k,T,M,N,climate,,Y,klimakatastroph.bsky.social,Die Niederschlagsmenge ist mit +160% sehr hoch. Besonders zu merken auf der Wetterstation Feuerkogel. Statt üblichen 51mm regnete es 223. Also mehr als das 4-fache. 3/3,de,0.9938,
photo_bluesky_1280.jpg,bluesky,https://cdn.bsky.app/img/feed_fullsize/plain/did:plc:z5i5d5tk4ggk46pxvfqsynyu/bafkreickc6veh2jbv5eypo7nawyrccg5j5ggk336unnfy2rkts7x5yfjcu,https://bsky.app/profile/klimakatastroph.bsky.social/post/3kd5nij56cu27,T,R,N,climate,,Y,klimakatastroph.bsky.social,"Aktuell ist der Herbst 2023 um +4°C zu warm & übertrifft damit bei Weitem jenen von 2006 mit +2,7°C. 
2023 ist außerdem mit +2,6°C auf dem Weg zum wärmsten Jahr seit 1961 zu werden & damit 2018 (+2,5°C) zu übertreffen. 2/3",de,0.9996,
photo_bluesky_1295.jpg,bluesky,https://cdn.bsky.app/img/feed_fullsize/plain/did:plc:z5i5d5tk4ggk46pxvfqsynyu/bafkreie3ylngd4nisuaqoah7w6xardn6ok3gx3fl4jblrttkeoziwfmpri,https://bsky.app/profile/klimakatastroph.bsky.social/post/3kbscdeay2q2w,T,R,N,climate,,Y,klimakatastroph.bsky.social,"Besonders warm war es zB in Lienz. Statt üblichen 10,9°C gab es im Mittel 16,1°C, das eine Anomalie von +5,2°C bedeutet.
Auch beachtlich die Anzahl an Sonnenstunden. Diese waren um 36% höher als im Mittel. So hoch wie seit 1971 (60%) nicht mehr. 2/3",de,0.9922,
photo_bluesky_1298.jpg,bluesky,https://cdn.bsky.app/img/feed_fullsize/plain/did:plc:z5i5d5tk4ggk46pxvfqsynyu/bafkreig4766e3e3yshwb3b7jccexajxnaud5tmh5ejuzw5xsnuhynx6boe,https://bsky.app/profile/klimakatastroph.bsky.social/post/3kbscfrwkdv2k,T,R,N,climate,,Y,klimakatastroph.bsky.social,"Der Niederschlag beträgt -59%, nur im östlichen Teil hat es durchschnittlich geregnet. In Linz praktisch gar nicht (2mm statt 23mm).
Gesamt 2023 ist bisher mit +2,6°C, so warm wie kein anderes Jahr. Platz 2 ist 2018 mit +2,5°C. 3/3",de,0.9988,
photo_bluesky_1308.jpg,bluesky,https://cdn.bsky.app/img/feed_fullsize/plain/did:plc:z5i5d5tk4ggk46pxvfqsynyu/bafkreihogat3bdzhf2q32pvebjszyobgdosiedf263wb2apezmpme6na64,https://bsky.app/profile/klimakatastroph.bsky.social/post/3mssexv6ux22w,T,M,N,climate,probably opinion and misinformation as it is just a minor time window,Y,klimakatastroph.bsky.social,"Es ist Sommer 😎😎 

#Dürre
#Klimakrise",de,0.9998,
photo_bluesky_1330.jpg,bluesky,https://cdn.bsky.app/img/feed_fullsize/plain/did:plc:z5i5d5tk4ggk46pxvfqsynyu/bafkreif4kqkoublmqgyonebxhql3w5zh7if5bvsaadn3xcepgjnd6uxhoi,https://bsky.app/profile/klimakatastroph.bsky.social/post/3mqbywt7hg222,T,R,N,climate,,Y,klimakatastroph.bsky.social,"#Frankreich erlebt 2026 einer der schlimmsten #Waldbrand Saisonen seit 2006. Bild zeigt die kumulierten verbrannten Flächen. 
Ich habe gar nicht mitbekommen, dass es dort bereits im Februar zu massiven Waldbränden gekommen ist.

forest-fire.emergency.copernicus.eu/apps/effis.s...",de,0.994,
photo_bluesky_1342.jpg,bluesky,https://cdn.bsky.app/img/feed_fullsize/plain/did:plc:z5i5d5tk4ggk46pxvfqsynyu/bafkreiho27yot522fixbjczixgpitze65y3im3kersfj6zqa34nx76oee4,https://bsky.app/profile/klimakatastroph.bsky.social/post/3mpe5plqppk2d,T,M,N,climate,,N,klimakatastroph.bsky.social,"Ich habe mir die Modelle noch näher angesehen & das ECMWF ENS & GEFS gewählt. Sie nutzen gesamt 80 Berechnungen. Das Modell mit der negativen Anomalie dürfte ein Ausreißer sein. Modelle zeigen ein stabiles, übereinstimmendes Hitzesignal. #Hitzewelle ist daher am wahrscheinlichsten.",de,0.9986,
photo_bluesky_1356.jpg,bluesky,https://cdn.bsky.app/img/feed_fullsize/plain/did:plc:z5i5d5tk4ggk46pxvfqsynyu/bafkreifsmlph3ayftfhccutdkjhlrpxeaipsaa5ardt2u24e7qofg4yb44,https://bsky.app/profile/klimakatastroph.bsky.social/post/3mijnqr5upc2y,T,R,N,emissions/climate,,Y,klimakatastroph.bsky.social,"Es ist wieder soweit: Heute, dem 2.4.2026, hat Österreich seinen #EarthOvershootDay.",de,0.999,
photo_bluesky_1357.jpg,bluesky,https://cdn.bsky.app/img/feed_fullsize/plain/did:plc:z5i5d5tk4ggk46pxvfqsynyu/bafkreiab2nw3odyqltzrgcdigoh3jy2zer7mck5jd4jaancxf56gchvc4i,https://bsky.app/profile/klimakatastroph.bsky.social/post/3mhyiczdqys2a,T,R,N,climate,,Y,klimakatastroph.bsky.social,"Wir sind aktuell in einer neutralen Phase. Nach aktuellen Schätzungen (die Punkte) ist die #MeeresOberflächenTemperatur so hoch wie noch nie, im Vgl. zum selben gemessenen Zeitpunkt. #ElNino wird bald erwartet (vermutlich noch heuer). Was dann los sein wird...
#Klimakrise #Ozean",de,0.9978,
photo_bluesky_1359.jpg,bluesky,https://cdn.bsky.app/img/feed_fullsize/plain/did:plc:z5i5d5tk4ggk46pxvfqsynyu/bafkreig2g5cysplezd7wdckss3ne2re5yogchznkha33vluyzq72rtco7y,https://bsky.app/profile/klimakatastroph.bsky.social/post/3mfalk3nibc2z,T,M,N,climate,some missing legend in the image?,N,klimakatastroph.bsky.social,"Ähnliche Zutaten wie beim Hochwasser Sept. 2024 (Vb-ähnlich): Mittelmeer-Feuchte + Hebung – nur ist es jetzt kalt genug, daher #Schnee statt Regen. #Wien #ItalienTief @uwz.bsky.social 
uwz.at",de,0.9778,
photo_bluesky_1394.jpg,bluesky,https://cdn.bsky.app/img/feed_fullsize/plain/did:plc:z5i5d5tk4ggk46pxvfqsynyu/bafkreihjnpduxrgku5v5sydjk6ntuly3safikvtkwvqhaokjc4ihfibixy,https://bsky.app/profile/klimakatastroph.bsky.social/post/3mcfrygdsu22r,T,R,N,climate,,Y,klimakatastroph.bsky.social,"Wie zu erwarten war 2025 mit +1,47°C (im Vgl. zu 1850-1900) global das drittwärmste Jahr seit Aufzeichnung & nur um 0,01°C kühler als 2023. 2024 bleibt das wärmste Jahr.
Erstmals ist der 3-Jahres Durchschnitt (2023-2025) über 1,5°C.
#Klimakrise #Hitze 

climate.copernicus.eu/sites/defaul...",de,0.9912,
photo_bluesky_1396.jpg,bluesky,https://cdn.bsky.app/img/feed_fullsize/plain/did:plc:z5i5d5tk4ggk46pxvfqsynyu/bafkreihciqidgbhyvmnhhvxcl4jztlmjlcakicp3u47znkfpvn4jcsvajy,https://bsky.app/profile/klimakatastroph.bsky.social/post/3mcdeo6ymb22a,T,R,N,cliamte,,N,klimakatastroph.bsky.social,"Wie außergewöhnliche die aktuelle #Kältewelle aufgrund der #Klimakrise ist zeigt dieses Temperatur-Anomalie Bild:
Oben: Abweichung für Jänner 2026 (bis 12.1.)  im Vgl. zu 1961-1990 ""nur"" -1,7°C.
Unten: -4,2°C (!) im Vgl. zu 1991-2020. Diese #Kälte kommt also mittlerweile sehr selten vor.",de,0.9966,
photo_bluesky_1413.jpg,bluesky,https://cdn.bsky.app/img/feed_fullsize/plain/did:plc:z5i5d5tk4ggk46pxvfqsynyu/bafkreifkvldkfqr6kcxyfuu2yfgzg6jnoi2wdl7aylknaru5gtjayitihi,https://bsky.app/profile/klimakatastroph.bsky.social/post/3mb7jiz5des2a,T,R,Y,climate,,Y,klimakatastroph.bsky.social,"Ah, 12-jährige Burschen die zu Silvester zündeln gab es früher nicht? Blöd nur, dass es ziemlich trocken ist (im Dezember gab es sehr wenig Niederschlag) und, dass dies durch die #Klimakrise immer häufiger passiert. Ursachen-Wirkung ist nicht so die Stärke von ""mz_storymakers"".",de,0.9972,
photo_bluesky_1499.jpg,bluesky,https://cdn.bsky.app/img/feed_fullsize/plain/did:plc:lb7jeizjwxjcn3bvkohqxkba/bafkreigpwilbg5euki2qd2eihrghfxa7dbrabjx5yqwciewozhychcey4u,https://bsky.app/profile/climatecasino.net/post/3lzj665frwc2y,T,M,Y,climate,,Y,climatecasino.net,"For those keeping track (and who isn't?), the planet is now at day 3 at 1.65C above the 1850-1900 pre-industrial baseline.

While MSM sells outrage 24/7 with Kimmel, Tylenol, Putin, Israel... collapse just doesn't make the cut. Do folks care about the end of everything anymore?",en,0.8909,
photo_bluesky_1509.jpg,bluesky,https://cdn.bsky.app/img/feed_fullsize/plain/did:plc:z5i5d5tk4ggk46pxvfqsynyu/bafkreicr27hapvk5gmhkd77jnlt7rthdv5mqdvvepowb5tpnzawiyynkei,https://bsky.app/profile/klimakatastroph.bsky.social/post/3lyxr7b777k2l,T,M,Y,climate,,N,klimakatastroph.bsky.social,So schauen übrigens die globalen #Naturkatastrophen Schäden für das 1. Halbjahr 2025 aus. Weit über den 10- und 30-jährigen Durchschnitt. Zum Glück hat die Bekämpfung der #Klimakrise höchste Priorität 😎.,de,0.9953,
photo_bluesky_1581.jpg,bluesky,https://cdn.bsky.app/img/feed_fullsize/plain/did:plc:z5i5d5tk4ggk46pxvfqsynyu/bafkreicuf6e4ajbsheolgbsnr774rxj3ix2btf3fe367gesizj6sh2kuwy,https://bsky.app/profile/klimakatastroph.bsky.social/post/3lvdztyqbcs2u,T,R,N,climate,,Y,klimakatastroph.bsky.social,"Der Juli 2025 war in Österreich übrigens nicht zu kalt, sondern sogar um +1,4°C zu warm (im Vgl. zu 1961-1990). Auch wenn es sich anders angefühlt hat. Was allerdings korrekt ist: Es war deutlich zu nass und das um +46%.
klimaportal.geosphere.at/klimamonitor...",de,0.9585,
photo_bluesky_1595.jpg,bluesky,https://cdn.bsky.app/img/feed_fullsize/plain/did:plc:z5i5d5tk4ggk46pxvfqsynyu/bafkreieqryyxqie575fh2baf54uvms6aknyiiyfxfhjszdfo65wz3zgroy,https://bsky.app/profile/klimakatastroph.bsky.social/post/3luq6u2s4xs2j,T,R,N,climate,,Y,klimakatastroph.bsky.social,"Mit dem 24.7.2025 ist der #EarthOvershootDay so früh wie noch nie. 1971 war es noch im Dezember, 2024 am 1. August. #Erdüberlastungstag 

Artikel: www.stiftung-meeresschutz.org/presse/erdue...",de,0.9942,
photo_bluesky_1618.jpg,bluesky,https://cdn.bsky.app/img/feed_fullsize/plain/did:plc:z5i5d5tk4ggk46pxvfqsynyu/bafkreigwlvyyvnltvkv2ghf5h3i6st3tjmaskpqvem7aql6x6ft7qwf23q,https://bsky.app/profile/klimakatastroph.bsky.social/post/3ltjykhaibs2g,T,M,Y,finance,,N,klimakatastroph.bsky.social,"Passend zu ""Klimaschutz ist out"": Banken finanzierten global 2024 wieder mehr Kohleprojekte. Stört dann wohl auch niemanden. #Energiewende 
#Klimakrise 

stillbankingoncoal.org/sites/defaul...",de,0.9579,
photo_bluesky_1642.jpg,bluesky,https://cdn.bsky.app/img/feed_fullsize/plain/did:plc:z5i5d5tk4ggk46pxvfqsynyu/bafkreifboatwp64lpp26m4xlar7fstvke6kfo754s2xklfz5wces5zkax4,https://bsky.app/profile/klimakatastroph.bsky.social/post/3lsocjngqjc2c,T,R,N,climate,,Y,klimakatastroph.bsky.social,"Auch #Seen in Kärnten wärmen sich sehr stark auf. Der #Weißensee ist  meist im Juli oder August auch nicht wärmer als aktuell. Die Abweichung beträgt über +4°C (!). @uwz.bsky.social 

#Klimakrise",de,0.9998,
photo_bluesky_1658.jpg,bluesky,https://cdn.bsky.app/img/feed_fullsize/plain/did:plc:z5i5d5tk4ggk46pxvfqsynyu/bafkreicab7rsd3cdzckjtcipetsteku7cxu4s2s5q4ibxlgxgxtg3f4rji,https://bsky.app/profile/klimakatastroph.bsky.social/post/3ls4aajrthk2l,T,M,N,climate,,N,klimakatastroph.bsky.social,"Heute ist #ShowYourStripes day, darum zeige ich die Temperaturentwicklung für Wien (seit 1775).
Zeigt auch eure Stripes und geht auf showyourstripes.info

#Klimakrise",de,0.9986,
photo_bluesky_1666.jpg,bluesky,https://cdn.bsky.app/img/feed_fullsize/plain/did:plc:z5i5d5tk4ggk46pxvfqsynyu/bafkreih6xxjiuwuuwctuzyjriyh34omwnyebzucfdhwvicf3gp6qcx3qhq,https://bsky.app/profile/klimakatastroph.bsky.social/post/3lrt23cda4s2i,T,R,N,climate,,Y,klimakatastroph.bsky.social,"Heute wurde der 2. 🇦🇹 #Sachstandsbericht veröffentlicht. 🇦🇹 hat sich bereits um 3,1°C erwärmt. Was ändert sich für 🇦🇹 in einer globalen 3°C wärmeren Welt (auf deren Pfad wir mind. sind) für 10-Jahres Ereignisse?

- Starkniederschlag: +20,3%
- Hitze: 5,7-mal häufiger
- Dürre: 4,8 häufiger

#Klimakrise",de,0.9977,
photo_bluesky_1687.jpg,bluesky,https://cdn.bsky.app/img/feed_fullsize/plain/did:plc:z5i5d5tk4ggk46pxvfqsynyu/bafkreicdkvwwhhw65pplay2sv2wf4cdmp3inljamm5sfgndjvgoydw4ytm,https://bsky.app/profile/klimakatastroph.bsky.social/post/3lqiu4f4rdc2t,T,M,N,climate/finance,,Y,klimakatastroph.bsky.social,"Ein weiteres Beispiel wie Klimaverharmloser versuchen das Bild zu verzerren: Hier werden globale Wetterschäden mit dem BIP verglichen. Es suggeriert eine Abnahme der Schäden. Nur das BIP hat sich seit 1990 vervielfacht, steigt das BIP mehr als die Schäden, dann Abnahme. Absolut gab es eine Zunahme.",de,0.9983,
photo_bluesky_1705.jpg,bluesky,https://cdn.bsky.app/img/feed_fullsize/plain/did:plc:z5i5d5tk4ggk46pxvfqsynyu/bafkreigzewfcfbf5tqtexpq3ejgmz6rwhgehbpub4hsyhk6wkybzxf5nyy,https://bsky.app/profile/klimakatastroph.bsky.social/post/3lq3unbcufc2z,T,R,N,cliamte,,Y,klimakatastroph.bsky.social,"24 Monate (!) in Folge (05/2023 - 04/2025) war jeder Monat zu warm in 🇦🇹. Nach 04/2023, könnte erstmals auch der 05/2025 unterdurchschnittlich werden. 
Seit fast 3 Wochen gibt es in #Wien eine negative Anomalie. Es dürften noch mehr Tage als im 04/2023 & vergleichbar mit 05/2021 werden.",de,0.9955,
photo_bluesky_1725.jpg,bluesky,https://cdn.bsky.app/img/feed_fullsize/plain/did:plc:z5i5d5tk4ggk46pxvfqsynyu/bafkreibx2qbyvnkci34tyywisac2ic76ji5txeupycgpmmzqwwwtsgvfcu,https://bsky.app/profile/klimakatastroph.bsky.social/post/3lphuhyw6bc2d,T,R,N,climate,,N,klimakatastroph.bsky.social,"Auch diese #Umfrage (2024) zeigt, dass Umwelt- und #Klimaschutz in 🇩🇪 immer mehr out ist. Nur 54% bewerten es als ""sehr wichtig"" & liegt damit wieder auf dem Wert von 2016. 2020 waren es noch 65%. Auffällig: Klima ist für die Jüngeren unwichtiger: 18-29 Jahre: 44% vs >65 J.: 63%",de,0.9954,
photo_bluesky_1758.jpg,bluesky,https://cdn.bsky.app/img/feed_fullsize/plain/did:plc:z5i5d5tk4ggk46pxvfqsynyu/bafkreifbf2afdajipmrys6jsypw2hq6bntzqo6gllo75wjbupycc334xmu,https://bsky.app/profile/klimakatastroph.bsky.social/post/3lodszrlask2i,T,M,Y,climate,daily value can be outlier,Y,klimakatastroph.bsky.social,"Dass wir bereits Anfang Mai #Hitzetage erleben ist nicht normal. Die Anomalie des gestrigen Tages betrug +7,5°C.",de,0.9957,
photo_bluesky_1767.jpg,bluesky,https://cdn.bsky.app/img/feed_fullsize/plain/did:plc:z5i5d5tk4ggk46pxvfqsynyu/bafkreif4pan264nocxc6vwr425mxskbtocrr5rzhe67swhh2hglpkdgtte,https://bsky.app/profile/klimakatastroph.bsky.social/post/3lo2c5l5r7k2b,T,R,Y,climate,drawn on image,Y,klimakatastroph.bsky.social,"Nach Besserung schaut da leider gar nicht aus. Ganz im Gegenteil: Der jährliche CO2-Anstieg war 2024 so hoch wie noch nie und das mit Abstand. (via @leonsimons.bsky.social)
Es braucht ca. 10 Jahre bis CO2 komplett klimawirksam wird, wir spüren also erst die vollen Auswirkungen von 2015...",de,0.9904,
photo_bluesky_1820.jpg,bluesky,https://cdn.bsky.app/img/feed_fullsize/plain/did:plc:z5i5d5tk4ggk46pxvfqsynyu/bafkreig4egp3prqt3ziircg4nlfepdjwisn6ppzohxukcnhjqwvfczml2e,https://bsky.app/profile/klimakatastroph.bsky.social/post/3lk3mwzzikc2o,T,R,N,climate,,Y,klimakatastroph.bsky.social,"So schaut es aktuell mit dem Niederschlag seit Jahresbeginn in 🇦🇹 aus: Es gab 54% weniger Regen als im Mittel. Auf der Hohen Warte in Wien sogar -85% (!) - besorgniserregend #Dürre 
#Klimakrise 

Artikel: orf.at/stories/3387...",de,0.9756,
photo_bluesky_1865.jpg,bluesky,https://cdn.bsky.app/img/feed_fullsize/plain/did:plc:z5i5d5tk4ggk46pxvfqsynyu/bafkreifwh5tzdgd46sep3kbu77biwn3txeeh677vu3orhkyfrfzvh2ty2e,https://bsky.app/profile/klimakatastroph.bsky.social/post/3lgnwnqrtqc2v,T,R,N,cliamte,,Y,klimakatastroph.bsky.social,"Nope, nach Abkühlung schaut das trotz La Nina nicht aus. Aktuell (Stand: 20.1.2025) ist die globale Temperatur zu dieser Jahreszeit noch nie so hoch gewesen (rote Linie), seit es diesen Daten gibt (seit 1940).",de,0.998,
photo_bluesky_1904.jpg,bluesky,https://cdn.bsky.app/img/feed_fullsize/plain/did:plc:z5i5d5tk4ggk46pxvfqsynyu/bafkreihiwmm7winuerq45lyjtk36onbcwtu7hkomgqjrhjkfezgahlslmu,https://bsky.app/profile/klimakatastroph.bsky.social/post/3lekaspwnas2q,T,R,Y,climate,,Y,klimakatastroph.bsky.social,"Die Hagelversicherung zieht Bilanz über das Klimajahr 2024 in 🇦🇹. Die #Klimakrise verursachte 260 Millionen € Schäden in der #Landwirtschaft. 

- Dürre: 150M € 
- Spätfrost: 60M € 
- Hagel, Sturm & Überschwemmung: 50M €  

Ein weiteres  katastrophales Jahr.

Aussendung:
www.hagel.at/presseaussen...",de,0.9191,
photo_bluesky_1918.jpg,bluesky,https://cdn.bsky.app/img/feed_fullsize/plain/did:plc:z5i5d5tk4ggk46pxvfqsynyu/bafkreidbh67xyuf2a7fivwg5dxpeubhj3ew7pnaudgcu4rxwcgmfv7szxa,https://bsky.app/profile/klimakatastroph.bsky.social/post/3lcvhzphbr222,T,R,N,climate,,Y,klimakatastroph.bsky.social,"2024 war global der 2. wärmste November.
Das komplette Jahr 2024 ist weiter auf dem Weg erstmals die 1,5°C Grenze zu überschreiten. #Hitze
#Klimakrise",de,0.998,
photo_bluesky_1921.jpg,bluesky,https://cdn.bsky.app/img/feed_fullsize/plain/did:plc:z5i5d5tk4ggk46pxvfqsynyu/bafkreigstbz5xyovjugjgrnuz22wncwqtfan4dmqcucboqrirpgsotug74,https://bsky.app/profile/klimakatastroph.bsky.social/post/3lcfwgpnrj22o,T,R,Y,climate,,N,klimakatastroph.bsky.social,"Jeder Fortschritt der letzten Jahre beim #Klima wird jetzt versucht rückgängig zu machen - im Namen des Budgets. Kurzsichtiger geht wohl kaum. Zukunft egal.
#Klimakrise",de,0.9981,
photo_bluesky_1931.jpg,bluesky,https://cdn.bsky.app/img/feed_fullsize/plain/did:plc:z5i5d5tk4ggk46pxvfqsynyu/bafkreiemcyictavcb6bdpvwnnyw4qn77voe4c5kjtvdanbs2nrgazs3ica,https://bsky.app/profile/klimakatastroph.bsky.social/post/3krgpzuhgus2t,T,R,N,climate,,Y,klimakatastroph.bsky.social,"Trotz des Kälteeinbruchs beträgt die Anomalie +3,1°C & belegt damit Platz 8 der wärmsten Apr. In Station Schöckl war die Abweichung mit +3,8°C am höchsten. Der Niederschlag entsprach mit -4% dem Erwartungswert. Die Anzahl an Sonnenstunden waren mit 19% deutlich über dem Durchschnitt. 2/2",de,0.9976,
photo_bluesky_1934.jpg,bluesky,https://cdn.bsky.app/img/feed_fullsize/plain/did:plc:z5i5d5tk4ggk46pxvfqsynyu/bafkreibc4ltdzuwcfnq27svy6eh63eaa3q3yfbwqxq6nomfx5rbjrsxmca,https://bsky.app/profile/klimakatastroph.bsky.social/post/3krgpzuhgus2t,T,R,N,climate,,Y,klimakatastroph.bsky.social,"Trotz des Kälteeinbruchs beträgt die Anomalie +3,1°C & belegt damit Platz 8 der wärmsten Apr. In Station Schöckl war die Abweichung mit +3,8°C am höchsten. Der Niederschlag entsprach mit -4% dem Erwartungswert. Die Anzahl an Sonnenstunden waren mit 19% deutlich über dem Durchschnitt. 2/2",de,0.9976,
photo_bluesky_1936.jpg,bluesky,https://cdn.bsky.app/img/feed_fullsize/plain/did:plc:z5i5d5tk4ggk46pxvfqsynyu/bafkreied57labfc3szc3rq5vh2mzhhaq2h3etpfcoiuofrgoad6nk7vgci,https://bsky.app/profile/klimakatastroph.bsky.social/post/3kr6tvpgrnw25,T,R,N,climate,some missing legend in the image?,N,klimakatastroph.bsky.social,"Nun ist es offiziell: Der Hauptgrund für schwere Flut in #Dubai und #Oman war NICHT #CloudSeeding, sondern die #Klimakrise, #ElNino und die schnelle Urbanisierung. Das ergab die Attributionsstudie.

www.worldweatherattribution.org/heavy-precip...",de,0.9775,
photo_bluesky_1964.jpg,bluesky,https://cdn.bsky.app/img/feed_fullsize/plain/did:plc:z5i5d5tk4ggk46pxvfqsynyu/bafkreibzy6rt5vazmlh7h7kuawxy2h6o74jbrul2a4xji5eatxcj4ak52y,https://bsky.app/profile/klimakatastroph.bsky.social/post/3kny72h3pim25,T,R,N,climate,,Y,klimakatastroph.bsky.social,"#Obstbauern warnen vor #Frostgefahr:
""Aufgrund der milden Witterung der vergangenen Wochen und der dadurch um teilweise mehr als 10 Tage verfrühten #Vegetation, ist vor allem die #Marillenblüte massiv gefährdet"" Grund: die #Klimakrise
www.hagel.at/presseaussen...",de,0.9963,
photo_bluesky_1967.jpg,bluesky,https://cdn.bsky.app/img/feed_fullsize/plain/did:plc:z5i5d5tk4ggk46pxvfqsynyu/bafkreiclhain3y6qnihdlkghjwh2owxachyh4wa2qfusu4aaacntuk2uaq,https://bsky.app/profile/klimakatastroph.bsky.social/post/3kntlyvfsmt2g,T,R,N,climate,,Y,klimakatastroph.bsky.social,"Zwischenfazit März 2024 in 🇦🇹: Nach dem der Feb 2024 die jemals höchst gemessene Anomalie (+6,7°C) seit Messbeginn brachte, könnte 2024, mit einer Anomalie von +4,8°C, der wärmste März folgen (Platz 2: +4,2°C, 2017). Diese war besonders im Osten spürbar. 1/2
#Klimakrise",de,0.9976,
photo_bluesky_1973.jpg,bluesky,https://cdn.bsky.app/img/feed_fullsize/plain/did:plc:z5i5d5tk4ggk46pxvfqsynyu/bafkreicpiqkhkh33u24qthb5lw22ojrg3afytwfafepu6njrpl44ahy7pi,https://bsky.app/profile/klimakatastroph.bsky.social/post/3kngpcc72qh2y,T,R,N,climate,,Y,klimakatastroph.bsky.social,"21,2°C! Neuer Höchstwert bei der globalen #Meerestemperatur. Seit fast einem Jahr jeden Tag auf Rekordkurs. Dies befeuert #Extremwetter wie zB Überschwemmungen, Hurrikans, #Massensterben im Ozean, ...
#Klimakrise 

climatereanalyzer.org/clim/sst_daily/",de,0.9497,
photo_bluesky_1981.jpg,bluesky,https://cdn.bsky.app/img/feed_fullsize/plain/did:plc:z5i5d5tk4ggk46pxvfqsynyu/bafkreihi7hsybqwj4nfje7fa3353x5gnb3xfbaecnotqslucys2mlc5anu,https://bsky.app/profile/klimakatastroph.bsky.social/post/3kmpwjdfhxn27,T,R,N,climate,,Y,klimakatastroph.bsky.social,"Fazit Feb 2024 in 🇦🇹: Was für ein Monat. Bereits im 2. Monat dieses Jahres gibt es einen neuen Rekord. Mit einer Anomalie von +6,7°C gab es noch nie einen Monat (seit 1961) mit einer so hohen Abweichung. Platz 2: 5,7°C (Apr 2018). Die größte Anomalie wurde mit +8°C in Eisenstadt gemessen. 1/2",de,0.9987,
photo_bluesky_1982.jpg,bluesky,https://cdn.bsky.app/img/feed_fullsize/plain/did:plc:z5i5d5tk4ggk46pxvfqsynyu/bafkreihdbfa3fj4soaiicnb4fyrh35xijpg5amsh4auebcgy2p3tmdb5ea,https://bsky.app/profile/klimakatastroph.bsky.social/post/3kmiqlqqfp72l,T,R,N,climate,,Y,klimakatastroph.bsky.social,"Seit Mitte Februar hat sich die #Waldbrand Aktivität im #Amazonas stark erhöht. Nun meldet #Copernicus, rekordverdächtige Emissionen aus dem Amazonas, aufgrund der erhöhten Feueraktivität .
#Klimakrise

Nähere Infos: atmosphere.copernicus.eu/february-ama...",de,0.9849,
photo_bluesky_1985.jpg,bluesky,https://cdn.bsky.app/img/feed_fullsize/plain/did:plc:z5i5d5tk4ggk46pxvfqsynyu/bafkreicichsgtzficvwcyykodo5vnvchwiztfb5tsgekcou64m6ry3beqi,https://bsky.app/profile/klimakatastroph.bsky.social/post/3km3wvxkjo32r,T,R,N,climate,,Y,klimakatastroph.bsky.social,"Der Feb 2024 hat noch immer eine Anomalie von unglaublichen +7,2°C in 🇦🇹. Das ist nicht nur der höchste Feb-Wert, sondern kein Monat hatte jemals (seit 1961) eine so hohe Abweichung. Das ist ein absoluter Rekord. Weit abgeschlagen Platz 2: Apr 2018 mit +5,7°C #Klimakrise",de,0.9991,
photo_bluesky_1997.jpg,bluesky,https://cdn.bsky.app/img/feed_fullsize/plain/did:plc:z5i5d5tk4ggk46pxvfqsynyu/bafkreiak7hs7n7j373b4cnjbi3nsff2lt72igyapflybnww3px34pgi7dq,https://bsky.app/profile/klimakatastroph.bsky.social/post/3kl3dj2nmmk26,T,R,N,"climate
",,Y,klimakatastroph.bsky.social,"Übrigens beginnen sich bereits seit den 1960er die Jahreszeiten aufgrund der #Klimakrise zu verändern: 

- Planzen beginnen immer früher zu blühen 
- Blattfall kommt später 
- Vegetationsperiode dauert länger an 

Wie schaut das dann erst in einer 3°C wärmeren Welt aus? #Phänologie",de,0.9963,
photo_bluesky_2023.jpg,bluesky,https://cdn.bsky.app/img/feed_fullsize/plain/did:plc:z5i5d5tk4ggk46pxvfqsynyu/bafkreic223qgwwys37pvuyxraviptbojynvkb4ojcfh5vpusqnctbrxxwu,https://bsky.app/profile/klimakatastroph.bsky.social/post/3kj4nnhonls2q,T,R,N,climate,,Y,klimakatastroph.bsky.social,"Zwischenfazit Januar in 🇦🇹: Die ersten 8 Tage des neuen Jahres begannen mit einer Anomalie von +4,7°C extrem warm. Die restlichen Tage gleichten sich der Jahreszeit entsprechend an, sodass die Abweichung bei +2,7°C liegt (Platz 17 der wärmsten Jan.). Platz 1: +5,3°C (2007). 
1/2
 #Klimakrise",de,0.995,
photo_bluesky_2034.jpg,bluesky,https://cdn.bsky.app/img/feed_fullsize/plain/did:plc:z5i5d5tk4ggk46pxvfqsynyu/bafkreibxtphz3c24osbogwcmrvylxnchzvob6easrfobomavkf6ld4pxcq,https://bsky.app/profile/klimakatastroph.bsky.social/post/3kidirqeomc26,T,R,N,climate,,Y,klimakatastroph.bsky.social,"Nächste Wochen passen sich die Temperaturen endlich der Jahreszeit an, denn die ersten 5 Jänner-Tage hatten es echt in sich: In 🇦🇹 betrug die Anomalie +5,6°C. In Hohenau war die Abweichung sogar +7,8°C, in Wien +7°C. 
#Klimakrise",de,0.9736,
photo_bluesky_2041.jpg,bluesky,https://cdn.bsky.app/img/feed_fullsize/plain/did:plc:z5i5d5tk4ggk46pxvfqsynyu/bafkreifs5nkfw4etrf4qxfsz5ozxk6bcbxsyky4dy66rvza3n65wbuhmie,https://bsky.app/profile/klimakatastroph.bsky.social/post/3khztrti25b2t,T,R,N,climate,,Y,klimakatastroph.bsky.social,"Wie warm war es 2023 in 🇦🇹? In Klammer das Monatsranking im Vgl. zum gleichen Monat.
Nur der Apr. verlief unterdurchschnittlich. 6/12 Monate waren in den Top-10. Neue Rekorde gab es im Sep. & Okt., Dez. Platz 2. Der Durchschnitt belief sich auf +2,6°C (orange Linie)
#Klimakrise",de,0.997,
photo_bluesky_2055.jpg,bluesky,https://cdn.bsky.app/img/feed_fullsize/plain/did:plc:z5i5d5tk4ggk46pxvfqsynyu/bafkreigxxmepas6kklebt3mszkhk5dvmyi65dgdhv3n5uq3d2hfmxexjum,https://bsky.app/profile/klimakatastroph.bsky.social/post/3khhcqweiyj2x,T,M,N,climate,daily value,Y,klimakatastroph.bsky.social,"Gestern betrug die Anomalie +10,3°C in 🇦🇹. 
#Klimakrise",de,0.692,
photo_bluesky_2056.jpg,bluesky,https://cdn.bsky.app/img/feed_fullsize/plain/did:plc:z5i5d5tk4ggk46pxvfqsynyu/bafkreig5t2av7az7qvyq54xorhcwqba3pjfprwofhmoubxau53rfhvsxiy,https://bsky.app/profile/klimakatastroph.bsky.social/post/3khfeiac24u2i,T,R,N,climate,,Y,klimakatastroph.bsky.social,"Die Anomalie von +7,3°C am gestrigen Heiligabend war die zweithöchste Abweichung seit 1961 an einem 24.12. in 🇦🇹. Nur 2022 war es mit +7,9°C noch wärmer. 
#Klimakrise",de,0.9942,
photo_bluesky_2070.jpg,bluesky,https://cdn.bsky.app/img/feed_fullsize/plain/did:plc:z5i5d5tk4ggk46pxvfqsynyu/bafkreicjlfpd7tykymrjvtat4lcem7u5df5c3ivq6f4yqkgp2rc3ja26ya,https://bsky.app/profile/klimakatastroph.bsky.social/post/3kgriarvjwc2z,T,R,N,climate,,N,klimakatastroph.bsky.social,"2023 haben wir 5 Monate lang 1,5 Grad überschritten. So fühlen sich also 1,5 Grad an 🫠🫠😅. Nächstes Jahr testen wir dann 2 Grad? 🤷‍♂️ Wenn 1,5 Grad schon so unfassbar heiß waren, dann wird klar, dass eine 3 Grad wärmere Welt eine #Klimakatastrophe gleichzusetzen ist. @leonsimons.bsky.social",de,0.9875,
photo_bluesky_2084.jpg,bluesky,https://cdn.bsky.app/img/feed_fullsize/plain/did:plc:z5i5d5tk4ggk46pxvfqsynyu/bafkreic4enp2u3zzbmeviunec4yc57kdqcd3bnpsimarstp2j3f5yfsnpa,https://bsky.app/profile/klimakatastroph.bsky.social/post/3kgf3nbklzz2z,T,M,N,emissions/climate,,Y,klimakatastroph.bsky.social,"Alleine die heurigen Feuer in #Kanada emittierten 23% aller durch Waldbrände verursachte CO2-Emissionen. (480 Megatonnen CO2 vs 2.100). Dieser neue Rekord beträgt fast 5-mal so hoch, wie der 20-jährige Durchschnitt.
Bericht von Copernicus: atmosphere.copernicus.eu/copernicus-c...

#Klimakrise",de,0.8956,
photo_bluesky_2100.jpg,bluesky,https://cdn.bsky.app/img/feed_fullsize/plain/did:plc:z5i5d5tk4ggk46pxvfqsynyu/bafkreifjxnlvcruif5b2vtfs6xtjwfxtmyvyayjuo3b7o6gpzedzphxnwq,https://bsky.app/profile/klimakatastroph.bsky.social/post/3kfsowhhkd42b,T,M,Y,climate,,N,klimakatastroph.bsky.social,"Kein Beschluss der Welt (Kyoto-Protokoll, Paris-Agreement) konnte bisher die jährlich, steigenden #CO2-Emissionen verhindern. Nur durch Krisen gab es kurzfristig einen Rückgang. #COP28  
#Klimakrise",de,0.9708,
photo_bluesky_2125.jpg,bluesky,https://cdn.bsky.app/img/feed_fullsize/plain/did:plc:z5i5d5tk4ggk46pxvfqsynyu/bafkreiflb2xxdm7f6kqprg6pzydtql5qx7tqoqrhu3onnvijy57jlzjs2e,https://bsky.app/profile/klimakatastroph.bsky.social/post/3kf3yjtcj542c,T,M,Y,climate,,N,klimakatastroph.bsky.social,"Aber China! 
Schaut man sich die kumulativen Emissionen (1751-2020) pro Kopf an, dann wird ganz schnell klar wer die historische Verantwortung für die #Klimakrise trägt: Es ist der Globale Norden. 🇩🇪 liegt auf Platz 3, hinter U.K. & USA.
www.youtube.com/watch?v=NXDW...",de,0.989,
photo_bluesky_2126.jpg,bluesky,https://cdn.bsky.app/img/feed_fullsize/plain/did:plc:z5i5d5tk4ggk46pxvfqsynyu/bafkreibf2lp5mzioqyv7xnpxxpxyawsaatmwky3q2jsroz6bxmblotu2ky,https://bsky.app/profile/klimakatastroph.bsky.social/post/3kf3xbafbbe2i,T,M,Y,climate,,N,klimakatastroph.bsky.social,"Ganz wichtig: Die Mehrheit der heutigen & zukünftigen globalen Emissionen stammen vom Globalen Süden. Länder die natürlich ihren Lebensstandard erhöhen wollen. Darum müssen wir (der Globale Norden) sie bei der Transformation auf #Erneuerbare unterstützen.
www.youtube.com/watch?si=7Qn...",de,0.982,
photo_bluesky_2133.jpg,bluesky,https://cdn.bsky.app/img/feed_fullsize/plain/did:plc:z5i5d5tk4ggk46pxvfqsynyu/bafkreieaj3auqbdgah2a2xkgxkis3ilnnsnhfchxbduooguzuefyo26ptq,https://bsky.app/profile/klimakatastroph.bsky.social/post/3kemx3fprep2a,T,R,N,climate,,Y,klimakatastroph.bsky.social,"Wir hatten bereits bei der globalen Temperatur-Anomalie 2 Tage hintereinander über 2 Grad. Der erste Tag war übrigens nicht wie ursprünglich angenommen am 18.11., sondern dies war schon am 17.11. der Fall.
#Klimakrise",de,0.9891,
photo_bluesky_2143.jpg,bluesky,https://cdn.bsky.app/img/feed_fullsize/plain/did:plc:z5i5d5tk4ggk46pxvfqsynyu/bafkreiba3zpkp23txxfsotbo72cdlgjq2wxcfx56wvgqm7equ6ix2ji65q,https://bsky.app/profile/klimakatastroph.bsky.social/post/3keftursv532z,T,R,N,climate,,Y,klimakatastroph.bsky.social,"Zwischenfazit für November in 🇦🇹: Nach 2 Rekordmonaten im Sept. & Okt. verläuft der Nov. mit einer Anomalie von +1,6°C relativ ""kühl"". Das macht dann Platz 18 im Vgl. zu anderen November-Monaten. Der Rekord ist mit +4,2°C aus dem Jahr 2014. Rekord wird es also 2023 keinen geben. 1/3",de,0.9987,
photo_bluesky_2224.jpg,bluesky,https://cdn.bsky.app/img/feed_fullsize/plain/did:plc:z5i5d5tk4ggk46pxvfqsynyu/bafkreidfszj3g7q5744ob5zyu73xxm2vkjtd7kuifudnvg3toyx7bs3we4,https://bsky.app/profile/klimakatastroph.bsky.social/post/3kbarozse2f2i,T,M,N,climate,,N,klimakatastroph.bsky.social,"Die bewirtschafteten Wälder von British Columbia (BC) sind seit 2002 Kohlenstoffquellen. Gründe: 
- Waldbrände 
- Holzeinschlag 
- Starker Insektenbefall 

Laut BC Provincial Inventory Report 2021 sind die Wälder BCs eine größere Kohlenstoffquelle als die Emissionen des Energiesektors 
#Klimakrise",de,0.9727,
photo_bluesky_2227.jpg,bluesky,https://cdn.bsky.app/img/feed_fullsize/plain/did:plc:touv7uc4vhnwrfn7n7xxk6hl/bafkreibazcfbdupbpoqp46up7sgdceyl4u3jksht7dswvj64afcaw66jye,https://bsky.app/profile/rahmstorf.bsky.social/post/3kazgylsf562h,T,R,Y,climate,,Y,rahmstorf.bsky.social,"We do understand the #globalwarming caused by fossil fuels - for four decades it’s been going as predicted.
But we don’t understand the surprise upward leap that is happening now.
And that worries me.",en,0.9779,
photo_bluesky_2312.jpg,bluesky,https://cdn.bsky.app/img/feed_fullsize/plain/did:plc:modzww3povdypuxd3glabme7/bafkreide2y6wnpmz3sg3tbawpz5q4qa23ruvsgozryu62727e4cr2woic4,https://bsky.app/profile/ccca.ac.at/post/3lyf6cuxeos25,T,R,N,interesting topics?,,N,ccca.ac.at,"Von klimaneutralen Bäckereien bis zu Frauenförderung - der #SDG HUB Report von August zeigt auf, welche Nachhaltigkeitsgeschichten im August am meisten bewegt haben.
Alle Insights findet ihr in den Grafiken👇
Dashboard ausprobieren? Schickt uns eine DM! @weblyzard.com",de,0.9797,
photo_bluesky_2431.jpg,bluesky,https://cdn.bsky.app/img/feed_fullsize/plain/did:plc:ct6mi5zdgzubbjz2lkgd3zhs/bafkreibzmk4xeyp3npwljoa35iepl7ar3jfhs5js6mhq4jhpaotkqutfru,https://bsky.app/profile/dokuunserplanet.bsky.social/post/3mu35sxlosc2m,T,R,N,climate,,Y,dokuunserplanet.bsky.social,,NO_TEXT,0.0,
photo_bluesky_2434.jpg,bluesky,https://cdn.bsky.app/img/feed_fullsize/plain/did:plc:krcwgyejhgkjscjcv6caxjcc/bafkreicoi42j3yj5k7drkbzqzbmhgyehzysiaofte6duka2pkpkodxo5e4,https://bsky.app/profile/markanthon.bsky.social/post/3mrws4wqr322v,T,R,Y,climate,,Y,markanthon.bsky.social,Waldbrände hängen mit Brandstiftung zusammen und mit Panikmache.,de,0.9994,
photo_bluesky_2690.jpg,bluesky,https://cdn.bsky.app/img/feed_fullsize/plain/did:plc:c7yagit5za2j6gbnrnyjw3kz/bafkreiffjajfezbnqdhkra5vponmeulmg2jkydmoghxnbrgrpkjgi6ljvi,https://bsky.app/profile/klimavoracht.bsky.social/post/3kdaf3mt4mu26,T,R,N,climate,,N,klimavoracht.bsky.social,"Die Klimakrise ist auch weiterhin medial unterrepräsentiert. Das zeigt nicht nur unsere monatliche, qualitative Auswertung von Wirtschaft vor acht (18 von 19 Sendungen ohne jeden Klimabezug), sondern auch die Studie der MaLisa Stiftung. 

🤓 Nachzulesen hier:

malisastiftung.org/klimabiodivi...",de,0.994,
photo_bluesky_2714.jpg,bluesky,https://cdn.bsky.app/img/feed_fullsize/plain/did:plc:z24p3mp4ncduhgbh62an65zb/bafkreign4ap3nyijkxrrairr56ckqe7nylm5jlf5graaidj6ecwgbge6ma,https://bsky.app/profile/co2klima.bsky.social/post/3mnm2kzafgc2j,T,R,N,cars,,Y,co2klima.bsky.social,,NO_TEXT,0.0,
photo_bluesky_2720.jpg,bluesky,https://cdn.bsky.app/img/feed_fullsize/plain/did:plc:z24p3mp4ncduhgbh62an65zb/bafkreieemsziptr4g46uksijspjsgb4jhbmshzquxfml7etd5nvosyn3p4,https://bsky.app/profile/co2klima.bsky.social/post/3mllu4ohksc2p,T,R,N,cars,,Y,co2klima.bsky.social,,NO_TEXT,0.0,
photo_bluesky_2722.jpg,bluesky,https://cdn.bsky.app/img/feed_fullsize/plain/did:plc:z24p3mp4ncduhgbh62an65zb/bafkreid3ogda3r6utxle3r2use7nzghycjr2sipsh6weu4plsvd73v7lee,https://bsky.app/profile/co2klima.bsky.social/post/3mj5fysnso22z,T,R,N,cars,,Y,co2klima.bsky.social,,NO_TEXT,0.0,
photo_bluesky_2734.jpg,bluesky,https://cdn.bsky.app/img/feed_fullsize/plain/did:plc:z24p3mp4ncduhgbh62an65zb/bafkreicmaok2dzkefv6ju3nysausikqq2velq2l6niqcopxoctouungk2a,https://bsky.app/profile/co2klima.bsky.social/post/3mgwllfyrjs2c,T,R,N,cars,,Y,co2klima.bsky.social,,NO_TEXT,0.0,
photo_bluesky_2745.jpg,bluesky,https://cdn.bsky.app/img/feed_fullsize/plain/did:plc:rdwoizey4rgr5p67zfdiqhx2/bafkreihwjr6yagwe7imozvnllp3tnr3wv3uduhjz3zf7n5lvljqpi5kyae,https://bsky.app/profile/nonviolence.bsky.social/post/3melcixaea22l,T,M,Y,climate/food,,N,nonviolence.bsky.social,"Was sie posten zeigt, ist das gleiche wie was ich ihnen vorgerechnet hatte mit 2% in 1974 zu 1% in 2025. Wenn fossile Energie heute 1% wächst, ist es netto mehr als 2% vor 30 Jahren. Erst 2085 hört die Bevölkerung auf zu wachsen. Das sollte uns viel Angst machen, weil wir so aussterben werden.",de,0.9987,
photo_bluesky_2751.jpg,bluesky,https://cdn.bsky.app/img/feed_fullsize/plain/did:plc:rdwoizey4rgr5p67zfdiqhx2/bafkreiamipilq6gizojy7stpw2gjmusrewtnypn2cwsotidfl4jrarskoe,https://bsky.app/profile/nonviolence.bsky.social/post/3melcixaea22l,T,M,Y,climate,,N,nonviolence.bsky.social,"Was sie posten zeigt, ist das gleiche wie was ich ihnen vorgerechnet hatte mit 2% in 1974 zu 1% in 2025. Wenn fossile Energie heute 1% wächst, ist es netto mehr als 2% vor 30 Jahren. Erst 2085 hört die Bevölkerung auf zu wachsen. Das sollte uns viel Angst machen, weil wir so aussterben werden.",de,0.9987,
photo_bluesky_2764.jpg,bluesky,https://cdn.bsky.app/img/feed_fullsize/plain/did:plc:rdwoizey4rgr5p67zfdiqhx2/bafkreibdp32miro5nkn5yirk2jddobzot77jsxwsxpn7sjhsa5whusr4qu,https://bsky.app/profile/nonviolence.bsky.social/post/3msnytu2e3k2o,T,R,Y,population,,Y,nonviolence.bsky.social,"Es geht darum die Population zu reduzieren, um das Aussterben der Menschheit zu vermeiden. Reduziert man, können noch immer neue Menschen dazu kommen - nur weniger als sterben. Reiche (Fleisch, Auto, Fliegen) sollten keine Kinder kriegen. Arme (pfanzlich, kein Auto & Fliegen) können noch.",de,0.9883,
photo_bluesky_2773.jpg,bluesky,https://cdn.bsky.app/img/feed_fullsize/plain/did:plc:z24p3mp4ncduhgbh62an65zb/bafkreiajqnxjkrn6gqwvorlmalfnrvvemivn3fs63ziqehittqwwq7bw5u,https://bsky.app/profile/co2klima.bsky.social/post/3meg7uwc7j22o,T,R,Y,cars,,Y,co2klima.bsky.social,,NO_TEXT,0.0,
photo_bluesky_2794.jpg,bluesky,https://cdn.bsky.app/img/feed_fullsize/plain/did:plc:z24p3mp4ncduhgbh62an65zb/bafkreiemb3dvqam4kw2gxtqusqxmf64g6j5bew6j4ttv5oh2a6rsivl26a,https://bsky.app/profile/co2klima.bsky.social/post/3mbwkvzw5g22x,T,R,N,cars,,Y,co2klima.bsky.social,,NO_TEXT,0.0,
photo_bluesky_2803.jpg,bluesky,https://cdn.bsky.app/img/feed_fullsize/plain/did:plc:z24p3mp4ncduhgbh62an65zb/bafkreifb4nytgunef4ltxiwyfiav4phl32eizdlauo5onc6vmgzmowa3tu,https://bsky.app/profile/co2klima.bsky.social/post/3m54idte4sk2c,T,R,N,cars,,Y,co2klima.bsky.social,,NO_TEXT,0.0,
photo_bluesky_2814.jpg,bluesky,https://cdn.bsky.app/img/feed_fullsize/plain/did:plc:z24p3mp4ncduhgbh62an65zb/bafkreihhaoqvslylfhnondc3wrqv55xg3viutzf6mlmsl3s7zkcdradq7i,https://bsky.app/profile/co2klima.bsky.social/post/3m2rkiprphs2e,T,R,Y,cars,,Y,co2klima.bsky.social,,NO_TEXT,0.0,
photo_bluesky_2816.jpg,bluesky,https://cdn.bsky.app/img/feed_fullsize/plain/did:plc:uekn6lcfdqvrqhkmyv6nwanb/bafkreic6vnss6eexp35inhakvyxqn2iwzp4gusfoa3tfiqrpkhtfegoete,https://bsky.app/profile/sebeichholz.kultpower.de/post/3m2e7ta5vgc2a,T,R,N,Energy prices,,N,sebeichholz.kultpower.de,In der Realität dann leider 18 Cent bei uns 🤷‍♂️,de,0.9939,
photo_bluesky_2824.jpg,bluesky,https://cdn.bsky.app/img/feed_fullsize/plain/did:plc:2fj67jyvd4po7r734phdnfd6/bafkreibn5gpq3ervv2sfa2at7wrpsca2ncai2usstxnryd53bmiunbbjvi,https://bsky.app/profile/klimahoelle.bsky.social/post/3lysahyuou22m,T,R,Y,climate,drawn on image,Y,klimahoelle.bsky.social,"Isch over

#Klimakatastrophe
#Artenkollaps
#Kulturkampf
#Kapitalismus
#EndzeitFaschismus",TOO_SHORT,0.0,
photo_bluesky_2825.jpg,bluesky,https://cdn.bsky.app/img/feed_fullsize/plain/did:plc:z24p3mp4ncduhgbh62an65zb/bafkreifs2rdvsfv7pemmfhea7trxpxzcdtjcrysr73iow63zog7edwdriu,https://bsky.app/profile/co2klima.bsky.social/post/3ly3arv4r4223,T,R,N,cars,,Y,co2klima.bsky.social,,NO_TEXT,0.0,
photo_bluesky_2827.jpg,bluesky,https://cdn.bsky.app/img/feed_fullsize/plain/did:plc:z24p3mp4ncduhgbh62an65zb/bafkreifs2rdvsfv7pemmfhea7trxpxzcdtjcrysr73iow63zog7edwdriu,https://bsky.app/profile/co2klima.bsky.social/post/3ly3arv4r4223,T,R,Y,cars,,Y,co2klima.bsky.social,,NO_TEXT,0.0,
photo_bluesky_2850.jpg,bluesky,https://cdn.bsky.app/img/feed_fullsize/plain/did:plc:yp5ntoaky5bkuxfr6gzfdx3q/bafkreibmyrqtbk7aqyhj6qtf3spso6xuho37i37qewpo6qr33edxxis7wq,https://bsky.app/profile/markush.bsky.social/post/3l3bi4gurr22o,T,R,N,Energy prices,,N,markush.bsky.social,"Heute kostet die kWh zw 19 und 20 Uhr 96ct. 
Finde ich irgendwo eine Erklärung warum das so teuer ist?",de,0.9973,
photo_bluesky_2858.jpg,bluesky,https://cdn.bsky.app/img/feed_fullsize/plain/did:plc:z24p3mp4ncduhgbh62an65zb/bafkreiaq72xoey3wkqlewby6kzjkhk6xmsxgwxhofvv46b7hhumgwoksje,https://bsky.app/profile/co2klima.bsky.social/post/3mugw3yuplc2l,T,R,Y,Energy prices,,Y,co2klima.bsky.social,"Im August Anteil des fossil erzeugten #Strom von 29,1% auf 31,2% gestiegen.
In Folge deutlich höherer #Strompreis

Nur deutlich  mehr #Erneuerbare senken den Strompreis und verhindern Preisanstiege durch Kohle und Gas.
#Energiewende
www.energy-charts.info/charts/energ...",de,0.9866,
photo_bluesky_2859.jpg,bluesky,https://cdn.bsky.app/img/feed_fullsize/plain/did:plc:z24p3mp4ncduhgbh62an65zb/bafkreiaxycjqtq5r3s7ud64ajf7yr6x56umf3xrbzbsdsc5wnkl6ftlple,https://bsky.app/profile/co2klima.bsky.social/post/3mugw3yuplc2l,T,R,Y,Energy prices,,Y,co2klima.bsky.social,"Im August Anteil des fossil erzeugten #Strom von 29,1% auf 31,2% gestiegen.
In Folge deutlich höherer #Strompreis

Nur deutlich  mehr #Erneuerbare senken den Strompreis und verhindern Preisanstiege durch Kohle und Gas.
#Energiewende
www.energy-charts.info/charts/energ...",de,0.9866,
photo_bluesky_2869.jpg,bluesky,https://cdn.bsky.app/img/feed_fullsize/plain/did:plc:z24p3mp4ncduhgbh62an65zb/bafkreifmtnqb52n3pcb3olzln2xnu6vvvda62r2jm7ab42hctsedbsgmii,https://bsky.app/profile/co2klima.bsky.social/post/3mttnksvr5s24,T,R,Y,Energy prices,,Y,co2klima.bsky.social,"#Gaspreis hat sich gegenüber Vorjahr verdoppelt.
Freiheit im Heizungskeller kostet.
#Wärmepumpen und #Erneuerbare sind die Gewinner, während die Entscheidung, die #Energiewende zu stoppen, ein fataler Fehler ist.
Die Preiserhöhung kommen bald bei Industrie und Kunden an.",de,0.9992,
photo_bluesky_2871.jpg,bluesky,https://cdn.bsky.app/img/feed_fullsize/plain/did:plc:z24p3mp4ncduhgbh62an65zb/bafkreifdthwx3tebcbf6i5egtjbj4np4b6mmivzolv7f4rqdtlihi6jkie,https://bsky.app/profile/co2klima.bsky.social/post/3mtqmotjwuc2l,T,R,N,Energy prices,,Y,co2klima.bsky.social,"Heute wieder sehr niedriger #Strompreis von 8,56 ct/kWh, da #Erneuerbare deutlich günstiger Energie zur Verfügung stellen als Kohle- oder Gaskraftwerke
Die Nachfrage nach #Strom wird deutlich ansteigen
Jede Verzögerung beim Ausbau ist teuer und verursacht unnötige Kosten",de,0.9981,
photo_bluesky_2873.jpg,bluesky,https://cdn.bsky.app/img/feed_fullsize/plain/did:plc:z24p3mp4ncduhgbh62an65zb/bafkreieydfwhh64c3exfjvgvgn2hyz4bbbl3xma3l3wgrg47rdcl6agn2q,https://bsky.app/profile/co2klima.bsky.social/post/3mtdn3ja7bc2q,T,R,N,climate,,N,co2klima.bsky.social,"#Klimawandel 

Es wird eindeutig wärmer.
Jeder erlebt den Temperaturanstieg.
Diejenigen, die den Klimawandel verharmlosen oder abstreiten oder meinen Wirtschaftswachstum könne das Problem lösen erwischt es auf dem falschen Fuß.
Es geht nur deutlich weniger Kohle, Öl, Gas",de,0.9956,
photo_bluesky_2874.jpg,bluesky,https://cdn.bsky.app/img/feed_fullsize/plain/did:plc:z24p3mp4ncduhgbh62an65zb/bafkreibw5uy6juudowcczkcfnc3d6h3wkmakqemt6vxbtswh7g2bhnbk5m,https://bsky.app/profile/co2klima.bsky.social/post/3mtc677jsnk2q,T,R,Y,Energy prices,,N,co2klima.bsky.social,"#Strompreise im Großhandel steigen weiter, im August bisher um 5,54 ct/kWh.

Alles nur eine Frage der Zeit, wann die #EEG-Subventionen sich umkehren und der Staat von den #Erneuerbaren subventioniert wird

Mit den angeblichen 17 Mrd EUR EEG-Subventionen liegt #Reiche voll daneben",de,0.9938,
photo_bluesky_2884.jpg,bluesky,https://cdn.bsky.app/img/feed_fullsize/plain/did:plc:z24p3mp4ncduhgbh62an65zb/bafkreidgl65izguniw3i664m3fu345ydvbch7z5z676nztg4vujwo3z3qi,https://bsky.app/profile/co2klima.bsky.social/post/3msn4xppzo22d,T,R,Y,climate,,N,co2klima.bsky.social,"#ELNIÑO hat sich zum Super-ELNIÑO entwickelt und wird bis Mitte 2027 für weltweites Extremwetter sorgen.

In Kombintion mit dem ungebremsten #Klimawandel wird auch die globale Temperatur sich der Obergrenze ""deutlich unter +2°C"" nähern.

Es wird wärmer, Schäden steigen
#ENSO",de,0.9977,
photo_bluesky_2890.jpg,bluesky,https://cdn.bsky.app/img/feed_fullsize/plain/did:plc:z24p3mp4ncduhgbh62an65zb/bafkreihiyabei2vzmxjf3xtnaksxspbbywyfvx6ynmyjn627ox5d72nwnq,https://bsky.app/profile/co2klima.bsky.social/post/3mrxqbxany22r,T,R,N,climate,,N,co2klima.bsky.social,"#ElNiño erreicht im 3 Monatszeitraum Mai bis Juli den Wert von +1,5
Für den Zeitraum Juni bis August besteht hohe Wahrscheinlichkeit für einen Super ElNiño Abweichung >+2°C
In Kombination mit dem #Klimawandel ist in den nächsten Monaten weltweites Extremwetter so gut wie sicher.",de,0.9981,
photo_bluesky_2891.jpg,bluesky,https://cdn.bsky.app/img/feed_fullsize/plain/did:plc:z24p3mp4ncduhgbh62an65zb/bafkreibigpvyaiqutyw7g43srfujikfxdrl7ijw5xozy2dsc7yu2epwomu,https://bsky.app/profile/co2klima.bsky.social/post/3mrwr6fztts2n,T,R,Y,climate/politics,,N,co2klima.bsky.social,"#CO2-Zertifikate diese Woche bei 81,22 EUR/t und damit über 10% höher als der Jhresschnitt 2025.
Weniger #Erneuerbare und mehr #Gas- und #Kohlen-Strom wird zu deutlich steigenden Energiekosten führen.
Die Energiepolitik von #Reiche #CDU schadet, da teuer",de,0.9935,
photo_bluesky_2898.jpg,bluesky,https://cdn.bsky.app/img/feed_fullsize/plain/did:plc:z24p3mp4ncduhgbh62an65zb/bafkreid2ptgx7elqbjjmk2jliv4egvarpozxeosfn32xxvjd2lo7bngug4,https://bsky.app/profile/co2klima.bsky.social/post/3mr3bn6utek24,T,R,Y,climate/politics,,Y,co2klima.bsky.social,"#CO2-Preis steigt.
Weniger #Klimaschutz durch EU-Kommission, CDU, CSU und Wirtschaft bedeuten höhere Kosten.
Mehr kostenlose Zertifikate lösen das sich zuspitzende Problem durch den #Klimawandel nicht, sondern verschärfen es.
Die Lösung besteht einzig in weniger Emissionen.",de,0.9901,
photo_bluesky_2916.jpg,bluesky,https://cdn.bsky.app/img/feed_fullsize/plain/did:plc:z24p3mp4ncduhgbh62an65zb/bafkreieucl3ytmwyren7qezqkcjj6gta36yedf3sf573yhqbnguhg5nncm,https://bsky.app/profile/co2klima.bsky.social/post/3mpv6a7chxk2r,T,R,Y,climate/politics,,N,co2klima.bsky.social,"Weltweite CO2-Emissionen steigen weiter.
In den letzten 12 Monaten +185,5 Mio t
Globale Temperatur erhöht sich schneller und die Erwärmung wird +2°C relativ bald überschreiten.
Der unterlassene #Klimaschutz wird teuer und auch die Wirtschaft global stark belasten
#Klimawandel",de,0.9936,
photo_bluesky_2934.jpg,bluesky,https://cdn.bsky.app/img/feed_fullsize/plain/did:plc:z24p3mp4ncduhgbh62an65zb/bafkreie7shdm4i3zld72xdkhg46zcqqvwpmo3dqlasfxa4fraxkogemlia,https://bsky.app/profile/co2klima.bsky.social/post/3mo4dkkarhs2y,T,R,Y,Energy prices,,N,co2klima.bsky.social,"Wochenende, niedriger Strompreis durch #Erneuerbare.
Im Tagesschnitt Großhandel bei 2,68 ct/kWh.
Mit einem weiteren zügigen Ausbau sind niedrige Energiekosten auch an mehr Werktagen möglich.
Es muss nur die benötigte Menge von Gas- und Kohlestrom reduziert werden.",de,0.9971,
photo_bluesky_2947.jpg,bluesky,https://cdn.bsky.app/img/feed_fullsize/plain/did:plc:z24p3mp4ncduhgbh62an65zb/bafkreiavllo5pu4b6nhwv67ffvgztxpsyhqydijcsqby46lb3acth3m3ym,https://bsky.app/profile/co2klima.bsky.social/post/3mnfs4zdgwk2x,T,R,Y,Energy prices,,N,co2klima.bsky.social,"Sommer, überwiegend Feiertag und schon gibt es wieder dank der #Erneuerbaren günstige Strompreise.

Warum nicht alle diese niedrigen Energiekosten möchten und lieber viel Geld für Kohle, Gas und Öl zahlen wollen, wird mir ewig ein Rätsel bleiben.",de,0.9983,
photo_bluesky_2950.jpg,bluesky,https://cdn.bsky.app/img/feed_fullsize/plain/did:plc:z24p3mp4ncduhgbh62an65zb/bafkreihof6nldqacxoemkjtvhjswc5ybfxa2k45cp5ralb7ql4ixp7j4ky,https://bsky.app/profile/co2klima.bsky.social/post/3mn4zfhxwa22f,T,R,Y,climate,,N,co2klima.bsky.social,"Es wird wärmer.
Neuer Tagesrekord.
Die Vorstellung, man hätte genügend Zeit, könnte erst die Wirtschaft anschieben und dann  mit dem #Klimaschutz beginnen, ist grob falsch.
In den nächsten 10 Jahren steigt die Temperatur weiter stark an.
#Klimawandel",de,0.9982,
photo_bluesky_2954.jpg,bluesky,https://cdn.bsky.app/img/feed_fullsize/plain/did:plc:z24p3mp4ncduhgbh62an65zb/bafkreibcomk5kiej5n7spstxhq3zny6is4lgxlvak5yqolbmgcdtcvnxzu,https://bsky.app/profile/co2klima.bsky.social/post/3mmnz3bey322t,T,R,Y,Energy prices,,N,co2klima.bsky.social,"Die Welt setzt weiter auf #Erneuerbare, da es die günstigste Form der Energiegewinnung ist.
In den letzten 12 Monaten
+561 TWh Solar,
+213 TWh Wind,
+ 55,6 TWh Gas,
+ 22,6 TWh Kohle
Nur Rechte und Konservative träumen von billigem Gas- und Kohlestrom.",de,0.9648,
photo_bluesky_2957.jpg,bluesky,https://cdn.bsky.app/img/feed_fullsize/plain/did:plc:z24p3mp4ncduhgbh62an65zb/bafkreibtutakfcaq6yiv7dkuzmauqv4lx5bayilsff4alnzsdqvno4tllu,https://bsky.app/profile/co2klima.bsky.social/post/3mmedopweus2u,T,R,Y,climate,,N,co2klima.bsky.social,"Es wird kontinuierlich wärmer.
Zur Zeit global wieder so warm, wie noch nie in diesem Menschenleben zu diesem Jahrestag.
Der #Klimawandel setzt sich fort, bis die Mehrheit es verstanden hat.
Je später dies der Fall ist, umso brutaler das Abbremsen.
Öl, Gas, Kohl sind ohne Zukunft.",de,0.9938,
photo_bluesky_2959.jpg,bluesky,https://cdn.bsky.app/img/feed_fullsize/plain/did:plc:z24p3mp4ncduhgbh62an65zb/bafkreicoogc2kl3ahhibzn35ujs36wf23weir6wqx3ufhizswea7izg2xy,https://bsky.app/profile/co2klima.bsky.social/post/3mm4oic6m3s25,T,R,Y,climate,,N,co2klima.bsky.social,"#CO2 -Emissionen in DE den letzten 12 Monaten um 9,67 Mio t gefallen.
Die Einhaltung 
der Übereinkunft von Paris 
""deutlich unter +2°C"", 
sowie des #Klimaschutzgesetzes 
ist nur möglich, mit
mehr #Erneuerbaren
mehr E-Autos,
mehr Wärmepumpen,
mehr Speicher,
mehr Digitalisierung ...",de,0.9967,
photo_bluesky_2963.jpg,bluesky,https://cdn.bsky.app/img/feed_fullsize/plain/did:plc:z24p3mp4ncduhgbh62an65zb/bafkreicpbvdjnzra4dz4z4gjzaqln3m6t2fbccvgqz7ejmfva6bsexcxoe,https://bsky.app/profile/co2klima.bsky.social/post/3mluymealfk24,T,R,Y,Energy prices,,Y,co2klima.bsky.social,"Konservative sind derzeit bestrebt, über steigende Preise und Abhängigkeit von Öl und Gas die Wirtschaft abzuwürgen
Das Konzept, steigende Klimaschäden durch steigende Energiekosten zu fördern, ist verheerend und nicht zielführend
Die Lösung sind #Erneuerbare 
#Heizungsgesetz",de,0.997,
photo_bluesky_2966.jpg,bluesky,https://cdn.bsky.app/img/feed_fullsize/plain/did:plc:z24p3mp4ncduhgbh62an65zb/bafkreigzoc6vgo3a4edo7qnersb2czrwwmh7axqq6x27qw7xulaaza2sdi,https://bsky.app/profile/co2klima.bsky.social/post/3mlokkp66jc2b,T,R,Y,Energy prices,,N,co2klima.bsky.social,"Mehr #Erneuerbare mit Einspeisevergütung 0, 5 und 8 ct/kWh führte im April erneut zu einem Rückgang der #EEG-Differenzkosten von 1,41 Mrd auf 1,24 Mrd €, bei gleichen Großhandelspreisen.
+15% PV = 12% niedrigere Differenzkosten
#Reiche will dies boykottieren und #Klima schädigen",de,0.9862,
photo_bluesky_2970.jpg,bluesky,https://cdn.bsky.app/img/feed_fullsize/plain/did:plc:z24p3mp4ncduhgbh62an65zb/bafkreihpfs4l5lckdo6vf64nhn2xnvzhqxnv3sakapnqddmdn74llltlim,https://bsky.app/profile/co2klima.bsky.social/post/3mljaixak2223,T,M,Y,Energy prices,,N,co2klima.bsky.social,"Sollte sich Frau #Reiche mit dem Abwürgen der #Erneuerbaren durchsetzen, sehen wir deutlich höhere Strompreise für Unternehmen und Haushalte, das Verschwinden der Erneuerbaren-Branche und der energieintensiven Unternehmen.
Es ist ein Armutszeugnis für den Wirtschaftsrat der #CDU",de,0.9995,
photo_bluesky_2971.jpg,bluesky,https://cdn.bsky.app/img/feed_fullsize/plain/did:plc:z24p3mp4ncduhgbh62an65zb/bafkreihh6ir5gpgl4xrmbywbyyv62sk3xsz226wzg6f6msenont3nkdfji,https://bsky.app/profile/co2klima.bsky.social/post/3mlfxmx6jf22s,T,R,Y,cars,,N,co2klima.bsky.social,"Jedes 4te neu zugelassene Auto ist inzwischen vollelektrisch.
Im April 25,8% Marktanteil 64350 Fahrzeuge +41,3% gegenüber Vorjahr.
Benziner -20% 21,4% Marktanteil, Diesel -13,8%.

Hohe Spritpreise und die Einstellung billiger Benziner führt zum baldigen Kollaps der #Verbrenner.",de,0.9594,
photo_bluesky_2988.jpg,bluesky,https://cdn.bsky.app/img/feed_fullsize/plain/did:plc:z24p3mp4ncduhgbh62an65zb/bafkreid3o43mnniyrcwur6ivskteij6lscq72epg5ug4auabwwze6eozte,https://bsky.app/profile/co2klima.bsky.social/post/3mjpmvjbj722c,T,M,Y,Energy prices,,N,co2klima.bsky.social,"Wochenende, niedriger #Strompreis von 8,48 ct/kWh Tagesschnitt Großhandel.
Mittags bei Sonnenschein Preise knapp unter 0 ct/kWh.
Regelmäßig wird dies kritisiert, obwohl es das Ziel ist.
Ein Ausstieg aus den fossilen Brennstoffen Kohle und Gas hat stets die Folge Preis 0 ct/kWh",de,0.9873,
photo_bluesky_2989.jpg,bluesky,https://cdn.bsky.app/img/feed_fullsize/plain/did:plc:z24p3mp4ncduhgbh62an65zb/bafkreie4mx3fyxjtlne64xpx2efmrr2kwxxsmijjaq2lsetzstzixyfeqa,https://bsky.app/profile/co2klima.bsky.social/post/3mjov3fnpd22w,T,R,Y,climate/politics,,N,co2klima.bsky.social,"#CO2-Zertifikate-Preis diese Woche bei 75,90 €/t +3,90 €/t.
Die Vorstellung, die CO2-Bepreisung abzuschaffen, verflüchtigt sich, da völlig unrealistisch.
Die Nutzung von Öl, Gas, Kohle muss reduziert und darf nicht weiter subventioniert werden.
#EUETS1",de,0.996,
photo_bluesky_3007.jpg,bluesky,https://cdn.bsky.app/img/feed_fullsize/plain/did:plc:z24p3mp4ncduhgbh62an65zb/bafkreiae5vwdx6nv34rock2gabv3mn4nmzpywu3vobbpkf3mrpq7aywls4,https://bsky.app/profile/co2klima.bsky.social/post/3minpstg3bc2d,T,R,Y,Energy prices,,N,co2klima.bsky.social,"#Strompreis Karsamstag bei niedrigen 3,31 ct/kWh im Tagesschnitt Großhandel.
Am Morgen wenige Cent, Mittags 0 ct/kWh
#Erneuerbare sind der beste Schutz gegen Energiekrisen.
Während Öl, Gas, Kohle die Klimakatastrophe anheizen sind EE die kostengünstige Zukunft.
Danke Habeck",de,0.9689,
photo_bluesky_3010.jpg,bluesky,https://cdn.bsky.app/img/feed_fullsize/plain/did:plc:z24p3mp4ncduhgbh62an65zb/bafkreiejp25tym5fayddpte5euqeosgr3pbgxp4oky55gfol374mxnmoke,https://bsky.app/profile/co2klima.bsky.social/post/3mig63qhy2k2k,T,R,Y,Energy prices,,N,co2klima.bsky.social,"#Benzin -Preis steigt auch in den USA weiter.
+37% gegenüber Februar
Es ist der Todesstoß für Spritfresserfirmen wie Ford, GM, Chrysler, Toyota
Wer auf Fossil setzt und den #Klimawandel sträflich missachtet, geht unter. 
Die Zukunft ist elektrisch.
fuelinsights.gasbuddy.com",de,0.996,
photo_bluesky_3013.jpg,bluesky,https://cdn.bsky.app/img/feed_fullsize/plain/did:plc:z24p3mp4ncduhgbh62an65zb/bafkreiaonad5wziooamgyspyx7547p6ds5n7t7zplvgbhglgtm6zmm2rle,https://bsky.app/profile/co2klima.bsky.social/post/3mica23ylnk2j,T,R,Y,climate,,N,co2klima.bsky.social,"#CO2-Konzentration neuer Rekord in diesem Leben.
Wie jedes Jahr im Frühjahr, wenn wir weiter Öl, Kohle, Gas verbrennen.
Letzte Woche bei 430,93 ppm +2,52 ppm gg Vj.
Erwärmt den Planeten, verändert das menschliche Blut, senkt den pH-Wert der Meere.
Das muss enden.
#Klimawandel",de,0.9902,
photo_bluesky_3020.jpg,bluesky,https://cdn.bsky.app/img/feed_fullsize/plain/did:plc:z24p3mp4ncduhgbh62an65zb/bafkreibbfjt3yiltpko4ta2roevzuv57sagoawwlyqixfweanjgiw7yjqa,https://bsky.app/profile/co2klima.bsky.social/post/3mhqxvcsp5k2p,T,R,Y,climate/politics,,N,co2klima.bsky.social,"Straße von Hormus gesperrt?
Auch am Dienstag sorgen #PV und #Wind für einen niedrigen #Strompreis von 7,68 ct/kWh Tagesschnitt im Großhandel.
Am Mittag und in der Nacht auf Mittwoch, um die 0 ct/kWh.
Würde es mehr #Erneuerbare geben, gäbe es weder Krieg noch Krise.",de,0.993,
photo_bluesky_3027.jpg,bluesky,https://cdn.bsky.app/img/feed_fullsize/plain/did:plc:z24p3mp4ncduhgbh62an65zb/bafkreibv77ccmt3s7zo4rmsmazsg7d5bqprrtcltclbi6a52ogaukx5eim,https://bsky.app/profile/co2klima.bsky.social/post/3mh4m55cka22y,T,R,Y,climate/politics,,N,co2klima.bsky.social,"Iran-Krise. Energiepreise explodieren.

Der #Strompreis bleibt niedrig, am Montag im Tagesschnitt bei 7,35 ct/kWh im Großhandel.
Erneuerbare machen es möglich.
#EEG-Strom wird 20 Jahre zu konstant niedrigen Preisen geliefert.
Keine Panik, keine Verwerfungen, kein Krieg um Energie",de,0.9867,
photo_bluesky_3028.jpg,bluesky,https://cdn.bsky.app/img/feed_fullsize/plain/did:plc:z24p3mp4ncduhgbh62an65zb/bafkreic665bunsofmyjwuuquyw3ccinb2vhq2nucvqcgorabcyqjsk63qe,https://bsky.app/profile/co2klima.bsky.social/post/3mh3q2c2xk222,T,R,Y,climate/politics,,Y,co2klima.bsky.social,"Klimabilanz
Klimaziele 2025 nur knapp erreicht, Emissionen sinken nur um 1 Mio t CO2eq, also 0,064%
Das Klimaschutzgesetz kann nur eingehalten werden, wenn die BuReg eine radikale Änderung ihrer Klimapolitik vornimmt
Ziel muss sein: Weniger Kohle, Öl, Gas 
www.umweltbundesamt.de/presse/press...",de,0.9672,
photo_bluesky_3029.jpg,bluesky,https://cdn.bsky.app/img/feed_fullsize/plain/did:plc:z24p3mp4ncduhgbh62an65zb/bafkreic2pfz6vr3fuyuniexymom6745fasdkg6c3xlfc7lkfmdnja2habi,https://bsky.app/profile/co2klima.bsky.social/post/3mgxl244ckk26,T,R,Y,climate/politics,,N,co2klima.bsky.social,"Auch heute niedriger #Strompreis, trotz Sperrung der Straße von Hormus.
Im Tagesschnitt bei 4,84 ct/kWh im Großhandel, bis zum Abend um 0 ct/kWh.
#Erneuerbare sind der beste Schutz gegen Preissprünge.
Der Großhandel ist der Versorger Ihres Vertrauens.",de,0.9957,
photo_bluesky_3041.jpg,bluesky,https://cdn.bsky.app/img/feed_fullsize/plain/did:plc:z24p3mp4ncduhgbh62an65zb/bafkreihogukw45fk5rlg37chp7qe6g3f3g7lefyu7o4q23gawif47k3kju,https://bsky.app/profile/co2klima.bsky.social/post/3mgfakeylyk2t,T,R,N,climate/politics,,N,co2klima.bsky.social,"#Benzin-Preis in Texas aktuell +22% gg Februar.

Strasse von Hormuz den 7. Tag gesperrt.
Keine änderung in Sicht.
Öl und Gas sind teuer und ein Sicherheitsrisiko, da regelmäßig notwendiger Nachschub gefährdet ist.

Israel/USA -> Iran-Krieg",de,0.9829,
photo_bluesky_3055.jpg,bluesky,https://cdn.bsky.app/img/feed_fullsize/plain/did:plc:z24p3mp4ncduhgbh62an65zb/bafkreieoysjr5opefcdl7jgko3p62xmilsvglyjp7umkyqw3bjk7aatfee,https://bsky.app/profile/co2klima.bsky.social/post/3mff3ss5xt22r,T,R,Y,Energy prices,,N,co2klima.bsky.social,"Morgen niedriger #Strompreis von 5,4 ct/kWh im Tagesschnitt Großhandel, da Frankreich seinen #Atomstrom verschenkt.
Das Abregeln von zuviel #Strom scheint doch nicht so gut zu funktionieren, wie die Freunde des Atoms stets betonen.
In Zukunft immer öfter.",de,0.9878,
photo_bluesky_3061.jpg,bluesky,https://cdn.bsky.app/img/feed_fullsize/plain/did:plc:z24p3mp4ncduhgbh62an65zb/bafkreigsgc4y2hmfwjbg2xl4ne46bhqlovxnoubxi7hakz6f64dw57i3ui,https://bsky.app/profile/co2klima.bsky.social/post/3metncxsfx22r,T,R,Y,Energy prices,,N,co2klima.bsky.social,"China elektrifiziert die Welt.
Es ist die günstigste und sauberste Art Energie zu erzeugen und zu nutzen.
Chinas Elektrifizierungs-Exporte stiegen in den letzten 3 Jahren von  $ 172,8 Mrd.  auf $ 229,2 Mrd.
Wer beim #Klimaschutz mitmacht, der gewinnt.",de,0.998,
photo_bluesky_3064.jpg,bluesky,https://cdn.bsky.app/img/feed_fullsize/plain/did:plc:z24p3mp4ncduhgbh62an65zb/bafkreih3siskbzdgelvi6cnimrx6nbsgmsh2qxy2gn43vac3jzqcvxla4y,https://bsky.app/profile/co2klima.bsky.social/post/3meorlqebik2w,T,R,N,climate,,N,co2klima.bsky.social,"#ENSO bewegt sich in den neutralen Bereich.
Es ist zu erwarten, dass bereits der 3-Monatszeitraum Januar bis März neutral wird.
Es wird somit auch global wieder wärmer werden und damit rückt der  #Klimawandel wieder in den Fokus, ob das einige mögen oder nicht.",de,0.9996,
photo_bluesky_3080.jpg,bluesky,https://cdn.bsky.app/img/feed_fullsize/plain/did:plc:z24p3mp4ncduhgbh62an65zb/bafkreigy2xkuy44cjeulgwl3vexltipwuk7rmhry756hgz4ah5kssgzsg4,https://bsky.app/profile/co2klima.bsky.social/post/3mdxzglqlws2e,T,M,Y,Energy prices,,Y,co2klima.bsky.social,"#Strompreis für die Industrie fällt auf 16,0 ct/kWh im Jan 2026
In den letzten 12 Jahren hat sich damit der #Strompreis für die Industrie nur um 0,7 ct/kWh erhöht.
Die verbreite Panik über hohe #Energiekosten entbehrt jeglicher Grundlage.
#Strom aus #Erneuerbaren senkt die Kosten",de,0.9976,
photo_bluesky_3082.jpg,bluesky,https://cdn.bsky.app/img/feed_fullsize/plain/did:plc:z24p3mp4ncduhgbh62an65zb/bafkreih6spdhakmsbn4ppqkkx46cw7ub3ozlsck7xxuhvi67qyihz2cl7a,https://bsky.app/profile/co2klima.bsky.social/post/3mduv4k7t4k2j,T,M,N,Energy prices,,N,co2klima.bsky.social,"Mengengewichteter #Strompreis im Januar 2026 bei 11,05 nach 11,34 ct/kWh im Jan 2025.
Der starke Zubau der #Erneuerbaren durch das von Habeck geänderte #EEG führt nun zu einem deutlichen Rückgang der Strompreise
Im Winter noch etwas verhalten, da zwischen Genehmigung und Bau 2 bis 3 Jahre vergehen",de,0.9988,
photo_bluesky_3085.jpg,bluesky,https://cdn.bsky.app/img/feed_fullsize/plain/did:plc:z24p3mp4ncduhgbh62an65zb/bafkreif2omhmrp6lyoarli7i66musq5vavmdpxsl2m7sv6f4ekoclufhcq,https://bsky.app/profile/co2klima.bsky.social/post/3mdpjjk2ffk2q,T,R,Y,Energy prices,,Y,co2klima.bsky.social,"Zeitlicher #Strompreis im Großhandel im Januar 0,4 ct/kWh bzw. 3,5% günstiger als im Vorjahr.
Weniger Höhen, weniger Tiefen.
Das kältere Wetter verdeckt dabei, dass  die Habecksche Ausbaubeschleunigung der #Erneuerbaren zu deutlich sinkenden Preisen führt.
#Energiewende",de,0.9973,
photo_bluesky_3090.jpg,bluesky,https://cdn.bsky.app/img/feed_fullsize/plain/did:plc:z24p3mp4ncduhgbh62an65zb/bafkreieqyfldoetavnqngoqazm6dzp7ds4d7axkivftcpz6a4guaedlyk4,https://bsky.app/profile/co2klima.bsky.social/post/3mdb6loeqis2u,T,R,N,climate,,N,co2klima.bsky.social,"CO2-Konzentration steigt wöchentlich weiter, solange die Menschheit Kohle, Gas und Öl verbrennt.
Vergangene Woche auf 428,62 ppm, die globale Temperatur steigt, es gibt mehr #Extremwetter.
Preisgünstige Alternativen zur #Klimakatastrophe sind vorhanden.",de,0.9904,
photo_bluesky_3094.jpg,bluesky,https://cdn.bsky.app/img/feed_fullsize/plain/did:plc:z24p3mp4ncduhgbh62an65zb/bafkreiax7qry4h7hn4qprhidss7uxfhzrwbruhlobv6aou3ectuv6gpelq,https://bsky.app/profile/co2klima.bsky.social/post/3md5st7bk5222,T,R,Y,cars,,N,co2klima.bsky.social,"Der #Verbrenner ist mausetot.
In den Zulassungszahlen finden sich immer mehr #Elektroautos, während die Zahl der schmutzigen Verbrenner stark sind.
Der #Golf wird ab 2027 eingestellt, wie viele andere Verbrenner auch.",de,0.9973,
photo_bluesky_3101.jpg,bluesky,https://cdn.bsky.app/img/feed_fullsize/plain/did:plc:z24p3mp4ncduhgbh62an65zb/bafkreihdv5si5s5yp4ehclv4qgpuejjncgsnzrcibajve7tchborcxtupe,https://bsky.app/profile/co2klima.bsky.social/post/3mcnauqlotk2q,T,R,Y,climate,,N,co2klima.bsky.social,"CO2-Gehalt der Atmosphäre steigt durch den menschenverursachten #Klimawandel stetig weiter.
Letzte Woche im Schnitt auf 428,87 ppm.
Jedes Jahr kommt dann der Punkt, an dem die Y-Achsen-Skalierung nach oben verschoben werden muss.
Das sollte aufhören!",de,0.9984,
photo_bluesky_3104.jpg,bluesky,https://cdn.bsky.app/img/feed_fullsize/plain/did:plc:z24p3mp4ncduhgbh62an65zb/bafkreigqefplxoekidazw3ijkkxpgovq6uacrtbfx5g35bqvpujnc3w7fq,https://bsky.app/profile/co2klima.bsky.social/post/3mcd6ghfeb22h,T,R,Y,Energy prices,,N,co2klima.bsky.social,"#EEG-Differenzkosten sanken 2025 auf 15,66 Mrd € nach 18,67 Mrd €, bei deutlichem Zubau der #Erneuerbaren.

Mehr PV und Wind bedeutet nunmal niedrigere! Kosten.
Energiewende - läuft",de,0.9892,
photo_bluesky_3105.jpg,bluesky,https://cdn.bsky.app/img/feed_fullsize/plain/did:plc:z24p3mp4ncduhgbh62an65zb/bafkreietxs4x5kvrvv35h4mxdrdpn4ofdnaszaegdwmhnu2elhfsesv5ba,https://bsky.app/profile/co2klima.bsky.social/post/3mc5apnlax227,T,R,Y,Energy prices,,Y,co2klima.bsky.social,"PV-Modul-Preise in Europa fielen 2025 weiter

High Efficiency -12%
Full Black -3,8%
Mainstream -4,8%
Low Cost -15,4%

Dauerhaft keine Chance für Atom, Kohle, Öl, Gas wettbewerbsfähig zu sein, zumal auch Batterien immer günstiger werden
#Energiewende läuft!
Kugel Eis gratis",de,0.9354,
photo_bluesky_3118.jpg,bluesky,https://cdn.bsky.app/img/feed_fullsize/plain/did:plc:z24p3mp4ncduhgbh62an65zb/bafkreig2vsvt2hsnoc6kisebahzurjpmphhyyn5edznavdpbjcmbjwcoja,https://bsky.app/profile/co2klima.bsky.social/post/3mboruzzpc22n,T,R,N,Energy prices,,N,co2klima.bsky.social,"Gelingt es, die notwendige fossil erzeugte Strommenge auf unter 3000 MWh im 15 Min Zeitraum zu drücken, geht es mit dem Strompreis ziemlich schnell bergab von 10 ct/kWh auf 0 cent.
Mehr #Erneuerbare bedeuten niedrigere Energiekosten.",de,0.9906,
photo_bluesky_3121.jpg,bluesky,https://cdn.bsky.app/img/feed_fullsize/plain/did:plc:z24p3mp4ncduhgbh62an65zb/bafkreia5ydr6cmzkentqyx26k6e3upr6qls5r6z62rkp7hptrodtcooxui,https://bsky.app/profile/co2klima.bsky.social/post/3mblslpz5nc27,T,R,N,climate,,N,co2klima.bsky.social,"Die weltweiten CO2-Emissionen sind in den letzten 12 Monaten inkl. Nov um 374,1 Mio t +0,66% gestiegen.

Industrie +314,1 +1,6%
Wohnen/Klima +73,5 +1,3%
Flug +54,7 +4,1%
Verkehr ohne Flug +53,8 +0,5%
Energie -122,1 -0,6%

Der #Klimawandel beschleunigt sich, die Kosten steigen.",de,0.9327,
photo_bluesky_3122.jpg,bluesky,https://cdn.bsky.app/img/feed_fullsize/plain/did:plc:z24p3mp4ncduhgbh62an65zb/bafkreicrrf6frj5frlxkcfvyu2rafw6555zx67bwaujhl5sb2darj6szg4,https://bsky.app/profile/co2klima.bsky.social/post/3mbhdwsmris2e,T,R,Y,climate,,N,co2klima.bsky.social,"Je weniger Fossile wir bei der #Stromerzeugung einsetzen, desto niedriger !!! die Energiekosten.

Sollte eigentlich jeder verstehen.
Day-Ahead-Preise in Abhängigkeit zu fossil produzierter Strommenge (Gas + Braunkohle + Steinkohle).
#Energiewende",de,0.9802,
photo_bluesky_3124.jpg,bluesky,https://cdn.bsky.app/img/feed_fullsize/plain/did:plc:z24p3mp4ncduhgbh62an65zb/bafkreiclola6ybsobnfvplc73udrx5uiwbztl2mwarvlnrw66fzvqx3ooi,https://bsky.app/profile/co2klima.bsky.social/post/3mbgj6tueus2i,T,R,N,climate,,Y,co2klima.bsky.social,"Alle Prognosen gehen davon, dass wir derzeit am unteren Wendepunkt von #ENSO für diesen Zyklus sind.
Damit dürften wir auch bei der globalen Erwärmung mit +1,47° im 1-Jahresschnitt den unteren Wendepunkt erreichen.
Kühler wird es nicht mehr. Nur wärmer Richtung +2°C
#Klimawandel",de,0.9984,
photo_bluesky_3129.jpg,bluesky,https://cdn.bsky.app/img/feed_fullsize/plain/did:plc:z24p3mp4ncduhgbh62an65zb/bafkreibjvhjzgl3nrxi7q4jd4p2srw5r3y2dp7bw7mv4r2k2dni5u3t7ci,https://bsky.app/profile/co2klima.bsky.social/post/3mb7xs4ouqs2a,T,R,Y,Energy prices,,N,co2klima.bsky.social,"In diesem Jahr keine Einsparung von Emissionen bei der Stromproduktion.
Die Reserven des #Klimaschutzgesetzes sind aufgebraucht.
Die Bundesregierung hat ein Problem bei völlig falschen Lösungsansätzen, die zu steigenden CO2-Preisen führen
#Klimaschutz",de,0.998,
photo_bluesky_3136.jpg,bluesky,https://cdn.bsky.app/img/feed_fullsize/plain/did:plc:z24p3mp4ncduhgbh62an65zb/bafkreig6yytudclvfo25mcchmfyuwpvx2kovdwep3my4xcnho2gqa4syoi,https://bsky.app/profile/co2klima.bsky.social/post/3maxob33yjs2q,T,R,Y,Energy prices,,N,co2klima.bsky.social,"#Strompreise in den USA steigen weiter.
Im Oktober um +6,1% gegen Vorjahr.
In vielen Bundesstaaten schon teurer als in DE.
Mit mehr #Erneuerbaren fallen die Strompreise in DE weiter, während sie in den USA aufgrund der Verwendung von Kohle und Gas steigen.",de,0.997,
photo_bluesky_3140.jpg,bluesky,https://cdn.bsky.app/img/feed_fullsize/plain/did:plc:z24p3mp4ncduhgbh62an65zb/bafkreihkunpolr6srs4t44346qohvhanosegi726rmxmehy6xwuo5dkgpq,https://bsky.app/profile/co2klima.bsky.social/post/3mao7gqhwrk2m,T,R,Y,Energy prices,,N,co2klima.bsky.social,"Heiligabend.
Mit Erneuerbaren völlig stressfrei ohne Dunkelflaute.
Niedriger #Strompreis, im Tagesschnitt bei 6,94 ct/kWh.
Weihnachtsbeleuchtung darf strahlen.",de,0.9789,
photo_bluesky_3144.jpg,bluesky,https://cdn.bsky.app/img/feed_fullsize/plain/did:plc:z24p3mp4ncduhgbh62an65zb/bafkreibm3v4al774a7mhfv6bs45ihtah4734n6aagoegemr6lfwmp5ollq,https://bsky.app/profile/co2klima.bsky.social/post/3mabwsk75ms2v,T,R,Y,Energy prices,,N,co2klima.bsky.social,"Am Freitag erneut niedriger #Strompreis von 7,01 ct/kWh im Tagesschnitt Großhandel.
Wie man leicht erkennen kann, liegt die notwendige #Grundlast in den Morgenstunden bei Null.
Nur grundlastfähige  Kraftwerke, wie #AKWs, produzieren dann teuer sinnlos Strom und erhöhen die Kosten",de,0.9841,
photo_bluesky_3150.jpg,bluesky,https://cdn.bsky.app/img/feed_fullsize/plain/did:plc:z24p3mp4ncduhgbh62an65zb/bafkreihwpgq4n7g4tmagyzgk2kf5jocnuwc3ocolya5a2y4sxn2vekgmsq,https://bsky.app/profile/co2klima.bsky.social/post/3m7q6v6nibc2e,T,R,N,climate,,N,co2klima.bsky.social,"#Treibhausgas -Emissionen in den letzten 12 Monaten weiter gestiegen, um 543 Mio t CO2eq bzw. 0,94%.
Industrie +243 Mio t
Wohnen +207 Mio t
Verkehr Land/See +92 Mio t
Luftfahrt +55 Mio t
Energie -64 Mio t
Wir erreichen +2°C globale Erwärmung schneller als viele denken
#Klimakrise",de,0.9436,
photo_bluesky_3152.jpg,bluesky,https://cdn.bsky.app/img/feed_fullsize/plain/did:plc:z24p3mp4ncduhgbh62an65zb/bafkreiamm3zbuhr7dzgcxp3wxt2kd7nr2pxr75nsmhy32vqtsnvmgbioy4,https://bsky.app/profile/co2klima.bsky.social/post/3m7nfvztx3k2z,T,R,Y,living/climate,,Y,co2klima.bsky.social,"Niemand! = Mehrheit
Die Bürger sind nicht doof.",de,0.9953,
photo_bluesky_3154.jpg,bluesky,https://cdn.bsky.app/img/feed_fullsize/plain/did:plc:z24p3mp4ncduhgbh62an65zb/bafkreihrvnfw6z2k4ulljujfh7ririoyy7kxsq6nosttz3id37dixyprfi,https://bsky.app/profile/co2klima.bsky.social/post/3m7iommbovs2i,T,R,Y,Energy prices,,N,co2klima.bsky.social,"Heute niedriger #Strompreis von 7,06 ct/kWh, im Tagesschnitt Großhandel

Diese niedrigen Preise an einem Werktag sind nur mit #Erneuerbaren erreichbar und nicht mit Kohle und Gas

Mehr PV und Wind schützt Umwelt und Klima
Zudem ist es deutlich billiger als fossile Stromerzeugung.",de,0.9988,
photo_bluesky_3160.jpg,bluesky,https://cdn.bsky.app/img/feed_fullsize/plain/did:plc:z24p3mp4ncduhgbh62an65zb/bafkreig4eer6vsjcffauitgwk6n3m5l24b3n6icml67rpmblj7xnxhajpy,https://bsky.app/profile/co2klima.bsky.social/post/3m7dbbn545s24,T,R,Y,cars,,N,co2klima.bsky.social,"Deutsche Marken und die Tochtermarken von VW beherrschen nach dem Ausgrenzen chinesischer Fahrzeuge den deutschen #Elektroauto-Markt.
Zulassungen-Topseller im November war der 
Skoda Enyaq mit 3320 Fahrzeugen vor dem 
ID.7 mit 3193 und dem
ID.3 mit 3074",de,0.9961,
photo_bluesky_3161.jpg,bluesky,https://cdn.bsky.app/img/feed_fullsize/plain/did:plc:z24p3mp4ncduhgbh62an65zb/bafkreie3t3luhod3qav2vrt53jglnsrhwqipclrvfwhtzmocqw57rgixbm,https://bsky.app/profile/co2klima.bsky.social/post/3m7b7vaayfs22,T,R,Y,Energy prices,,N,co2klima.bsky.social,"#CO2-Preis in dieser Woche erneut über 80 €/t bei 82,25 €/t
Weniger #Klimaschutz ist teurer, diese einfache ökonomische Regel sollten Politik, Wirtschaft und Bürger endlich verstehen.
#EUETS",de,0.9973,
photo_bluesky_3162.jpg,bluesky,https://cdn.bsky.app/img/feed_fullsize/plain/did:plc:z24p3mp4ncduhgbh62an65zb/bafkreidvcom6f6m65mtgoyancau6p6bwcvq5qaxr4bphhbhd6pah6zkhye,https://bsky.app/profile/co2klima.bsky.social/post/3m7akaz3kkk2r,T,M,Y,energy resources,,N,co2klima.bsky.social,"#KI bedingt, dass in den USA in den letzten 12 Monaten die Produktion von #Strom aus #Kohle um +85,41 TWh angestiegen ist, fast im gleichen Maße wie günstige #PV.
Die Anzahl der alten Kohle- und Gaskraftwerke ist aber begrenzt und daher braucht es mehr #Erneuerbare.",de,0.9961,
photo_bluesky_3166.jpg,bluesky,https://cdn.bsky.app/img/feed_fullsize/plain/did:plc:z24p3mp4ncduhgbh62an65zb/bafkreihgx52mqaeddxkllyzjdfsujbxv76xcxm6qfffbanzxgmlurse6cq,https://bsky.app/profile/co2klima.bsky.social/post/3m6zdqamei22y,T,R,N,climate,,N,co2klima.bsky.social,"#ENSO im Zeitraum Sept-Nov mit -0,5°C-Abweichung im LaNina-Bereich.
Für eine LaNina-Phase braucht es aber 2 weitere 3-Monatsschnitte unter -0,5°C-Abweichung.
Das wird sich in den nächsten Wochen entscheiden.",de,0.998,
photo_bluesky_3183.jpg,bluesky,https://cdn.bsky.app/img/feed_fullsize/plain/did:plc:z24p3mp4ncduhgbh62an65zb/bafkreiagxcq2b4neqwgatpdzhgjqor6eduiicbtshblohdnem5al6f45we,https://bsky.app/profile/co2klima.bsky.social/post/3m5dzx4q4mk25,T,R,Y,Energy prices,,N,co2klima.bsky.social,"#Energiewende weiter erfolgreich.
Börsenpreis um 0,5 ct/kWh gg. Vorjahr gefallen,
EEG-Differenzkosten um 42 Mio EUR gefallen,
19 GWh #Erneuerbare zugebaut,
Emissionen um 1,6 Mio t gefallen.
Fakten widerlegen die Kritiker.
#Klimaschutz ist billig und schützt die Zukunft",de,0.984,
photo_bluesky_3193.jpg,bluesky,https://cdn.bsky.app/img/feed_fullsize/plain/did:plc:z24p3mp4ncduhgbh62an65zb/bafkreigklfpuwulddthu7763tph6mida6wdcokg4v6izy5flvtxtlfxtfa,https://bsky.app/profile/co2klima.bsky.social/post/3m4zvvw46s22u,T,R,N,Energy prices,,N,co2klima.bsky.social,"Weniger #Klimaschutz führt zu höheren Energiekosten.
#CO2-Zertifikatepreis steigt diese Woche auf 79,76 €/t.
Wenn die Politik dieses Grundprinzip durch Abschaffung oder Aufweichen wegräumt, treten die Schäden durch den #Klimawandel früher und härter auf.",de,0.9959,
photo_bluesky_3202.jpg,bluesky,https://cdn.bsky.app/img/feed_fullsize/plain/did:plc:z24p3mp4ncduhgbh62an65zb/bafkreic5d7zzbptk3c65vluugxq2klyzoznhxdot66orb7g6a7anm24aky,https://bsky.app/profile/co2klima.bsky.social/post/3m4dwqgdwik2a,T,R,Y,energy resources,,N,co2klima.bsky.social,"#PV und die Elektrifizierung sind nicht mehr zu stoppen, da dies zu den niedrigsten Energiekosten führt.
Peak -Coal, -Oil, -Gas sind ganz nah oder bereits überschritten.
Stromerzeugung weltweit in den letzten 12 Monaten um +576 TWh gestiegen, Wind +202 TWh.
#Energiewende",de,0.9886,
photo_bluesky_3207.jpg,bluesky,https://cdn.bsky.app/img/feed_fullsize/plain/did:plc:z24p3mp4ncduhgbh62an65zb/bafkreiejx6hjlsbadfg73zk3gkgi6zpg7tolguyn25daklr3cdhhvun7k4,https://bsky.app/profile/co2klima.bsky.social/post/3m46be3ver224,T,R,N,climate,,N,co2klima.bsky.social,"CO2-Konzentration in der Atmosphäre letzte Woche um +3,03 ppm gegen Vorjahr auf 425,1 ppm gestiegen

Würde es gelingen, den Anstieg bis zur CO2-Neutralität auf 446 ppm zu begrenzen, könnte die Übereinkunft von Paris mit +1,6°C globaler Erwärmung erreicht werden
#CSU #Klimawandel",de,0.9979,
photo_bluesky_3211.jpg,bluesky,https://cdn.bsky.app/img/feed_fullsize/plain/did:plc:z24p3mp4ncduhgbh62an65zb/bafkreicojmw4pasydh437ynzhflie4ia47uoxdb224s55et7zeqvvqalzy,https://bsky.app/profile/co2klima.bsky.social/post/3m3mcgdxod22r,T,R,Y,climate,,N,co2klima.bsky.social,"Auch wenn die Politik beim #Klimaschutz derzeit eine Auszeit nimmt, es wird trotzdem wärmer, derzeit +0,1°C alle drei Jahre, da die Treibhausgase durch das Verbrennen von Kohle, Gas und Öl steigen.
Letzte Woche in der Atmosphäre 424,81 ppm CO2 +2,27 ppm gegen Vorjahr.",de,0.996,
photo_bluesky_3212.jpg,bluesky,https://cdn.bsky.app/img/feed_fullsize/plain/did:plc:z24p3mp4ncduhgbh62an65zb/bafkreibwzrbciplp7esx272qzpuohlrwoeudzidjitwglscubeiosy4xnu,https://bsky.app/profile/co2klima.bsky.social/post/3m3kjijjfwc2a,T,R,Y,Energy prices,,Y,co2klima.bsky.social,"Preise für PV-Module weiter stark abwärts

Von Okt 2025 gegen Okt 2024
Full Black  -16%
High Efficiency -11%
Mainstream -9%
Low Cost auf -15%
Man wird sehen, wie lange Kohle, Gas, Öl und ihre technologieoffenen Befürworter noch durchhalten
#Energiewende 
www.pv-magazine.de/2025/10/14/p...",de,0.9742,
photo_bluesky_3213.jpg,bluesky,https://cdn.bsky.app/img/feed_fullsize/plain/did:plc:z24p3mp4ncduhgbh62an65zb/bafkreifnl5jyvf2f7fa7jo4h5kzg52cf7uce6iuvnc53ab7wzfdz76woo4,https://bsky.app/profile/co2klima.bsky.social/post/3m3eznbodmc2i,T,R,Y,Energy prices,,N,co2klima.bsky.social,"#CO2-Zertifikatepreis ist diese Woche um -1,23 €/t gefallen, bewegt sich aber mit 77,99 €/t weiter in Richtung der hohen Niveaus von 2022/23
Einzig ein schneller Ausbau der #Erneuerbaren kann hohe Energiekosten verringern, denn er reduziert die Anzahl der benötigten Zertifikate",de,0.9972,
photo_bluesky_3216.jpg,bluesky,https://cdn.bsky.app/img/feed_fullsize/plain/did:plc:z24p3mp4ncduhgbh62an65zb/bafkreibuopecdop3mgu3wqjgb4uewlwnuedco2567krcup34h6mn3whjny,https://bsky.app/profile/co2klima.bsky.social/post/3m35cqixwh225,T,R,Y,Energy prices,,N,co2klima.bsky.social,"Heute stark schwankender #Strompreis von 8 bis 50 ct/kWh, im Tagesschnitt akzeptable 15,61 ct/kWh
Hysteriker, die sich bei negativen und extrem hohen Preisen aufregen, haben bis jetzt nicht erkannt, dass es niedrige Strompreise mit mehr Erneuerbaren, Smartmetern, Speichern gibt",de,0.9975,
photo_bluesky_3934.jpg,bluesky,https://cdn.bsky.app/img/feed_fullsize/plain/did:plc:nir3ukk777z5d5mzbiyjksut/bafkreih3iwadeg4suehqkb3d3ppjefawxzfy2egtcp65ou46lq3e36zqru,https://bsky.app/profile/goerch.eurosky.social/post/3muhg6ljgb22e,T,M,Y,culture,,N,goerch.eurosky.social,"oder mal fragen, warum er ausgerechnet die schweiz als beispiel heranzieht und nicht griechenland, wo die doch sogar noch mehr stunden pro jahr arbeiten.",de,0.9993,
photo_bluesky_4049.jpg,bluesky,https://cdn.bsky.app/img/feed_fullsize/plain/did:plc:a6m3ri2o5qefcgw2av6vlc54/bafkreieyacd7cxux43sv3e36eqwthdmnf2n6yqvjneqpph45wvpxpeq2ke,https://bsky.app/profile/hubsi2026.bsky.social/post/3msdc5hikxs2e,T,R,Y,living,,Y,hubsi2026.bsky.social,"Tatsächlich?
Die Wissenschaftler des RKI sprechen von bisher über 5000 „Hitzetoten“ in Deutschland 2026!
Der ICD-Code für tatsächlich Hitzetote ist T67!
Hier nun die amtliche Statistik:

Genau 28 Hitzetote bis jetzt!
Ganz ohne statistische Spielchen!",de,0.9887,
photo_bluesky_4139.jpg,bluesky,https://cdn.bsky.app/img/feed_fullsize/plain/did:plc:a6m3ri2o5qefcgw2av6vlc54/bafkreia4cj5ywdvnwglxgjp26wbbidydndwsblyfbgcmfisx7hrasl72z4,https://bsky.app/profile/hubsi2026.bsky.social/post/3ms6ocjnhts23,T,R,Y,climate,,Y,hubsi2026.bsky.social,Die Temperaturen des Planeten! Noch nie war es kälter als in der Gegenwart!,de,0.7421,
photo_bluesky_4164.jpg,bluesky,https://cdn.bsky.app/img/feed_fullsize/plain/did:plc:vxh4zqod4wd4dtcuslrtkbfp/bafkreiedvk52hvkcy6kyum4fwcwyhg4wdfidmvi6hfx5yixpzmyrxl7kea,https://bsky.app/profile/astrolenni.bsky.social/post/3msdbp6i5jk2y,T,R,N,climate,,N,astrolenni.bsky.social,Und Marburg.,de,0.1911,
photo_bluesky_4285.jpg,bluesky,https://cdn.bsky.app/img/feed_fullsize/plain/did:plc:a6m3ri2o5qefcgw2av6vlc54/bafkreihjokj2wgkobmaa2yt3g2jnohnzbglpwypfbuhrl7fx7fzx7pf4fm,https://bsky.app/profile/hubsi2026.bsky.social/post/3mri34ohb3c2e,T,R,Y,politics,,Y,hubsi2026.bsky.social,Hör auf zu heulen! 🤣,de,0.9999,
photo_bluesky_4335.jpg,bluesky,https://cdn.bsky.app/img/feed_fullsize/plain/did:plc:e3pen4wddee6lrbwniwwkwco/bafkreieqehf5b4cwni62uj7q5tnme6fxgw2zjy5uyu3jukqb6j7mxcdhom,https://bsky.app/profile/evcurvefuturist.com/post/3mr246rurgs2j,T,R,Y,climate,,Y,evcurvefuturist.com,,NO_TEXT,0.0,
photo_bluesky_4592.jpg,bluesky,https://cdn.bsky.app/img/feed_fullsize/plain/did:plc:lqjwd4rjzbq7ohuqqsykl4pt/bafkreigiz326m5rno2ybbyy6tq2hfhsyq3i2wjvwghciaez4bkeeejyp3u,https://bsky.app/profile/01715501189.bsky.social/post/3mmdxj6mp5k2r,T,R,Y,politics,,Y,01715501189.bsky.social,"Wenn die afd zur Machtergreifung kommt, werden wir sie nicht mehr los ! 
Die Kinder und Enkel werden es ausbaden müssen ! 
Afd Verbot jetzt !",de,0.9965,
photo_bluesky_4668.jpg,bluesky,https://cdn.bsky.app/img/feed_fullsize/plain/did:plc:jiubyw4ufshngngshryfd5mq/bafkreigdjlw5shwrodembyjdljxgsssqb2d6sqbic67bj3xm3mw5eq4emi,https://bsky.app/profile/niemandnicht.bsky.social/post/3mjtx7f5fms2m,T,R,N,population,,Y,niemandnicht.bsky.social,Vlt hilft ein Blick auf die Altersstruktur,de,0.9991,
photo_bluesky_4670.jpg,bluesky,https://cdn.bsky.app/img/feed_fullsize/plain/did:plc:gh62i2jhdvperqirczrjnuc5/bafkreia3uzvutrk5rwnc2nsmpfjmptcgnu3r5pm3577tobyoo5m6is3sim,https://bsky.app/profile/omega2k.de/post/3mjtaosjmac2l,T,R,Y,immigration/crime,,Y,omega2k.de,"Das ist nicht Verblödung, das ist Absicht. Wetten ein paar Rechte bezahlen dafür? Ich hasse dieses Arschlochsystem: #Kapitalfaschismus.

Die Lügen einfach. Leider muss man auch für neue Zahlen als 2024 bezahlen, wie's aussieht.

de.statista.com/statistik/da...",de,0.9978,
photo_bluesky_4862.jpg,bluesky,https://cdn.bsky.app/img/feed_fullsize/plain/did:plc:rdwoizey4rgr5p67zfdiqhx2/bafkreidxadust6aps3zny2ayt55ls4w67cvjxxooeispz5r56web4nhpxm,https://bsky.app/profile/nonviolence.bsky.social/post/3mfebsnei4s2u,T,R,Y,politics/climate,,Y,nonviolence.bsky.social,"Die Letzte Generation ist schuld. Hätten die sich nicht hingeklebt, hätten wir alle Wärmepumpen und würden kein Fleisch mehr essen?

Tech Lösungen sind bei 1.6°C over. Wenn wir jetzt nicht zuerst die Bevölkerung & den Konsum reduzieren, würde Elektrifizierung das 3°C Budget bis 2030 verbrennen.",de,0.9979,
photo_bluesky_4918.jpg,bluesky,https://cdn.bsky.app/img/feed_fullsize/plain/did:plc:nesc4u45gzzo75f7dptatk3g/bafkreih6awxljk6q46kcnhhzfjzyhgn247vh32jd3sewpby6l65jmr5b2u,https://bsky.app/profile/wrtl.eurosky.social/post/3mebeuo3wns2c,T,R,Y,politics,,Y,wrtl.eurosky.social,"Wie wäre es denn mal, wenn jeder Bevölkerungsgruppe echte Interessensvertreter aus ihrer Perzentile wählen würden. Da braucht es dringend mehr Pressearbeit, um den Leuten klar zu machen, dass die AfD, CDU etc. absolut nicht die Interessen der Nicht-Reichen vertritt.",de,0.9812,
photo_bluesky_5064.jpg,bluesky,https://cdn.bsky.app/img/feed_fullsize/plain/did:plc:onqxflbsow57dte4vbjcpo7k/bafkreid2qh676jsvlwvdtecuvo45xwnm5bakcptpauydbkpr7zaydlimvu,https://bsky.app/profile/qattoon.de/post/3ma4lzcuolc2d,T,M,Y,climate,,Y,qattoon.de,"Dass ein Yachtbesitzer 3,5 Millionen geltend macht, obwohl er es eigentlich ist, der solche Summen als Ausgleich abdrücken müsste, das macht mich unglaublich wütend. Denn die Superreichen sind es, die am meisten verbrauchen, aber die bleiben unbehelligt und zahlen noch nicht einmal Steuern.",de,0.9967,
photo_bluesky_5072.jpg,bluesky,https://cdn.bsky.app/img/feed_fullsize/plain/did:plc:efysnnwvqoywn2crsjfm5625/bafkreidsa74jlatzjqxhuw3one4w2bv7fwcukdf426uxny6b3yuwgormui,https://bsky.app/profile/chickenlady.bsky.social/post/3ma3utmd6sc2f,T,R,Y,politics,,Y,chickenlady.bsky.social,"Aber ""wir"", das muss man einfach aus den Wahldaten ablesen:
WählerInnen haben es verursacht.
Mehr Stimmen den S&D, Renew Europe oder Grünen geben , statt Merz & Co hätte geholfen. 

#Selfinflicted

results.elections.europa.eu/en/germany/i...",de,0.9251,
photo_bluesky_5375.jpg,bluesky,https://cdn.bsky.app/img/feed_fullsize/plain/did:plc:dirvbxqk4zidnriy6qhs5zo5/bafkreieaonbznujsmtc767eor3molezmwzt7ccr2ugikvwbzmjh4olj4uu,https://bsky.app/profile/kaliyo.bsky.social/post/3lvsxyiyfb22v,T,R,Y,politics,,Y,kaliyo.bsky.social,"Nein, völliger Quark. Die SPD muss endlich mal sozialdemokratisch spielen. Die SPD hat Wählerpotential, welches sie nur regelmäßig an AfD und Union abgibt, weil sich Arbeiter:innen völlig zurecht seit Schröder von der SPD verarscht fühlen.",de,0.9956,
photo_bluesky_5403.jpg,bluesky,https://cdn.bsky.app/img/feed_fullsize/plain/did:plc:hbaucnxqhkvttu7iu23xu7v3/bafkreidhceefisoibfcrnuqw6tvg2if2xczrgfccneo67fdz6kczzlfjsm,https://bsky.app/profile/gustavmeyrink.bsky.social/post/3lunr2ahgg22g,T,R,N,climate,,Y,gustavmeyrink.bsky.social,Das ist gut so. Steht da auch drin das man Dinge tun sollte die CO2 Ausstoß nachweisbar und skalierbar senken?,de,0.9989,
photo_bluesky_5461.jpg,bluesky,https://cdn.bsky.app/img/feed_fullsize/plain/did:plc:nzjygelp423qb44j2ejhrpcc/bafkreiac57lclrg7pge7c3mhtp7dnumb7mvykrjdyntmgoyepff7jefksy,https://bsky.app/profile/oneiroi22.bsky.social/post/3ltkshfz5ek2r,T,R,N,climate/politics,,Y,oneiroi22.bsky.social,"Es wird heute in der Diskussion um den Merz-Ferz,""Deutschland verursacht nur 2% des weltweiten CO2Anfalls"" zu kurz gegriffen:

Die USA und die EU müssen die überproportionalen CO2-pro-Kopf Ausstoss dringend drastisch reduzieren, um den unausweichlichen asiatischen Anstieg zu kompensieren.

Schnell.",de,0.983,
photo_bluesky_5600.jpg,bluesky,https://cdn.bsky.app/img/feed_fullsize/plain/did:plc:fr6ewhvkwkbfxidzvrmdav7e/bafkreifacg6a26dnbgrshxwmlbljczab43syno4d36bjkhj2ud67oj27gm,https://bsky.app/profile/armingrau.bsky.social/post/3msfrh34htv2v,T,R,N,immigration,,Y,armingrau.bsky.social,"2025 sind nur 235.000 Personen nach DE zugewandert. Dies verschärft den Fachkräftemangel. Zuwanderung stabilisiert die Rente, doch die Regierung zerlegt sich lieber über die Rente nach 45 Beitragsjahren. 
urlz.fr/vfnf",de,0.995,
photo_bluesky_5603.jpg,bluesky,https://cdn.bsky.app/img/feed_fullsize/plain/did:plc:duec53heo3to34kpkbnwway4/bafkreibpzwpnfsyi33ppycgxuhnrb7zdvcqe2dwnfu26ke65fnwqn7yvde,https://bsky.app/profile/peterjelinek.bsky.social/post/3msd2iw6eyk2z,T,R,N,climate,,N,peterjelinek.bsky.social,"Also die Daten sind mehr als eindeutig: Einige Orte in Europa (zum Beispiel London, wie hier dargestellt) hatten seit Mitte Mai kaum noch ""normale"" oder sogar niedrigere als durchschnittliche Temperaturen.",de,0.9971,
photo_bluesky_5754.jpg,bluesky,https://cdn.bsky.app/img/feed_fullsize/plain/did:plc:c3c4qjmytmlpb45dsnpg2nqk/bafkreibsu4uuki5uupdbzpqyidp3obk5sp5yo6hh66rvlefsrz4omv6tvu,https://bsky.app/profile/thankyouforthefish.bsky.social/post/3ml73fdofys2d,T,R,Y,climate,,Y,thankyouforthefish.bsky.social,"Herzlichen Glückwunsch Menschheit

Der CO₂-Anteil in der Atmosphäre hat im April 431,12 ppm erreicht

Höchster Wert seit ~4,5 Millionen Jahren, als die globalen Temperaturen 2–3°C wärmer & der Meeresspiegel 15–25 Meter höher als heute waren

#Klimakatastrophe

gml.noaa.gov/ccgg/trends/...",de,0.9753,
photo_bluesky_5775.jpg,bluesky,https://cdn.bsky.app/img/feed_fullsize/plain/did:plc:gjokf3kwvsn7apyyslneqctb/bafkreicwhseiknwdz2xr37yz74stp3ywx27zjluuxn4472ypmskb3sr7xm,https://bsky.app/profile/christianstoecker.de/post/3mjtlp2d36a23,T,R,Y,climate/politics,,N,christianstoecker.de,"Die Union macht Energiepolitik für 15% der Bevölkerung und und prahlt auch noch ständig damit, wundert sich aber, dass die AfD in Umfragen an ihr vorbeizieht. Drei Viertel der Deutschen wollen weiterhin keine Rechtsextremen, aber 57% eine schnellere Energiewende. ",de,0.9959,
photo_bluesky_5836.jpg,bluesky,https://cdn.bsky.app/img/feed_fullsize/plain/did:plc:lp2yckcwmu2hpbrpysmyscjf/bafkreic3tavci7ewas4zwowbcfx74hasimevay3ktwhvgqqnehdtdwc2hy,https://bsky.app/profile/umweltbundesamt.bsky.social/post/3mgzgbm4qek2s,T,R,N,climate,,Y,umweltbundesamt.bsky.social,"📢 #Klimaschutz braucht neuen Schub, damit Deutschland seine #Klimaziele für das Jahr 2030 erreicht!

Die neuen UBA-Zahlen zu Deutschlands #Treibhausgasemissionen 2025 und die Projektionsdaten zu den Treibhausgasemissionen der kommenden Jahre sind da! 📊 

👉 www.umweltbundesamt.de/presse/press...",de,0.9838,
photo_bluesky_5837.jpg,bluesky,https://cdn.bsky.app/img/feed_fullsize/plain/did:plc:lp2yckcwmu2hpbrpysmyscjf/bafkreidcc4qzlk5kwzr7mnl3ytgjz75qonemfuxiw4dsqin6wf365rmsay,https://bsky.app/profile/umweltbundesamt.bsky.social/post/3mgzgbm4qek2s,T,R,N,climate,,Y,umweltbundesamt.bsky.social,"📢 #Klimaschutz braucht neuen Schub, damit Deutschland seine #Klimaziele für das Jahr 2030 erreicht!

Die neuen UBA-Zahlen zu Deutschlands #Treibhausgasemissionen 2025 und die Projektionsdaten zu den Treibhausgasemissionen der kommenden Jahre sind da! 📊 

👉 www.umweltbundesamt.de/presse/press...",de,0.9838,
photo_bluesky_5866.jpg,bluesky,https://cdn.bsky.app/img/feed_fullsize/plain/did:plc:vb4q6gkecpq2rx2d6rrpbqio/bafkreiacdza24ypvottwnyd42s45lff7tbilsgrm3lrpfq6augqno2wwgi,https://bsky.app/profile/parentsforfuture.de/post/3mfgups7e3k2j,T,R,N,climate,,N,parentsforfuture.de,"""You are here. We've breached 430 ppm CO₂"" - @petergleick.bsky.social 

(up from 352 ppm CO₂, when Taylor Swift was born, 1989 😬)

""Also shown is the emergence of Homo sapiens around 200,000 years ago - so CO₂ levels are higher than we've ever experienced.""

#ClimateCrisis",en,0.9418,
photo_bluesky_5867.jpg,bluesky,https://cdn.bsky.app/img/feed_fullsize/plain/did:plc:ol3j42oowru3x6r6u3qqgnfr/bafkreict6d4ko7kl2ikey2uvmno4hhktntdfxfx32b2qhi4jmnj2jf6pzy,https://bsky.app/profile/andreaskemper.bsky.social/post/3mfbycltnos2n,T,R,Y,politics,,Y,andreaskemper.bsky.social,"Wollen wir die #AfD bekämpfen, müssen wir das Thema Reichensteuer pushen. 70 Prozent aller Wähler*innen sind dafür. Sogar 2/3tel der CDU/CSU. Und bei der AfD könnte über ein Drittel der Wähler*innen ins Grübeln kommen.",de,0.9961,
photo_bluesky_5982.jpg,bluesky,https://cdn.bsky.app/img/feed_fullsize/plain/did:plc:j6uxiesfwdr673q243ufnngu/bafkreiekvxaalu5obiotyxupwo6lqiie7mmdri2nlx66pdwujysz62xgre,https://bsky.app/profile/omagrhalle.bsky.social/post/3m3epatvas22p,T,R,Y,mobility/climate,,Y,omagrhalle.bsky.social,Österreich macht's vor!  Und Deutschland so?,de,0.8819,
photo_bluesky_6010.jpg,bluesky,https://cdn.bsky.app/img/feed_fullsize/plain/did:plc:caoilfvxiz7muekci2df4xpd/bafkreibq4hs5d4f4v4lgxwlaub74nnx2kx4u7cjmf5vmkdoixx6y3jvvoa,https://bsky.app/profile/palle.eurosky.social/post/3lzdo35mf6c24,T,R,N,finance,,N,palle.eurosky.social,"Soll mal noch jemand sagen, dass das nicht funktioniert... also mit den Abo-Kuendigungen! #Disney",de,0.9983,
photo_bluesky_6047.jpg,bluesky,https://cdn.bsky.app/img/feed_fullsize/plain/did:plc:4kjl3i2vhf6jew3c664o6h4c/bafkreia2t44tnpcqu6tcml3wsugsjw24b3ntnmplpecdlg77bh5zqe2ufe,https://bsky.app/profile/ruthmoschner.bsky.social/post/3lwberuayi22c,T,R,Y,politics,,N,ruthmoschner.bsky.social,"Was haben ARD, ZDF, AfD, Jens Spahn und Julia Klöckner gemeinsam? Sie sind Öffentlich-Rechte.",de,0.9904,
photo_bluesky_6056.jpg,bluesky,https://cdn.bsky.app/img/feed_fullsize/plain/did:plc:eronyhtcn3eycaxa4k2i4xtf/bafkreiaczedrr3hey2yoegp5rnluqhkt7ud6wpphcrrlykijseyiars3ty,https://bsky.app/profile/sixtus.net/post/3lvs5xmwyus2y,T,R,N,politics,,N,sixtus.net,Das sind schon krass postfaktische Zeiten: CxU und AfD haben von den Parteien im Bundestag die deutlichsten Umverteilungsprogramme von unten nach oben und sie werden zusammen von 60% der Arbeiter*innen und 50% der Arbeitslosen gewählt.,de,0.9983,
photo_bluesky_6159.jpg,bluesky,https://cdn.bsky.app/img/feed_fullsize/plain/did:plc:3nywfrt3i2mg4d5s2e2sohug/bafkreic7nhwrlzm4n3ujhhtzovulzy66wuptmzjnkdquwefdmzqvicojcm,https://bsky.app/profile/herr-natuerlich.bsky.social/post/3mujmp7lcp22t,T,R,Y,cars,,Y,herr-natuerlich.bsky.social,Wenn Sie das für eine Exponentialkurve halten….,de,0.9995,
photo_bluesky_6222.jpg,bluesky,https://cdn.bsky.app/img/feed_fullsize/plain/did:plc:rdwoizey4rgr5p67zfdiqhx2/bafkreihkntsfpzhtqlhysxc4bcpqjskjuli2fdqtzre4jtemiwwulizasy,https://bsky.app/profile/nonviolence.bsky.social/post/3muikus34zs22,T,R,Y,energy resources,,Y,nonviolence.bsky.social,"Strom ist nicht Energie. 

Schina ist kein Klima ""Führer"".",de,0.9995,
photo_bluesky_6258.jpg,bluesky,https://cdn.bsky.app/img/feed_fullsize/plain/did:plc:o7crvue6sxcuqjhe5ogubmyg/bafkreibmeykodropopvxoh5wcoc2rvhynl7wu3zdfx5avcmqjdvlkeqduq,https://bsky.app/profile/pontiuspilatus.bsky.social/post/3mu5ufrs5a222,T,R,N,energy resources,,Y,pontiuspilatus.bsky.social,Der weltweite Mehrbedarf wurde nahezu ausschließlich von regenerativen Energieträgern abgedeckt:,de,0.9988,
photo_bluesky_6483.jpg,bluesky,https://cdn.bsky.app/img/feed_fullsize/plain/did:plc:a6m3ri2o5qefcgw2av6vlc54/bafkreieyacd7cxux43sv3e36eqwthdmnf2n6yqvjneqpph45wvpxpeq2ke,https://bsky.app/profile/hubsi2026.bsky.social/post/3msdc5hikxs2e,T,R,Y,climate,,Y,hubsi2026.bsky.social,"Tatsächlich?
Die Wissenschaftler des RKI sprechen von bisher über 5000 „Hitzetoten“ in Deutschland 2026!
Der ICD-Code für tatsächlich Hitzetote ist T67!
Hier nun die amtliche Statistik:

Genau 28 Hitzetote bis jetzt!
Ganz ohne statistische Spielchen!",de,0.9887,
photo_bluesky_6727.jpg,bluesky,https://cdn.bsky.app/img/feed_fullsize/plain/did:plc:a6m3ri2o5qefcgw2av6vlc54/bafkreiayknwisprdsdmmnhgtijsnquw6oyd5zm2omh4khh7vussbmrmnue,https://bsky.app/profile/hubsi2026.bsky.social/post/3mqw54vzf422p,T,R,Y,energy resources,,Y,hubsi2026.bsky.social,,NO_TEXT,0.0,
photo_bluesky_6941.jpg,bluesky,https://cdn.bsky.app/img/feed_fullsize/plain/did:plc:thwynjjqgxffog35vyk55mao/bafkreigfdcqqjcsioxyag5w7vnpkpam6cmmztpjwingbxjumllxd4fl7s4,https://bsky.app/profile/zhmagoo.bsky.social/post/3mq54chzlh227,T,M,Y,Energy prices,,N,zhmagoo.bsky.social,"Woher kommen diese Zahlen, 7.5Rp bei Solar? Der Netzzuschlag, welcher u.a. für die EiV verwendet wird, ist nur 2.3Rp, und das ist ja keine Sunvention des Bundes, sondern sind solidarisierte Kosten.",de,0.9989,
photo_bluesky_6995.jpg,bluesky,https://cdn.bsky.app/img/feed_fullsize/plain/did:plc:tsqbmbakmlkyafyddnvaihp7/bafkreigslnfzqu5f6gzol563o5clijzbwupjfqesf7c7uutyln3xaxn54a,https://bsky.app/profile/irreverentginger.bsky.social/post/3mplb2y467c2h,T,R,Y,politics,,N,irreverentginger.bsky.social,I haven’t heard of anyone asking for Britain’s help like we helped Britain during WWII. Note in the graph Trump won 2024 by 1.5%. To use the term “you” is misleading. And I still question Musk’s influence on 2024. Words of encouragement would help instead of slamming the door in our face. 🇺🇸,en,0.9484,
photo_bluesky_7167.jpg,bluesky,https://cdn.bsky.app/img/feed_fullsize/plain/did:plc:jgmwjhyvoxxnoq3d3u7t55xf/bafkreid5fqgyya4rjde33d4yspx2lobcpzoamdztubyeuyasvihsrf44ou,https://bsky.app/profile/anmako96.bsky.social/post/3mpa2q5zngk2z,T,R,N,climate,,N,anmako96.bsky.social,aufjedenFall ... 🤪,de,0.7613,
photo_bluesky_7171.jpg,bluesky,https://cdn.bsky.app/img/feed_fullsize/plain/did:plc:4jjvzdsg5lge2e3hm4s6zgqi/bafkreiddymvxqiidiuvl6nn5uqc4vexkvbi5jesf75fdjyfknlpl5xdufq,https://bsky.app/profile/csamimi.bsky.social/post/3mpax7zcw7c2l,T,M,Y,climate,,N,csamimi.bsky.social,"Das einzige ""Falsche"" ist, dass es erst in Jahrhunderten sichtbar ist. Unter den damaligen Annahme war es aber nicht mal flasch. Arrhenius hat es schon 1895 beschrieben. Spätestens seit den 60er ist auch modelliert, z.B. von der #fossilmafia selbst",de,0.9982,
photo_bluesky_7203.jpg,bluesky,https://cdn.bsky.app/img/feed_fullsize/plain/did:plc:spdc4t74dv5dqdnxu5gwogfn/bafkreigig6courmnfhifx6xavgd5kjt2zqvtoim64px7ymeyphqtinqlbe,https://bsky.app/profile/cologne.eurosky.social/post/3mozu3o67wc2p,T,R,N,energy resources,,Y,cologne.eurosky.social,Schlaues gegen Dummes,de,0.984,
photo_reddit_2718.jpg,reddit,https://i.redd.it/igzz3tywqgmh1.png,https://www.reddit.com/r/switzerland/comments/1w2aooa/,T,R,N,finance,,N,r/switzerland,"Latest GAO report shows the F-35 only reach a 24.6% of full mission capable rate.
https://preview.redd.it/h4gv1o5wqgmh1.png?width=1086&format=png&auto=webp&s=72d0fe2348d051ab891daa2c68e11340bf10b79f

https://preview.redd.it/igzz3tywqgmh1.png?width=1280&format=png&auto=webp&s=8f3b3a7d0fdc03c08ed7f60d6114c01227eb5ec4

It also shows that the F-35A (the version we bought) is at a mere 28.5% full mission capable rate while the targeted goal was, at minimum, 65% by 2025.

Basically, a quarter of the fleet is available for missions at time. Meaning that on our 36 F-35, 9 would ba available at time.

More planes in maintenance means increased maintenance costs. The US Air Force is still not under their affordability target and maintenance costs increase every year.

We're up for a pretty bad surprise.

[https://www.gao.gov/assets/gao-26-108113.pdf](https://www.gao.gov/assets/gao-26-108113.pdf)",en,0.9661,
photo_reddit_2778.jpg,reddit,https://i.redd.it/1kub7zazqrlh1.jpeg,https://www.reddit.com/r/switzerland/comments/1vz6p06/,T,R,N,population,,N,r/switzerland,"Well, who knew Switzerland’s canton population like this?
Is AI really gonna take our jobs? (Rhetoric, no need to deep dive). 

The locations of Basel-stadt and Solothurn gave me a heart attack, ngl. 😂😭😂😭 and Valais is missing.",en,0.8985,
photo_reddit_2870.jpg,reddit,https://i.redd.it/0l0liyd3zrjh1.jpeg,https://www.reddit.com/r/switzerland/comments/1vq3n1x/,T,R,Y,living,,N,r/switzerland,"[ Removed by moderator ]
No surprise seeing Zurich and Geneva on the expensive end of this chart.

What surprised me is how high they still rank on quality of life. Zurich is basically at the far right on cost and still sits near the top. Geneva isn’t far behind.

The chart compares 306 cities and removes price-related factors from the quality-of-life score.

For people actually living in Switzerland: fair or nonsense?",en,0.9509,
photo_reddit_2877.jpg,reddit,https://i.redd.it/4da8vj33ojjh1.jpeg,https://www.reddit.com/r/switzerland/comments/1vp3ilt/,T,R,N,wealth,,N,r/switzerland,Wealth tax rate on CHF 100 million in Switzerland by community.,en,0.984,
photo_reddit_2977.jpg,reddit,https://i.redd.it/78tkl8n50qhh1.png,https://www.reddit.com/r/switzerland/comments/1vgyzh2/,T,R,N,green in cities,,N,r/switzerland,[ Removed by moderator ],en,0.9484,
photo_reddit_3256.jpg,reddit,https://i.redd.it/nivnh5rlzqhh1.png,https://www.reddit.com/r/umwelt_de/comments/1vht9br/,T,M,Y,climate,,N,r/umwelt_de,"Ich habe eine Karte gebaut, die jedes Gebäude in Mannheim nach seiner Baumbedeckung einfärbt",de,0.9996,
photo_reddit_3315.jpg,reddit,https://i.redd.it/fczjy8hwxseh1.jpeg,https://www.reddit.com/r/umwelt_de/comments/1v4eubp/,T,M,Y,energy,,N,r/umwelt_de,Es ist echt schon beängstigend,de,0.9974,
photo_reddit_3741.jpg,reddit,https://i.redd.it/b6x9etqrwm5d1.jpeg,https://www.reddit.com/r/umwelt_de/comments/1dda5aa/,T,M,Y,climate,,Y,r/umwelt_de,Great Pacific Garbage Patch,en,0.5585,
photo_reddit_3830.jpg,reddit,https://a.thumbs.redditmedia.com/JqhXQcn_LR2Bw90gDkH9c0Qfc-DDLT0zHxmM2ViqF48.jpg,https://www.reddit.com/r/umwelt_de/comments/199uz9h/,T,R,Y,climate,,Y,r/umwelt_de,Klimasabotage - Schwerpunkt auf taz.de,de,0.9821,
photo_reddit_4114.jpg,reddit,https://b.thumbs.redditmedia.com/sjS5YP_U6RqaVSQmBGig_XNa06N04jtPLSXGQ55KC_c.jpg,https://www.reddit.com/r/umwelt_de/comments/14fz9b5/,T,M,Y,climate,,Y,r/umwelt_de,Ungebremstes Wachstum sprengt den Planeten. Aber woher kommt der Zwang zum Wachstum? Interview mit Prof. Andreas Novy von der Wirtschaftsuniversität Wien,de,0.979,
photo_reddit_4948.jpg,reddit,https://i.redd.it/m2f1meqefwc81.png,https://www.reddit.com/r/umwelt_de/comments/s9840p/,T,R,N,climate,,Y,r/umwelt_de,[OC] STATE OF THE CLIMATE | Global Temperatures from 1880-2021.,en,0.7307,
photo_reddit_5076.jpg,reddit,https://i.redd.it/x08h13aoann71.jpg,https://www.reddit.com/r/umwelt_de/comments/ponj3e/,T,M,Y,climate,,Y,r/umwelt_de,Rollende Klimasünder,de,0.5265,
photo_reddit_5172.jpg,reddit,https://i.redd.it/f16dkuyv37c71.jpg,https://www.reddit.com/r/umwelt_de/comments/onhg0g/,T,M,Y,climate,,Y,r/umwelt_de,Wie viel Grad Erderhitzung wirst du noch erleben?,de,0.9968,
photo_reddit_5184.jpg,reddit,https://i.redd.it/u18noyg7sbb71.png,https://www.reddit.com/r/umwelt_de/comments/oknhpl/,T,M,Y,climate,,Y,r/umwelt_de,"Wie schnell Elektroautos sauberer sind als Verbrenner, wie viel effizienter E vs. Benzin/Diesel ist und warum Wasserstoff keinen Sinn macht",de,0.9913,
photo_reddit_5273.jpg,reddit,https://i.redd.it/2kcjk7df2bx61.jpg,https://www.reddit.com/r/umwelt_de/comments/n5g6bk/,T,M,Y,climate/food,,Y,r/umwelt_de,Die EU lässt nun offiziell erste Insekten als Lebensmittel zu [Katapult-Magazin],de,0.9876,
photo_reddit_5294.jpg,reddit,https://i.redd.it/51djpviv9av61.jpg,https://www.reddit.com/r/umwelt_de/comments/my4bel/,T,R,Y,living,,Y,r/umwelt_de,Der Stromverbrauch des Bitcoins steigt. [Katapult-Magazin],de,0.8559,
photo_reddit_5368.jpg,reddit,https://i.redd.it/clf53it8q8h61.jpg,https://www.reddit.com/r/umwelt_de/comments/lizvy6/,T,R,Y,climate,,Y,r/umwelt_de,Klimasünde: Fast Fashion,de,0.6332,
photo_reddit_5388.jpg,reddit,https://i.redd.it/y4lbbw2rvob61.png,https://www.reddit.com/r/umwelt_de/comments/kyi88y/,T,M,Y,climate,,Y,r/umwelt_de,"Laut dem britischen MetOffice war das Jahr 2020 das zweitwärmste seit Beginn der Aufzeichnungen. Die globale Durchschnittstemperatur lag 1,28 Grad Celsius über dem Durchschnitt der vorindustriellen Zeit. Besonders warm war es in der Arktis und in Sibirien. [Katapult-Magazin]",de,0.9734,
photo_reddit_5430.jpg,reddit,https://i.redd.it/hfzu8b8v8m261.png,https://www.reddit.com/r/umwelt_de/comments/k4qcup/,T,R,N,marine life,,Y,r/umwelt_de,Lärm als Umweltverschmutzung [Katapult-Magazin],de,0.9552,
photo_reddit_5431.jpg,reddit,https://i.redd.it/l56v0j2f6m261.jpg,https://www.reddit.com/r/umwelt_de/comments/k4q20t/,T,M,Y,climate,missing units?,Y,r/umwelt_de,Klimabilanz beliebter Lebensmittel [Quarks],de,0.6404,
photo_reddit_5468.jpg,reddit,https://i.redd.it/ih444g5f00u51.png,https://www.reddit.com/r/umwelt_de/comments/jdwtg9/,T,M,Y,climate,,Y,r/umwelt_de,Darum braucht es politische Lösungen [Quarks],de,0.8716,
photo_reddit_5506.jpg,reddit,https://i.redd.it/muj3jw5213o51.png,https://www.reddit.com/r/umwelt_de/comments/ivq6jy/,T,M,Y,climate,,Y,r/umwelt_de,"In den letzten dreißig Jahren haben wir 420 Millionen Hektar Wald weltweit abgeholzt - und nur 240 Millionen haben sich wieder regeneriert oder wurden aufgeforstet. Noch eine Menge zu tun also, sonst wird es eng für viele Tiere und Pflanzen... [Quarks]",de,0.9989,
photo_reddit_5560.jpg,reddit,https://i.redd.it/efgiz53fi4i51.jpg,https://www.reddit.com/r/umwelt_de/comments/id6v8k/,T,M,Y,climate,is it now katapult or own research?,Y,r/umwelt_de,Jedes Jahr verödet durch Versalzung eine Fläche in der Größe des österreichischen Bundeslandes Salzburg. [Katapult-Magazin],de,0.984,
photo_reddit_5583.jpg,reddit,https://i.redd.it/9fovqv13jxf51.png,https://www.reddit.com/r/umwelt_de/comments/i6ff0c/,T,R,N,climate,,Y,r/umwelt_de,So viel CO2 gelangt durch die Brände in die Atmosphäre. Sibirien brennt diesen Sommer so viel wie noch nie. Das geht auch dich etwas an. Denn der CO2-Ausstoß könnte Auswirkungen auf das Weltklima haben. [Quarks],de,0.9985,
photo_reddit_5602.jpg,reddit,https://i.redd.it/cmd5qy9r2mb51.png,https://www.reddit.com/r/umwelt_de/comments/htfzzh/,T,R,N,climate,,Y,r/umwelt_de,Steigende Methankonzentration in Atmosphäre [Quarks],de,0.7444,
photo_reddit_5630.jpg,reddit,https://i.redd.it/59k6cuiarg651.jpg,https://www.reddit.com/r/umwelt_de/comments/hdsj9k/,T,M,Y,climate/food,,Y,r/umwelt_de,Der echte Preis von Lebensmitteln,de,0.9892,
photo_reddit_5666.jpg,reddit,https://i.redd.it/uw6sxky1hrz41.png,https://www.reddit.com/r/umwelt_de/comments/gmtqun/,T,R,N,mobility/climate,,Y,r/umwelt_de,"In Deutschland sind seit 1990 insgesamt über 6.300 Kilometer Strecke stillgelegt worden. Diese Länge entspricht den aktiven elektrifizierten Schienennetzen von Norwegen, Dänemark und den Niederlanden zusammen. [Katapult]",de,0.9905,
photo_reddit_5674.jpg,reddit,https://i.redd.it/okmxq9wqpjv41.png,https://www.reddit.com/r/umwelt_de/comments/g9lo14/,T,R,N,climate,,Y,r/umwelt_de,"Trockenheit und Dürre nehmen weiter zu. Eine Stresssituation für unsere Wälder. „Der Klimawandel ist endgültig und für alle sichtbar im deutschen Wald angekommen,“ sagt Nicole Wellbrock vom Thünen-Institut für Waldökosysteme.",de,0.9938,
photo_reddit_5771.jpg,reddit,https://i.redd.it/qzsj1g2k0wd41.png,https://www.reddit.com/r/umwelt_de/comments/ew2z5g/,T,M,Y,climate,,Y,r/umwelt_de,Der Gesetzentwurf ist verabschiedet. Wir steigen aus der Kohle aus – zumindest auf dem Papier [Quarks],de,0.999,
photo_reddit_5775.jpg,reddit,https://i.redd.it/7pps4n4cnxc41.png,https://www.reddit.com/r/umwelt_de/comments/etr87e/,T,M,Y,climate/food,,Y,r/umwelt_de,Insekten vs. Fleisch [Quarks],no,0.6129,
photo_reddit_5810.jpg,reddit,https://i.redd.it/yx4y241vdb941.png,https://www.reddit.com/r/umwelt_de/comments/el8n1i/,T,M,Y,climate,how large are the forests compared to the busch in australia,Y,r/umwelt_de,"Die Buschbrände in Australien sind verheerend. Wie sehr, ist uns bei der Produktion dieser Grafik nochmal bewusster geworden. Wir mussten sie mehrmals anpassen, weil die Feuer so schnell wachsen. [Quarks]",de,0.995,
photo_reddit_5914.jpg,reddit,https://i.redd.it/4bs6scjpu1z31.png,https://www.reddit.com/r/umwelt_de/comments/dx6udu/,T,M,Y,mobility/climate,,Y,r/umwelt_de,Autos sollen klimafreundlicher werden. Die Realität sieht anders aus: SUVs sind deutlich beliebter als E-Autos. Die schweren Verbrenner verbrauchen mehr Kraftstoff als Mittelklassewagen – und produzieren viel mehr CO2,de,0.9911,
photo_reddit_5943.jpg,reddit,https://i.redd.it/3edp5vik3wv31.png,https://www.reddit.com/r/umwelt_de/comments/dpolmp/,T,R,N,climate/wildlife,,Y,r/umwelt_de,"Insektenschwund: Vor allem die intensive Nutzung von Wiesen und Wäldern sei für das Sterben der Insekten und Spinnentiere verantwortlich, vermuten die Forscher. [Quarks]",de,0.9426,
photo_reddit_5970.jpg,reddit,https://i.redd.it/vuhi4w74h2t31.png,https://www.reddit.com/r/umwelt_de/comments/dj3oom/,T,M,Y,living,,Y,r/umwelt_de,In Europa wird die Luft besser – Das Problem: Zu langsam! Vielerorts werden immer noch die Grenzwerte überschritten – mit schweren gesundheitlichen Folgen für die Bevölkerung.,de,0.997,
photo_reddit_5991.jpg,reddit,https://i.redd.it/qupeaz9bmxq31.png,https://www.reddit.com/r/umwelt_de/comments/de414r/,T,R,N,mobility/climate,,Y,r/umwelt_de,Wie viel geben Städte für Fahrradwege aus?,de,0.9986,
photo_reddit_6038.jpg,reddit,https://i.redd.it/boxm7pgtyrl31.png,https://www.reddit.com/r/umwelt_de/comments/d284g8/,T,M,Y,climate,,Y,r/umwelt_de,"Was bringt das Verzicht eigentlich? Vergleich, was Fleisch- und Autoverzicht bedeutet",de,0.8727,
photo_reddit_6108.jpg,reddit,https://i.redd.it/7o3cya1x91a31.png,https://www.reddit.com/r/umwelt_de/comments/ccn5aq/,T,R,Y,living,,Y,r/umwelt_de,180 Euro pro Tonne CO2 – das ist die Forderung der Fridays for Future Bewegung. Unser Leben würde dadurch an vielen Stellen sehr viel teurer. Sollte uns der Klimaschutz das nicht wert sein?,de,0.9903,
photo_reddit_6300.jpg,reddit,https://i.redd.it/ci1fkiqt2fgh1.png,https://www.reddit.com/r/deutschland/comments/1vb3by5/,T,R,N,green in cities,,N,r/deutschland,"Hitze in Städten - Durschnittliche Fläche die von Bäumen beschattet wird
Ich habe vor ein paar Tagen einen Artikel über Hitze in Städten gelesen. Croeser, Rahman & Ghosh (2026) schreiben, dass es in der Umgebung von Gebäuden innerhalb eines Radius von 60 m mindestens 30 % Baumbedeckung geben sollte. In dem Artikel habe ich dazu eine Visualisierung für Berlin gesehen:  
[https://www.spiegel.de/wissenschaft/natur/hitze-in-europa-wie-gut-stadtbaeume-vor-extremer-waerme-schuetzen-a-9a0b26e5-f8ae-4fa5-a897-2f2b026f5226?giftToken=a8462cd8-83b8-4712-8ad1-c0d1f0147f6d](https://www.spiegel.de/wissenschaft/natur/hitze-in-europa-wie-gut-stadtbaeume-vor-extremer-waerme-schuetzen-a-9a0b26e5-f8ae-4fa5-a897-2f2b026f5226?giftToken=a8462cd8-83b8-4712-8ad1-c0d1f0147f6d)

Da ich nicht in Berlin wohne, wollte ich sehen, wie das für meine Stadt aussieht. Deshalb habe ich gestern und heute daran gearbeitet, eine entsprechende Visualisierung zu erstellen. Ich habe Bilder aus dem Datensatz *Digitales Orthophoto RGB 20cm (DOP20 RGB)* verwendet und das DeepLabV3Plus-Netzwerk genutzt, um die Bäume in den Bildern zu erkennen.

Die Visualisierung wurde mit *MapLibre g*emacht. Eine interaktive Version gibt es hier:  
[https://schultz-web.de/StadtBegruenung](https://schultz-web.de/StadtBegruenung)  
(Das Laden der Daten dauert etwas.)

Ich habe meinen Code auf GitHub veröffentlicht, sodass auch andere die Visualisierung für ihre eigene Stadt erstellen können:  
[https://github.com/jcscaptures/CityTreeCover](https://github.com/jcscaptures/CityTreeCover)",de,0.9979,
photo_reddit_6620.jpg,reddit,https://i.redd.it/lmvqxkv88phg1.jpeg,https://www.reddit.com/r/deutschland/comments/1qwp86s/,T,R,N,living,,N,r/deutschland,Mietpreisentwicklung in Deutschland,de,0.9555,
photo_reddit_6971.jpg,reddit,https://i.redd.it/wzpyxe2h52pf1.jpeg,https://www.reddit.com/r/deutschland/comments/1nghtxf/,T,R,Y,living,,Y,r/deutschland,Verdopplung der Erbschaft- und Schenkungsteuer - rechtzeitig vermeiden!,de,0.9726,
photo_reddit_7161.jpg,reddit,https://i.redd.it/uh7lyqbhqu9f1.jpeg,https://www.reddit.com/r/deutschland/comments/1lncg4k/,T,M,Y,living,,Y,r/deutschland,"Mindestlohn steigt auf 13,90 € – gerechte Anpassung oder politisches Feigenblatt?",de,0.9831,
photo_reddit_7477.jpg,reddit,https://i.redd.it/3ijx9r0f6wke1.png,https://www.reddit.com/r/deutschland/comments/1iwaazp/,T,R,N,politics,,N,r/deutschland,FINAL PREDICTION,mk,0.1777,
photo_reddit_8304.jpg,reddit,https://i.redd.it/1n4kvvb18llh1.png,https://www.reddit.com/r/wohnen/comments/1vyd3e3/,T,R,N,living,,N,r/wohnen,"Nebenkosten-Nachzahlung über 1.161 € für 3 Monate – kann das stimmen?
Hallo zusammen,

ich bin seit September 2025 Mieter einer Wohnung, bin aber erst im Oktober 2025 tatsächlich eingezogen. Mit dem Vermieter war vereinbart, dass ich die Nebenkosten bereits ab September zahle, obwohl die Wohnung leer stand.

Jetzt habe ich meine Betriebskosten-/Heizkostenabrechnung bekommen und soll über 1000€ nachzahlen.

Ich werde aus der Abrechnung  nicht ganz schlau und frage mich, ob ich etwas übersehe oder ob eventuell ein Fehler vorliegt.

Eckdaten zum Verbrauch:

* Erdgeschoss
* 95 m\^2
* 2 Personen
* Nachzahlung beträgt: 1.161,08€
* Vorauszahlungen für diesen Zeitraum waren 570 €
* Neue Vorauszahlung steigt von 285€ auf 427€
* Heizverbrauch im Vergleich zum Referenzverbrauch deutlich darunter
* Warmwasserverbrauch im Vergleich zum Referenzverbrauch deutlich darunter

Ich frage mich nun:

* Sind solche Kosten realistisch?
* Ist es normal, dass trotz eines deutlich unter dem Referenzwert liegenden Verbrauchs solche Heizkosten entstehen?
* Könnte ein Fehler bei der Abrechnung vorliegen?
* Was sollte ich jetzt noch überprüfen oder unternehmen, bevor ich die Nachzahlung leiste / nicht leiste?
* Ist die Erhöhung der Vorauszahlung auf 427 € gerechtfertigt, da sie offenbar zu einem großen durch die Heizkosten der Heizperiode September bis Dezember entstanden ist?

Ich habe die relevanten Seiten der Abrechnung angehängt.

Falls jemand Erfahrung mit Heizkosten- oder Betriebskostenabrechnungen hat, wäre ich sehr dankbar, wenn ihr mal einen Blick darauf werfen könntet.

  
Edit:

Ich habe vergessen ein Bild bezüglich des Referenzverbrauchs hinzuzufügen. Das findet man jetzt hier:

[https://imgur.com/a/5o0DXwW](https://imgur.com/a/5o0DXwW)",de,0.9985,
photo_reddit_10726.jpg,reddit,https://i.redd.it/9us4wcnbyvlg1.png,https://www.reddit.com/r/de/comments/1rfiu5o/,T,R,N,politics,,Y,r/de,Neue Umfrage in Baden-Württemberg - Grüne rücken bis auf 1% an die CDU heran,de,0.9821,
photo_reddit_11826.jpg,reddit,https://i.redd.it/98ppycxs2mjh1.png,https://www.reddit.com/r/austria/comments/1vpfjbn/,T,R,N,climate,,Y,r/austria,"Temperaturen und Niederschlag von diesem Jahr bis jetzt
Quelle Geosphere Klimamonitoring: [https://klimaportal.geosphere.at/klimamonitoring/?view=fullscreen&param=rr&period=period-y-2026&ref=1](https://klimaportal.geosphere.at/klimamonitoring/?view=fullscreen&param=rr&period=period-y-2026&ref=1)",de,0.9923,
photo_reddit_12018.jpg,reddit,https://i.redd.it/vizo5ih28shh1.jpeg,https://www.reddit.com/r/austria/comments/1vh9a0z/,T,R,N,climate,,Y,r/austria,"Is ja nur Wetter, den Klimawandel gibt es nicht /s 🤪",de,0.9901,
photo_reddit_12029.jpg,reddit,https://i.redd.it/znrsm3p6ephh1.png,https://www.reddit.com/r/austria/comments/1vgww3p/,T,R,N,energy,,N,r/austria,Wöchentliche Abweichung der Stromerzeugung mit Laufwasserkraft 2026 vom Durchschnitt 2018-2025,de,0.994,
photo_reddit_12130.jpg,reddit,https://i.redd.it/n00j58ujzxgh1.png,https://www.reddit.com/r/austria/comments/1vdezsn/,T,R,Y,climate,,N,r/austria,Erwartete Temperaturen am Dienstag – im Osten Österreichs bis zu 40 °C,de,0.9611,
photo_reddit_12528.jpg,reddit,https://i.redd.it/9ow3c9pd3ech1.jpg,https://www.reddit.com/r/austria/comments/1usl80h/,T,R,N,politics,,Y,r/austria,"Sonntagsfrage KW 28
Die Sonntagsfrage zeigt das aktuelle Stimmungsbild der Bevölkerung vor der heute beginnenden 11-wöchigen Sommerpause des Parlaments.

Wir dürfen gespannt sein, wie es im Herbst weitergeht.

***Begriffserklärungen:***

**n** = die Anzahl der befragten Personen (2000)

„**Rohdaten**“ bedeutet die direkten Antworten der befragten Personen ohne statistische Korrekturen.

„**Hochrechnung**“ bedeutet, dass das Institut die Daten danach noch mathematisch anpasst, damit sie realistischer zur tatsächlichen Bevölkerung bzw. zum typischen Wahlverhalten passen.",de,0.9914,
photo_reddit_12530.jpg,reddit,https://i.redd.it/9ow3c9pd3ech1.jpg,https://www.reddit.com/r/austria/comments/1usl80h/,T,R,N,politics,,N,r/austria,"Sonntagsfrage KW 28
Die Sonntagsfrage zeigt das aktuelle Stimmungsbild der Bevölkerung vor der heute beginnenden 11-wöchigen Sommerpause des Parlaments.

Wir dürfen gespannt sein, wie es im Herbst weitergeht.

***Begriffserklärungen:***

**n** = die Anzahl der befragten Personen (2000)

„**Rohdaten**“ bedeutet die direkten Antworten der befragten Personen ohne statistische Korrekturen.

„**Hochrechnung**“ bedeutet, dass das Institut die Daten danach noch mathematisch anpasst, damit sie realistischer zur tatsächlichen Bevölkerung bzw. zum typischen Wahlverhalten passen.",de,0.9914,
photo_reddit_13037.jpg,reddit,https://i.redd.it/as62n0cpf29h1.png,https://www.reddit.com/r/austria/comments/1udncpv/,T,M,Y,Energy prices,,N,r/austria,Strompreise be like...,de,0.4605,
photo_reddit_13185.jpg,reddit,https://i.redd.it/rmruk21d2v7h1.png,https://www.reddit.com/r/austria/comments/1u8dbkg/,T,R,Y,politics,,N,r/austria,Sonntagsfrage 12.06.26; n = 2000,de,0.6243,
photo_reddit_13554.jpg,reddit,https://i.redd.it/t5grp19jq14h1.png,https://www.reddit.com/r/austria/comments/1tqwl7t/,T,R,N,living,,Y,r/austria,"Leistbarkeit von Einfamilienhäusern
Link zu Artikel TT: https://tt.com/go/30934938
Link ORF On: https://on.orf.at/video/14324651/16094777/eigenheim-wird-immer-weniger-leistbar 
Link ORF Website: https://orf.at/stories/3431675/     
    
Als Beispiel (kein rant, nur meine Beobachtung)
Ich wohne im Tiroler Unterland in ländlicher Gegend, umgeben von Tourismusgebieten. EFH gehen auf willhaben aktuell durchschn. zwischen 700k-1,3Mio her meist kaum 500m2 dabei.      
Wie ist die Lage in eurer Gegend nach eurer persönlichen Einschätzung?",de,0.9906,
photo_reddit_13564.jpg,reddit,https://i.redd.it/1rh2qzsw1y3h1.jpg,https://www.reddit.com/r/austria/comments/1tqgnqc/,T,R,N,politics,,Y,r/austria,"Sonntagsfrage KW 21, n=2000",de,0.5833,
photo_reddit_13572.jpg,reddit,https://i.redd.it/6rqawtujlv3h1.jpeg,https://www.reddit.com/r/austria/comments/1tq2t7a/,T,R,N,finance,,Y,r/austria,"Besser ois de…..
BIP pro Kopf 2019 vs 2025  
Traurige Entwicklung aber nicht wundernswert…",de,0.9149,
photo_reddit_13626.jpg,reddit,https://i.redd.it/msalbj80e83h1.png,https://www.reddit.com/r/austria/comments/1tn15te/,T,R,Y,mobility,,Y,r/austria,"VCÖ zur Einhaltung der Tempolimits in Ö vs CH
Der VCÖ schreibt zu diesem Bild: „In Österreich werden Tempolimits seltener eingehalten als in der Schweiz. In der Schweiz sind Toleranzgrenzen beim Überschreiten des Limits niedriger, Strafen & Kontrolldichte höher. Auch deshalb hatte die Schweiz 2025 um rund die Hälfte weniger Verkehrstote als Österreich.“

Es gibt im manchen Bereichen mMn gar keinen Grund _weniger_ streng als die Schweiz zu sein; es würde ja niemand überhaupt auf die Idee kommen zu behaupten die Schweiz wäre autoritär oder kommunistisch.",de,0.9943,
photo_reddit_13641.jpg,reddit,https://i.redd.it/zke5cmarxs2h1.png,https://www.reddit.com/r/austria/comments/1tlg0n0/,T,M,Y,living,,N,r/austria,"Average House Size in Square Meters (M2) by Country
Greßa ois",en,0.8734,
photo_reddit_13653.jpg,reddit,https://i.redd.it/9jtamli0lo2h1.png,https://www.reddit.com/r/austria/comments/1tkh9rv/,T,M,Y,finance,,Y,r/austria,"Danke, liebe Regierung! Endlich kann ich mir... eine Kugel Eis im Monat leisten!",de,0.9981,
photo_reddit_13847.jpg,reddit,https://i.redd.it/f0tbyevnaw0h1.jpeg,https://www.reddit.com/r/austria/comments/1tby3py/,T,R,N,living,,N,r/austria,Platz 2! Besser ois...,de,0.9705,
photo_reddit_13864.jpg,reddit,https://i.redd.it/y8dell5lrq0h1.png,https://www.reddit.com/r/austria/comments/1tb8kkq/,T,R,N,cars,,Y,r/austria,"Der Anteil reiner Elektroautos bei Neuzulassungen stieg im April auf 26%, ein neuer Rekord - die beliebteste Marke bei Elektroautos war BYD",de,0.9941,
photo_reddit_13944.jpg,reddit,https://i.redd.it/6xowxwmjd90h1.jpeg,https://www.reddit.com/r/austria/comments/1t8znni/,T,R,Y,politics,,N,r/austria,"FPÖ mittlerweile auch beim Standard bei 36%
Jetzt haben die neuen Sparmaßnahmen aber noch keinen realen Effekt auf die Menschen und die Auswirkungen des Iran-Kriegs beginnen wir auch erst zu spüren.

Quelle: https://www.derstandard.at/story/3000000319725/sonntagsfrage-fpoe-weiter-im-hoehenflug-oevp-und-spoe-verlieren-wieder-leicht",de,0.9992,
photo_reddit_13996.jpg,reddit,https://i.redd.it/hb204z9enjzg1.jpeg,https://www.reddit.com/r/austria/comments/1t5hy7j/,T,R,N,living,,Y,r/austria,Das besorgt die Menschen in Österreich,de,0.9857,
photo_reddit_14028.jpg,reddit,https://i.redd.it/mep75ltyq5zg1.jpeg,https://www.reddit.com/r/austria/comments/1t4bv2z/,T,M,Y,living,,N,r/austria,Red is where people live in Austria - Land cover map,en,0.9249,
photo_reddit_14030.jpg,reddit,https://i.redd.it/fupdz6y1bazg1.jpeg,https://www.reddit.com/r/austria/comments/1t49x9m/,T,R,Y,politics,,Y,r/austria,"Falls man sich fragt, warum ÖVP und SPÖ sich so gegen eine Pensionsreform sträuben.
Das ist Aifschlüsselung des Wahlverhaltens nach Alter - zur Erinnerung: In der Gesamtbevölkerung haben ÖVP und SPÖ gemeinsam 47.4% erhalten.",de,0.9978,
photo_reddit_14102.jpg,reddit,https://i.redd.it/zd9y2t7wndyg1.png,https://www.reddit.com/r/austria/comments/1t0623r/,T,M,Y,living,,Y,r/austria,"Entwicklung des realen verfügbaren Medianeinkommens angepasst an Lebenshaltungskosten 2005-2025
Quelle ist Eurostat: [https://ec.europa.eu/eurostat/databrowser/bookmark/0c8cd6e2-55be-4ec9-bd7c-219c82e7fb93?lang=en&createdAt=2026-04-30T15:53:29Z](https://ec.europa.eu/eurostat/databrowser/bookmark/0c8cd6e2-55be-4ec9-bd7c-219c82e7fb93?lang=en&createdAt=2026-04-30T15:53:29Z)",de,0.9801,
photo_reddit_14129.jpg,reddit,https://i.redd.it/i0mz5luar4yg1.jpg,https://www.reddit.com/r/austria/comments/1syywwq/,T,M,Y,finance,,N,r/austria,"Ausgaben Staat Österreich 2025
https://preview.redd.it/i0mz5luar4yg1.jpg?width=1481&format=pjpg&auto=webp&s=3233cf2fc1f9c0572c317c7b02e7f286acb6615a

Das sind die Ausgaben des österreichischen Staates im Jahr 2025.

Die Hälfte geht in den Sozialbereich, ein Viertel in die Pensionen. 

[https://service.bmf.gv.at/Budget/Budgets/VBB/de/2025/Home/Index](https://service.bmf.gv.at/Budget/Budgets/VBB/de/2025/Home/Index)

Ausgaben insgesamt 123,2 Milliarden, Steuerreinnahmen 105,1 Milliarden. Die Steuereinnahmen decken also fast 90% der Ausgaben ab. Fer Rest kam über neue Schulden.",de,0.9947,
photo_reddit_14214.jpg,reddit,https://i.redd.it/ohzc7yyowbxg1.jpeg,https://www.reddit.com/r/austria/comments/1svanhd/,T,M,Y,energy resources,,Y,r/austria,Really? Wir sind auf Platz 2?,de,1.0,
photo_reddit_14304.jpg,reddit,https://i.redd.it/loek3p8oddwg1.jpeg,https://www.reddit.com/r/austria/comments/1sqtv28/,T,R,Y,living,,N,r/austria,"Hobts scho brav eicha Schweinsschnitzi gessn?
Österreich also (mind.) 100,5 kg Fleisch und >10 kg Fisch pro Person.",de,0.6277,
photo_reddit_14400.jpg,reddit,https://i.redd.it/lekqn2d45ivg1.png,https://www.reddit.com/r/austria/comments/1smw8n5/,T,R,N,living,,Y,r/austria,"Ausgewählte Grafiken zur Ö3 Jugendstudie (Gen Z)
Hier sind ausgewählte Ergebnisse der aktuellen Ö3 Jugendstudie. Gefragt wurden 16-25 jährige. Konnte keinen sinnvolen Methodik-Teil finden, also alles mit Vorsicht genießen.

Die Bilder sind Screenshots einer Präsentation (ned von mir). Präsentation und mehr Hintegründe gibts auf der ORF Cloud [https://cloud.orf.at/s/iqqXsifpSKsbPR8](https://cloud.orf.at/s/iqqXsifpSKsbPR8)",de,0.9976,
photo_reddit_14405.jpg,reddit,https://i.redd.it/lekqn2d45ivg1.png,https://www.reddit.com/r/austria/comments/1smw8n5/,T,R,Y,living,,Y,r/austria,"Ausgewählte Grafiken zur Ö3 Jugendstudie (Gen Z)
Hier sind ausgewählte Ergebnisse der aktuellen Ö3 Jugendstudie. Gefragt wurden 16-25 jährige. Konnte keinen sinnvolen Methodik-Teil finden, also alles mit Vorsicht genießen.

Die Bilder sind Screenshots einer Präsentation (ned von mir). Präsentation und mehr Hintegründe gibts auf der ORF Cloud [https://cloud.orf.at/s/iqqXsifpSKsbPR8](https://cloud.orf.at/s/iqqXsifpSKsbPR8)",de,0.9976,
photo_reddit_14481.jpg,reddit,https://i.redd.it/d7q2nwq9kcug1.jpeg,https://www.reddit.com/r/austria/comments/1sjexjd/,T,R,Y,living,,N,r/austria,"Europe safety 2027
Wie bitte?",de,0.5209,
photo_reddit_14506.jpg,reddit,https://i.redd.it/qv2k98v0lbug1.png,https://www.reddit.com/r/austria/comments/1shg71h/,T,R,N,cars,drawn on image,Y,r/austria,"Im März wurden 8.206 Elektroautos in Österreich zugelassen, ein neuer Rekordwert",de,0.9991,
photo_reddit_14515.jpg,reddit,https://i.redd.it/h7h5bxu0k5ug1.png,https://www.reddit.com/r/austria/comments/1sgnehg/,T,R,N,cars,,Y,r/austria,"Spritpreisbremse: warum sie wirkt, und warum der Diesel trotzdem teurer wordn is.
Letzte Woche habe ich die Zusammensetzung des Dieselpreises aufgeschlüsselt ([Link](https://www.reddit.com/r/Austria/comments/1sc3lu6/diesel_an_der_zapfs%C3%A4ule_wohin_euer_geld_wirklich/)). 

Damals war der letzte Datenpunkt noch vor einsetzen der Spritpreisbremse. Jetzt haben wir die ersten Zahlen, das ist die Differenz:

https://preview.redd.it/h7h5bxu0k5ug1.png?width=1785&format=png&auto=webp&s=1f255f17f5d67e9a6f6fea61358b2ea943a2d53a

Kurz: Ja, die Bremse wirkt --> aber der Markt frisst sie auf. 

Die MÖSt-Senkung spart exakt 6 Cent pro Liter (5ct MÖSt + 1ct USt-Effekt).

Ohne Spritpreisbremse wäre der Endpreis am 06.04. bei 2,29 EUR/L statt 2,23. 

Der Brutto-Preis stieg trotzdem um 2,4 Cent gegenüber der Vorwoche, weil:

    Steuern gesamt: -4,6 ct/L (Bremse wirkt) 
    Netto-Vorsteuerpreis: +7,0 ct/L (Markt steigt) 
    davon Refining Spread: +8,5 ct/L (Diesel-Futures (Gasoil) wegen Iran-Krise) 
    davon Distributionsmarge (alles was zwischen Raffinerie und Tankstelle passiert): −1,2 ct/L (leicht gesunken)

Wichtig: Die Distributionsmarge --> der Teil den Tankstellen und Vertrieb kontrollieren --> ist nicht gestiegen. 

wenn der Teil gestiegen wär, dann hätte ma sagen können da bereichert sich wer direkt über die Steuersenkung. is aber so nicht der Fall. 

Deswegen ""in Österreich nutzens die Steuersenkung für mehr Profit"" hält den Daten nicht stand. 

Was steigt, sind die internationalen Diesel-Futures (Gasoil): +31% seit Anfang März. (die Preise dafür sind aber ca. gleich für alle in Europa) 

Was man eher sagen könnte: Die Raffinerien gesamt erzielen höhere Einnahmen.



Aktualisierte Preisaufschlüsselung: 

https://preview.redd.it/3ayzimfgk5ug1.png?width=1969&format=png&auto=webp&s=8ae70120556c63aedf23983c04aa35224391c415

Quellen und Methodik wie im Originalpost.",de,0.9924,
photo_reddit_14537.jpg,reddit,https://i.redd.it/71jhaseygxtg1.png,https://www.reddit.com/r/austria/comments/1sfn744/,T,R,N,Energy prices,,Y,r/austria,"Kosten oder Margen? Was die Geschäftsberichte über den Strompreis verraten
[Im letzten Post](https://www.reddit.com/r/Austria/comments/1sdxsig/woraus_besteht_der_österreichische_strompreis/?utm_source=share&utm_medium=web3x&utm_name=web3xcss&utm_term=1&utm_content=share_button) hab ich den Strompreis aufgeschlüsselt und gezeigt, dass sich von allen Bestandteilen nur einer verdoppelt hat: der Block ""Energie & Versorgung"" - von 7 auf 14 ct. 

Netzentgelte sind mit +25% seit 2010 deutlich unter der VPI-Inflation von +54% im selben Zeitraum geblieben (Statistik Austria). 

Steuern und Abgaben wurden während der Krise aktiv gesenkt und sind 2025 wieder auf Vorkrisenniveau. Die gesamte Preisexplosion steckt in einem einzigen Block.

Die offene Frage war: Haben sich die Kosten in diesem Block verdoppelt - oder vor allem die Margen?

https://preview.redd.it/71jhaseygxtg1.png?width=3178&format=png&auto=webp&s=64d9cf8ffdbaa3a726fdc81b5ae604a6f789c736

Zur Erinnerung: Das ist derselbe Chart wie im ersten Post, nur mit dem ""Energie & Versorgung""-Block hervorgehoben. 

Alles andere - Netz, Steuern, Abgaben - ist bewusst in den Hintergrund gerückt.

Was man sieht: Dieser eine Block erklärt die gesamte Preissteigerung. Die schraffierten gelb-orange Blöcke oben (2022 bis 2024) zeigen die Strompreisbremse - also dass der Staat zuschießen musste, um den Anstieg abzufedern.

# Die Kosten der Stromerzeugung: Was sagen die Geschäftsberichte?

Um die Frage ""Kosten oder Margen?"" zu beantworten, braucht man Daten aus den Geschäftsberichten der Erzeuger. 

Der Verbund ist dafür am besten geeignet: börsennotiert, Segmentbericht ""Wasser"" separat ausgewiesen, und mit ca. 40% der österreichischen Stromerzeugung der größte Einzelerzeuger.

Aus dem Segmentbericht lässt sich eine einfache Rechnung machen:

**Gestehungskosten = (Umsatz Segment Wasser - EBITDA Segment Wasser) / erzeugte GWh**

Das sind die operativen Aufwendungen pro erzeugter kWh - Personal, Instandhaltung, Wasserentgelte, Betrieb. Keine Schätzung, keine Modellrechnung, sondern geprüfte Zahlen aus dem Konzernabschluss.

**Ergebnis:**

|Jahr|Gestehungskosten (ct/kWh)|Realisierter Absatzpreis (ct/kWh)|Marge (ct/kWh)|
|:-|:-|:-|:-|
|2019|1,0|3,9|2,9|
|2020|1,1|4,5|3,4|
|2021|1,2|5,5|4,3|
|2022|1,6|11,5|9,9|
|2023|2,1|16,7|14,6|
|2024|1,8|11,8|10,0|

*Gestehungskosten exkl. Abschreibungen (EBITDA-Basis). Inkl. Abschreibungen (EBIT-Basis) ca. 0,6–0,7 ct/kWh höher. Quelle: Verbund AG Geschäftsberichte 2020–2024, Segmentnoten ""Wasser"". (Allerdings versteh ich nicht genau wie die Übergewinnsteuer da dazugrechnet wird zu die Gestehungskosten, deswegen kanns sein dass die eigentlich noch niedriger sind).*

Die Gestehungskosten der Verbund-Wasserkraft sind von 1,0 auf 1,8 ct gestiegen. Das ist ein Anstieg, ja - aber +0,8 ct in sechs Jahren. Die Marge ist im selben Zeitraum von 2,9 auf 10,0 ct gestiegen. Also: +7,1 ct.

Die Antwort auf die Frage aus dem letzten Post ist damit ziemlich eindeutig: 

**Es sind die Margen. Nicht die Kosten, zumindest was den Verbund betrifft.**

Genauer gesagt: Nicht die laufenden Erzeugungskosten haben sich verdoppelt, sondern der Preisabstand zwischen günstiger Erzeugung und Haushaltsrechnung.

# Der Chart dazu

https://preview.redd.it/niuls185dxtg1.png?width=3178&format=png&auto=webp&s=6e62cad77940b498fedc100dd3f845508247773c

Der Chart zeigt drei Schichten:

* **Grün (unten):** Gestehungskosten der Verbund-Wasserkraft - aus dem geprüften Geschäftsbericht. Flach, stabil, ca. 1-2 ct.
* **Rot/Orange (mitte):** Erzeugermarge - die Differenz zwischen dem was die Erzeugung kostet und dem was der Verbund dafür am Markt erlöst. Diese Fläche hat sich vervielfacht.
* **Grau (oben):** Aufschlag zwischen Großhandelserlös und dem was auf der Endkundenrechnung steht - Beschaffung über Terminmärkte, Vertriebskosten, Versorgermarge.
* **Dunkle Linie:** Der Endkundenpreis ""Energie & Versorgung"" laut Eurostat.
* **Rote Linie:** Der realisierte Absatzpreis des Verbunds für Wasserkraft.

Was auffällt: 2019 waren Gestehung (1 ct), Absatz (3,9 ct) und Endkunde (7 ct) relativ nahe beisammen. 

2024 klaffen alle drei massiv auseinander: 1,8 ct Gestehung, 11,8 ct Absatz, \~20 ct Endkunde. 

Der graue Block oben - der Aufschlag vom Großhandel zum Endkunden - ist 2024 besonders groß, weil Versorger Strom über Terminmärkte (Futures) beschaffen und die hohen Beschaffungspreise aus 2022/23 verzögert auf den Endkundenpreis durchschlagen. 

Genauso verzögert kommt die Entlastung: 2025 sinkt der Endkundenpreis wieder deutlich, weil günstigere Forwards greifen.

Theoretisch hätten bestehende Fixpreisverträge Haushalte vor genau diesem Preissprung schützen sollen. 

Allerdings hat unter anderem der Verbund 2022 bestehende Lieferverträge gekündigt und durch neue mit teils mehr als verdoppelten Arbeitspreisen ersetzt [(Artikel dazu)](https://www.meinbezirk.at/graz/c-regionauten-community/verbund-kuendigt-stromliefervertrag_a5532634). 

Der Schutzmechanismus ""Fixverträge statt Floater oder Spottarif"" hat also in der Praxis nur in eine Richtung funktioniert: Wenn Preise fallen, bleibt der Vertrag. Wenn Preise steigen, wird gekündigt.

# Wichtige Einschränkungen

Bevor jemand aus diesen Zahlen mehr macht als sie hergeben:

1. **Der Verbund ist nicht ""der Strompreis"".** Er ist der größte Erzeuger, aber nicht der einzige. Es gibt Landesversorger, alternative Lieferanten, und Import. Die Gestehungskosten anderer Erzeuger (Wind, thermisch, usw) sind höher.
2. **Der Absatzpreis ist kein Endkundenpreis.** Der Verbund verkauft großteils am Großhandelsmarkt an andere Versorger, nicht direkt an Haushalte. Zwischen Großhandel und Endkunde liegen Beschaffungsstrategie, Ausgleichsenergie, Vertrieb und Versorgermarge - der graue Block im Chart.
3. **Die Gestehungskosten exkl. Abschreibungen hab ich bewusst gewählt.** Bei alten, weitgehend abgeschriebenen Wasserkraftwerken würde die Einbeziehung historischer Abschreibungen die laufenden Betriebskosten verzerren. Inkl. AfA liegen die Kosten bei ca. 1,7 - 2,8 ct/kWh - immer noch weit unter dem Absatzpreis.
4. **""Marge"" ist hier nicht gleichbedeutend mit ""Gewinn"".** Aus der Erzeugermarge werden Investitionen, Rücklagen, Steuern und Dividenden finanziert. Dass ein Unternehmen Marge hat, ist normal. Die Frage ist die Größenordnung und die Entwicklung.

# Und wos soll des jetzt heissen?

Österreich erzeugt den Großteil seines Stroms aus Wasserkraft - mit Gestehungskosten von 1–2 ct/kWh. 

Haushalte zahlen aber 14 ct für den Block ""Energie & Versorgung"". Die Differenz entsteht nicht durch höhere physische Kosten, sondern durch den Marktmechanismus: Strom wird am europäischen Großhandelsmarkt gehandelt, und der Preis wird durch das teuerste gerade benötigte Kraftwerk bestimmt - in der Regel Gas. Österreichische Wasserkraftwerke produzieren für 1-2 ct, verkaufen aber zum Marktpreis von 10-12 ct.

Das ist kein Fehler im System - es ist das System. Es nennt sich Merit Order und wurde bewusst so konstruiert. 

Und bevor jetzt wer ""Merit Order abschaffen!"" ruft: Die Merit Order ist als Mechanismus dafür, welches Kraftwerk wann einspeist (der sogenannte Dispatch), gut und effizient. 

Darüber herrscht in der Energieökonomie weitgehend Konsens. 

Das Problem ist nicht der Mechanismus selbst - sondern dass er unvollständig ist. 

Er regelt, welches Kraftwerk wann läuft. Aber er regelt nicht, was mit den dabei entstehenden Gewinnen passiert.

Während der Recherche für diesen Post bin i auf ein paar grundlegende Fragen gestoßen: Warum bepreisen wir Strom nach Grenzkosten, aber Wasser, Post und Verkehr nach Durchschnittskosten? 

Warum profitiert Spanien von seinen Erneuerbaren mit niedrigeren Preisen, Österreich mit 80% Erneuerbaren aber nicht? 

Und warum erlaubt die EU Energiegemeinschaften, die sich lokal vom Marktpreis entkoppeln - aber nicht denselben Mechanismus auf nationaler Ebene?

Villeicht schau i ma des als nächstes an.

# Quellen & Methodik

* Gestehungskosten Verbund: Berechnet aus Verbund AG Geschäftsberichten 2020-2024, Segmentberichte ""Wasser"" (Segmentnoten im Konzernabschluss). Formel: (Umsatz Segment Wasser - EBITDA Segment Wasser) / Erzeugungsmenge Wasserkraft. Seitenzahlen: GB 2020 S. 206, GB 2021 S. 215, GB 2022 S. 236-237, GB 2024 S. 369-370. Alle Berichte verfügbar unter verbund.com/investor-relations.
* Realisierter Absatzpreis: KPI ""Realisierter Durchschnittspreis Eigenerzeugung Wasserkraft"" aus den Verbund-Geschäftsberichten.
* Endkundenpreis ""Energie & Versorgung"": Eurostat nrg\_pc\_204\_c, Band DC (2.500-5.000 kWh), Österreich, Komponente ""Energy & Supply"".
* VPI-Inflation 2010-2025: Statistik Austria, VPI Basis 2010=100. Jahresdurchschnitt 2025: 153,5 --> kumulierte Inflation: +54%.
* Netzentgelt-Anstieg: Eurostat nrg\_pc\_204\_c, Komponente ""Network Costs"". ca. 6,8 ct (2010) --> \~8,5 ct (2025) = +25%. VPI-Inflation 2010-2025: +54% (Statistik Austria, VPI Basis 2010=100, 2025=153,5).

Wichtiger Disclaimer: Heast leidl, i bin a kleiner hansl dem des Thema intressiert. Auch wenn i versucht hab so sauber zu arbeiten wies nur geht dabei: Falls wer fehler findet, bitte mi drauf hinweisen, i korrigiers dann sofort. Danke!",de,0.9907,
photo_reddit_14556.jpg,reddit,https://i.redd.it/objbt4ax7ktg1.png,https://www.reddit.com/r/austria/comments/1sdxsig/,T,R,N,Energy prices,,Y,r/austria,"Woraus besteht der österreichische Strompreis? Eine Aufschlüsselung seit 2010
Nach meiner [Dieselpreis-Aufschlüsselung](https://www.reddit.com/r/Austria/comments/1sc3lu6/diesel_an_der_zapfs%C3%A4ule_wohin_euer_geld_wirklich/) hob i ma gedacht, ob ich mir auch den Strompreis anschauen könnte. weiß net obs intressant is für wen, aber vielleicht hilfts dem einen oder anderen.

# Der Strompreis aufgeschlüsselt

Des erste Bild das ich Hochgeladen habe (""woraus besteht der österreichische Strompreis"") besteht aus 2 Charts:

**Linker Chart (Balkendiagramm):** Jeder Balken ist ein Jahresendpreis, zerlegt in die offiziellen Eurostat-Komponenten:

* **Grün:** Energie & Versorgung (Eurostat: ""Energy & Supply"") - der wettbewerbliche Anteil. Umfasst laut Eurostat: Energieeinkauf, Aggregation, Ausgleichsenergie, Vertrieb, Kundenservice und sonstige Versorgungskosten. Wichtig: Versorger kaufen Strom nicht nur am Day-Ahead-Spotmarkt, sondern auch über Termingeschäfte (Futures) und OTC-Verträge, oft 1–3 Jahre im Voraus. Die hohen Beschaffungskosten aus 2022/23 können daher noch in aktuellen Endpreisen stecken.
* **Grau:** Netzentgelte (reguliert durch E-Control)
* **Blau:** Elektrizitätsabgabe
* **Hellblau:** Ökostrom-Förderbeitrag
* **Lila:** Umsatzsteuer/Mehrwertsteuer (20%)
* **Orange (2022–2024):** Staatliche Subventionen (Strompreisbremse, reduzierte Elektrizitätsabgabe)

**Rechter Chart (Linienchart):** Der Day-Ahead-Börsenpreis (ENTSO-E, Gebotszone AT) im Vergleich zum Endpreis für Haushalte (Eurostat). 

Das grüne Band unten zeigt zur Orientierung die Bandbreite der Gestehungskosten für Erneuerbare (3–8 ct/kWh, Fraunhofer ISE - Werte für Deutschland, für Österreich habe ich keine offiziell publizierten Gestehungskosten gefunden. Bei abgeschriebenen Wasserkraftwerken liegen die realen Kosten vermutlich am unteren Ende oder darunter).

**Was mir auffällt:**

* **2010–2021: Stabil.** Der Endpreis lag bei \~20 ct/kWh. ""Energie & Versorgung"" war konstant bei 6–7 ct. Die Netzentgelte bei 6–7 ct. Steuern und Abgaben bei 6–7 ct. Saubere Drittelung.
* **Ab 2022: Verschiebung.** ""Energie & Versorgung"" ist von 7 auf 14 ct gestiegen - fast verdoppelt. Der Endpreis ist auf 29 ct geklettert, obwohl der Staat gleichzeitig die Elektrizitätsabgabe und den Ökostrom-Förderbeitrag massiv reduziert hat (die orange schraffierten Bereiche).
* **Aktuell (rechter Chart):** Der Day-Ahead-Börsenpreis liegt bei ungefär 10 cent - deutlich unter dem Peak in der Krise von 49 ct (August 2022), aber immer noch über dem Vorkrisenniveau von 3-5 ct. Der Endpreis liegt bei 29 ct. Von der Differenz entfallen \~8,5 ct auf regulierte Netzentgelte und ca. 6,6 ct auf Steuern und Abgaben - des warat erklärbar. Was bleibt: Der Eurostat-Block ""Energie & Versorgung"" liegt bei 14 ct. Der Day-Ahead-Börsenpreis bei \~10 ct - darin stecken aber bereits die Erzeugermargen (ein Wasserkraftwerk produziert für 3-5 ct, verkauft aber zum Marktpreis). Die ungefähr 4 ct oberhalb des Börsenpreises umfassen laut Eurostat-Definition zusätzlich Beschaffungsstrategie (Futures, OTC), Ausgleichsenergie, Vertrieb und Kundenservice. Margen stecken also potenziell im gesamten Block - von der Erzeugung bis zum Vertrieb. Wie viel davon echte Kosten und wie viel Marge ist, lässt sich aus den öffentlichen Daten nicht aufschlüsseln.

  


# Wohin fließt der Strompreis? Reguliert vs. Markt

Des warat der zweite Chart den ich hochgladen habe ""Wer verdient am Strompreis""

**Links:** Prozentuale Aufteilung des Endpreises in den wettbewerblichen Anteil (Energie & Versorgung) und den regulierten Anteil (Netz + Steuern + Abgaben) seit 2010. 

Wichtig: Netzentgelte san net direkt Staatseinnahmen, sondern regulierte Entgelte der Netzbetreiber zur Deckung von Errichtung, Ausbau, Betrieb und Instandhaltung vom Stromnetz. Ich ordne die dem regulierten Bereich zu, weil die E-Control die Tarife festlegt.

**Rechts:** Die absoluten Werte der Eurostat-Komponenten für 2025.

**Was auffällt:**

* **2010–2021:** Das Verhältnis reguliert zu wettbewerblich war stabil bei \~65/35.
* **2025:** Das Verhältnis hat sich auf 52/48 verschoben. Der wettbewerbliche Anteil ist von 35% auf 48% gewachsen - während gleichzeitig die sichtbaren Abgaben gesenkt wurden.
* In absoluten Zahlen 2025: 13,9 ct Energie & Versorgung, 8,5 ct Netzentgelte, 6,6 ct Steuern & Abgaben.

  


# Was ich nicht erklären kann

Die Eurostat-Kategorie ""Energie & Versorgung"" umfasst laut Definition: Energieeinkauf, Aggregation, Ausgleichsenergie, Vertrieb, Kundenservice und sonstige Versorgungskosten. 

Im gesamten Block von 14 ct stecken Margen auf mehreren Stufen - beim Erzeuger (der zum Marktpreis verkauft, obwohl die Gestehungskosten niedriger sind), beim Händler und beim Versorger. Wie die 14 ct sich auf echte Kosten und Margen aufteilen, lässt sich aus den öffentlichen Daten nicht aufschlüsseln. 

Was man aber sagen kann: Vor 2022 lag der gesamte Block bei ca. 6-7 cent. Er hat sich fast verdoppelt. Die Frage ist, ob sich die darin enthaltenen Kosten ebenfalls verdoppelt haben - oder ob vor allem die Margen gewachsen sind. Für uns in Österreich is des besonders deswegen a spannende Frage, weil wir einen großen Teil an Wasserkaft haben.

Die Netzentgelte san von ca. 6,8 auf \~8,5 ct gestiegen. Des wird teilweise durch den nötigen Netzausbau für Erneuerbare erklärt und wird von der E-Control reguliert - also net intransparent, aber trotzdem a spürbarer Anstieg.

# Quellen & Methodik

* **Endpreis-Komponenten:** Eurostat nrg\_pc\_204\_c, Band DC (2.500–5.000 kWh), Österreich, offizielle Kategorien. Hinweis: Eurostat vermerkt für Österreich einen Methodenwechsel ab 2. Halbjahr 2017 (Vollerhebung statt Stichprobe) - die Daten vor 2017 sind daher eingeschränkt vergleichbar, der Langfristtrend sollte aber aussagekräftig genug sein.
* **Day-Ahead-Börsenpreis:** Energy-Charts / Fraunhofer ISE (ENTSO-E Transparency Platform, Gebotszone AT). Für 2010–2014: PHELIX Day-Ahead Baseload (DE-AT-LU Gebotszone, Strukturbruch bei Gebotszonentrennung). Ab Oktober 2018: eigene Gebotszone AT. Achtung: Der Day-Ahead-Preis ist ein monatlicher/stündlicher Marktpreis, die Eurostat-Balken sind Jahresdurchschnitte - unterschiedliche Zeitbasen, der Vergleich dient der Orientierung.
* **Endpreis Haushalt (Linie rechts):** Eurostat nrg\_pc\_204, halbjährlich, alle Steuern inklusive
* **Gestehungskosten-Referenzband:** Fraunhofer ISE LCOE-Studie - modellierte Werte für neue Anlagen in Deutschland. Für Österreich habe ich keine offiziell publizierten Gestehungskosten nach Erzeugungsart gefunden - wenn wer eine belastbare Quelle hat bitte melden bei mir, dann aktualisiere ich betroffene Daten. Daher als Orientierung, NICHT als exakte Datenkomponente.
* **Reguliert vs. Markt:** Berechnet aus Eurostat-Kategorien: Wettbewerblich = Energy & Supply. Reguliert = Network + Taxes + VAT. Netzentgelte sind keine Staatseinnahmen, sondern regulierte Entgelte der Netzbetreiber - ich ordne sie dem regulierten bzw ""Staats"" Bereich zu, weil die E-Control die Tarife festlegt und genehmigt.
* **Subventionen (orange):** Strompreisbremse + reduzierte Elektrizitätsabgabe, dokumentiert in Eurostat-Metadaten und E-Control/BMK-Veröffentlichungen.

Beim ersten Bild mit den 2 Charts: Alle Blöcke im linken Chart entsprechen den offiziellen Eurostat-Kategorien. Der rechte Chart zeigt ausschließlich beobachtete Marktdaten. Das Gestehungskosten-Referenzband hab ich als solches gekennzeichnet.

**Mi interessiert vor allem: Was steckt genau in den 14 ct ""Energie & Versorgung""? Wer davon Daten hat oder eine bessere Aufschlüsselung kennt - immer her damit.**",de,0.9903,
photo_reddit_14674.jpg,reddit,https://i.redd.it/wu18ypy8zisg1.png,https://www.reddit.com/r/austria/comments/1s9cwf8/,T,R,Y,education,,Y,r/austria,"Umfrage: Latein und zweite Fremdsprache für Österreicher fast so sinnlos wie Religion
Link zum Artikel: [https://www.derstandard.at/story/3000000314769/umfrage-latein-und-zweite-fremdsprache-fuer-oesterreicher-fast-so-sinnlos-wie-religion](https://www.derstandard.at/story/3000000314769/umfrage-latein-und-zweite-fremdsprache-fuer-oesterreicher-fast-so-sinnlos-wie-religion)",de,0.994,
photo_reddit_14675.jpg,reddit,https://i.redd.it/wu18ypy8zisg1.png,https://www.reddit.com/r/austria/comments/1s9cwf8/,T,R,Y,education,,Y,r/austria,"Umfrage: Latein und zweite Fremdsprache für Österreicher fast so sinnlos wie Religion
Link zum Artikel: [https://www.derstandard.at/story/3000000314769/umfrage-latein-und-zweite-fremdsprache-fuer-oesterreicher-fast-so-sinnlos-wie-religion](https://www.derstandard.at/story/3000000314769/umfrage-latein-und-zweite-fremdsprache-fuer-oesterreicher-fast-so-sinnlos-wie-religion)",de,0.994,
photo_reddit_14685.jpg,reddit,https://i.redd.it/el62c9xdbesg1.jpeg,https://www.reddit.com/r/austria/comments/1s8xawy/,T,R,N,living/climate,,Y,r/austria,Wir sarn hinter den Deutschen : (,de,0.9796,
photo_reddit_14700.jpg,reddit,https://i.redd.it/47ltyigjs8sg1.png,https://www.reddit.com/r/austria/comments/1s82oez/,T,M,Y,living,,N,r/austria,"Österreich ist weltweit Rang 9 im ""Quality of Life Index""
Quelle: [https://www.visualcapitalist.com/ranked-the-top-30-countries-by-quality-of-life/](https://www.visualcapitalist.com/ranked-the-top-30-countries-by-quality-of-life/) bzw [https://www.numbeo.com/quality-of-life/rankings\_by\_country.jsp?title=2025-mid](https://www.numbeo.com/quality-of-life/rankings_by_country.jsp?title=2025-mid)",de,0.9881,
photo_reddit_14863.jpg,reddit,https://i.redd.it/i9m30ka0xrqg1.png,https://www.reddit.com/r/austria/comments/1s1dbwp/,T,R,N,climate,,Y,r/austria,"Erwarteter Neuschnee bis zum Ende dieser Woche laut ECMWF-Modell
[https://www.ventusky.com/snow-cover-map/new-from#p=47.70;13.22;6&t=20260329/1200&m=ecmwf\_hres](https://www.ventusky.com/snow-cover-map/new-from#p=47.70;13.22;6&t=20260329/1200&m=ecmwf_hres)",de,0.9953,
photo_reddit_14879.jpg,reddit,https://i.redd.it/0mmqggmjwkqg1.png,https://www.reddit.com/r/austria/comments/1s0itxi/,T,R,N,politics,,Y,r/austria,"Sonntagsfrage Hochrechnung, n = 2000",de,0.774,
photo_reddit_14883.jpg,reddit,https://i.redd.it/k3n3ee82i6qg1.jpeg,https://www.reddit.com/r/austria/comments/1rzvmik/,T,R,Y,recycling,,Y,r/austria,Bessa ois... Alle scheinbar,de,0.6909,
photo_reddit_14923.jpg,reddit,https://external-preview.redd.it/h4rZC-0ZBjpYWZieU2t3P6mV4PIBo62Fy4CBFdK2UAU.jpeg?width=140&height=105&auto=webp&s=974deba2c55b77f17f127301a583bd768c963f64,https://www.reddit.com/r/austria/comments/1rxjgd2/,T,R,N,living,,Y,r/austria,Leberkas zum Schleuderpreis - Schmankerlkrieg im Grenzgebiet,de,0.9341,
photo_reddit_14941.jpg,reddit,https://i.redd.it/y31e390ztrpg1.png,https://www.reddit.com/r/austria/comments/1rwz0wr/,T,R,N,population,,Y,r/austria,"Welche Drogen an welchen Wochentagen konsumiert werden (in Wien)
Interessante Grafik die in \[diesem orf.at-Artikel\](https://wien.orf.at/stories/3346012/) veröffentlich wurde.

Heute is übrigens Ketamin-Tag (\[Symbolvideo\](https://www.reddit.com/r/tookjustenough/comments/s36tl9/patient\_gets\_ketamine\_has\_the\_time\_of\_his\_life/))",de,0.9753,
photo_reddit_14945.jpg,reddit,https://i.redd.it/916ol36odrpg1.png,https://www.reddit.com/r/austria/comments/1rwxoxr/,T,M,Y,living,data from 2021 but prices from 2025???,N,r/austria,"Grafiken zur Konsumerhebung 2026
Im Rahmen einer neuen Konsumerhebung sind heuer die Warenkörbe neu gewichtet worden.  
Aus Interesse hab ich die Änderungen (absolut in Prozentpunkten der Gesamtkonsumausgaben sowie relative Veränderung der Prozentpunkte) von 2025 auf 2026 mittels modernster Software (Excel) ermittelt und geplottet. 

Alle Daten beziehen sich auf den **VPI** (also den Konsum der Menschen die in Österreich leben). Änderung ergeben sich einerseits durch Inflation, andererseits durch Änderung im Konsumverhalten.   
Soweit ich weiß basiert der Warenkorb von 2025 auf der Konsumerhebung von 2021, daher gibts **Covid-Effekte** (zB weniger Ausgaben für Möbel, mehr für Freizeit).

Aus Interesse hab ich die Änderungen der Gastronomie extra dargestellt, die asiatischen Restaurants freuts.

Die Kategorien sind die ""COICOP 18""-Kategorien, die Daten von [Statistik Austria](https://www.statistik.at/statistiken/volkswirtschaft-und-oeffentliche-finanzen/preise-und-preisindizes/verbraucherpreisindex-vpi/hvpi)  
Hier sind die pdfs der Warenkörbe [von 2025 ](https://www.statistik.at/fileadmin/pages/214/WK_VPI_HVPI_Coicop18_Basis2025_kurz.pdf)und [von 2026](https://www.statistik.at/fileadmin/pages/214/WK_VPI_HVPI_2026_DE.pdf).",de,0.9925,
photo_reddit_14947.jpg,reddit,https://i.redd.it/916ol36odrpg1.png,https://www.reddit.com/r/austria/comments/1rwxoxr/,T,M,Y,living,data from 2021 but prices from 2025???,N,r/austria,"Grafiken zur Konsumerhebung 2026
Im Rahmen einer neuen Konsumerhebung sind heuer die Warenkörbe neu gewichtet worden.  
Aus Interesse hab ich die Änderungen (absolut in Prozentpunkten der Gesamtkonsumausgaben sowie relative Veränderung der Prozentpunkte) von 2025 auf 2026 mittels modernster Software (Excel) ermittelt und geplottet. 

Alle Daten beziehen sich auf den **VPI** (also den Konsum der Menschen die in Österreich leben). Änderung ergeben sich einerseits durch Inflation, andererseits durch Änderung im Konsumverhalten.   
Soweit ich weiß basiert der Warenkorb von 2025 auf der Konsumerhebung von 2021, daher gibts **Covid-Effekte** (zB weniger Ausgaben für Möbel, mehr für Freizeit).

Aus Interesse hab ich die Änderungen der Gastronomie extra dargestellt, die asiatischen Restaurants freuts.

Die Kategorien sind die ""COICOP 18""-Kategorien, die Daten von [Statistik Austria](https://www.statistik.at/statistiken/volkswirtschaft-und-oeffentliche-finanzen/preise-und-preisindizes/verbraucherpreisindex-vpi/hvpi)  
Hier sind die pdfs der Warenkörbe [von 2025 ](https://www.statistik.at/fileadmin/pages/214/WK_VPI_HVPI_Coicop18_Basis2025_kurz.pdf)und [von 2026](https://www.statistik.at/fileadmin/pages/214/WK_VPI_HVPI_2026_DE.pdf).",de,0.9925,
photo_reddit_14948.jpg,reddit,https://i.redd.it/916ol36odrpg1.png,https://www.reddit.com/r/austria/comments/1rwxoxr/,T,M,Y,living,data from 2021 but prices from 2025???,N,r/austria,"Grafiken zur Konsumerhebung 2026
Im Rahmen einer neuen Konsumerhebung sind heuer die Warenkörbe neu gewichtet worden.  
Aus Interesse hab ich die Änderungen (absolut in Prozentpunkten der Gesamtkonsumausgaben sowie relative Veränderung der Prozentpunkte) von 2025 auf 2026 mittels modernster Software (Excel) ermittelt und geplottet. 

Alle Daten beziehen sich auf den **VPI** (also den Konsum der Menschen die in Österreich leben). Änderung ergeben sich einerseits durch Inflation, andererseits durch Änderung im Konsumverhalten.   
Soweit ich weiß basiert der Warenkorb von 2025 auf der Konsumerhebung von 2021, daher gibts **Covid-Effekte** (zB weniger Ausgaben für Möbel, mehr für Freizeit).

Aus Interesse hab ich die Änderungen der Gastronomie extra dargestellt, die asiatischen Restaurants freuts.

Die Kategorien sind die ""COICOP 18""-Kategorien, die Daten von [Statistik Austria](https://www.statistik.at/statistiken/volkswirtschaft-und-oeffentliche-finanzen/preise-und-preisindizes/verbraucherpreisindex-vpi/hvpi)  
Hier sind die pdfs der Warenkörbe [von 2025 ](https://www.statistik.at/fileadmin/pages/214/WK_VPI_HVPI_Coicop18_Basis2025_kurz.pdf)und [von 2026](https://www.statistik.at/fileadmin/pages/214/WK_VPI_HVPI_2026_DE.pdf).",de,0.9925,
photo_reddit_15061.jpg,reddit,https://i.redd.it/6rt5zs0gukog1.png,https://www.reddit.com/r/austria/comments/1rrlfru/,T,M,Y,living,,Y,r/austria,"Standard: Weniger als 2000 Stimmen haben Österreichs ESC-Beitrag entschieden
Die Kollegen vom ""Standard"" haben über eine IFG-Anfragen die Ergebnisse des ESC-Beitrags-Publikumsvotings bekommen. Sieger Benjamin Gedeon (""Tanzschein"") hat 10.644 Stimmen bekommen ist damit weniger als 2000 Stimmen vor Lena Schaur in Ziel gegangen, die davor die Jurywertung gewonnen hatte.

[https://www.derstandard.at/story/3000000311902/esc-vorentscheid-10000-stimmen-aus-dem-volk-brachten-cosmo-den-sieg](https://www.derstandard.at/story/3000000311902/esc-vorentscheid-10000-stimmen-aus-dem-volk-brachten-cosmo-den-sieg)



https://preview.redd.it/6rt5zs0gukog1.png?width=690&format=png&auto=webp&s=c7d8c72e3aede21926bb2b2609a8a7da0853cd2f",de,0.9827,
photo_reddit_15068.jpg,reddit,https://i.redd.it/iiyi7nijggog1.jpeg,https://www.reddit.com/r/austria/comments/1rr65sd/,T,R,N,politics,,Y,r/austria,How popular is Trump in Europe?,en,0.9678,
photo_reddit_15225.jpg,reddit,https://i.redd.it/wqo7tsdw7omg1.jpg,https://www.reddit.com/r/austria/comments/1rj02sv/,T,M,Y,politics,,N,r/austria,"Wer von euch ist noch sicher?
https://preview.redd.it/wqo7tsdw7omg1.jpg?width=1194&format=pjpg&auto=webp&s=fb636ddfbe7062144b44ec70c47c31ba27211dd3

Glückwunsch an aller Vorarlberger 

Kontext gab wohl Überlegungen dass der Iran in der Lage wäre die Reichweite seiner Chorramschahr Rakete auf 3000km zu steigern.

[Artikel](https://unn.ua/en/news/iran-has-the-capability-to-attack-a-number-of-eu-countries-where-there-are-american-bases-as-well-as-ukraine)",de,0.9959,
photo_reddit_15246.jpg,reddit,https://i.redd.it/93ourule7gmg1.jpg,https://www.reddit.com/r/austria/comments/1rhzega/,T,R,N,living,,Y,r/austria,"Meiste Alko-Lenker:innen im Vorjahr in Oberösterreich erwischt
[Quelle](https://www.instagram.com/p/DVV7xwCDbEo/?igsh=MTcwbnFnc2Vkc2c1bA==)",de,0.9801,
photo_reddit_15263.jpg,reddit,https://i.redd.it/k44g4yl9e7mg1.jpeg,https://www.reddit.com/r/austria/comments/1rgys5n/,T,R,N,wealth,,Y,r/austria,"Besser als die Deutschen?
Noch 6 Jahre und Griechenland geht es besser.",de,0.9944,
photo_reddit_15266.jpg,reddit,https://i.redd.it/16v3rkhyk3mg1.jpeg,https://www.reddit.com/r/austria/comments/1rgki9c/,T,R,N,living,,N,r/austria,"Supermarkets in Europe
Wie können wir einen Tesco anlocken?",de,0.977,
photo_reddit_15287.jpg,reddit,https://i.redd.it/kgivjcpt2wlg1.png,https://www.reddit.com/r/austria/comments/1rfjl4g/,T,R,N,cars,,Y,r/austria,Farben von Autos in Österreich: 2010 vs 2025,de,0.8259,
photo_reddit_15325.jpg,reddit,https://i.redd.it/9joc190tvolg1.jpg,https://www.reddit.com/r/austria/comments/1remko4/,T,R,N,population,,Y,r/austria,Natürliche Bevölkerungsbewegung Österreichischer Bundesländer seit 1970 (Quelle: statcube.at),de,0.9857,
photo_reddit_15330.jpg,reddit,https://i.redd.it/9joc190tvolg1.jpg,https://www.reddit.com/r/austria/comments/1remko4/,T,R,N,population,,Y,r/austria,Natürliche Bevölkerungsbewegung Österreichischer Bundesländer seit 1970 (Quelle: statcube.at),de,0.9857,
photo_reddit_15361.jpg,reddit,https://i.redd.it/6rceofas92lg1.jpeg,https://www.reddit.com/r/austria/comments/1rdd0r0/,T,R,Y,geographics,,Y,r/austria,Besser ois de Deitschn,ca,0.3267,
photo_reddit_15363.jpg,reddit,https://i.redd.it/8pbhczs9pelg1.png,https://www.reddit.com/r/austria/comments/1rdb4yz/,T,M,Y,population,,Y,r/austria,Jup das wird noch viel schlimmer,de,0.9987,
photo_reddit_15395.jpg,reddit,https://i.redd.it/vd99i3sq77lg1.png,https://www.reddit.com/r/austria/comments/1rcb8bv/,T,R,Y,politics,,N,r/austria,"(Fast) 40 Jahre Jubiläum ÖVP in der Regierung
Bis auf das Intermezzo mit Bierlein haben wir seit 1986 die ÖVP in der Regierungsverantwortung. 40 Jahre! Die SED hielt sich genauso lang. 

Trotzdem schafft sie es bei jeder Wahl den Wähler davon zu überzeugen, wenn sie einmal in der Regierung ist, dann wird aufgeräumt. Und in den Diskussionen wirkt es so, als ob eine Regierung ohne die ÖVP unmöglich wäre. 

  
Kann mir das jemand psychologisch erklären?",de,0.9992,
photo_reddit_15416.jpg,reddit,https://i.redd.it/yic3h6bz3pkg1.png,https://www.reddit.com/r/austria/comments/1rapumk/,T,R,Y,living,,N,r/austria,Besser als die Dei... Moment...,de,0.9451,
photo_reddit_15452.jpg,reddit,https://i.redd.it/5jfaz7fnrhkg1.png,https://www.reddit.com/r/austria/comments/1r96mwp/,T,R,N,mobility,,N,r/austria,Koralmbahn Check - Pünktlichkeits-Auswertung,de,0.9496,
photo_reddit_15461.jpg,reddit,https://i.redd.it/6blf5p2luakg1.png,https://www.reddit.com/r/austria/comments/1r8yqzh/,T,R,Y,politics,,Y,r/austria,"Bessa als die … oh, wait.",de,0.9878,
photo_reddit_15520.jpg,reddit,https://i.redd.it/g2lw0vkjv1kg1.png,https://www.reddit.com/r/austria/comments/1r74xja/,T,R,N,population,,Y,r/austria,"Vermögensverteilung in Österreich - 80% der Bevölkerung besitzen nur 20% des Vermögens
Die reichsten 10 % der Bevölkerung in Österreich besitzen 67 % des privaten Nettovermögens, während die „untersten“ 50 % lediglich 3 % des privaten Nettovermögens halten. Diese drastische Ungleichheit zeigt, wie stark Vermögen in unserem Land konzentriert ist und führt zu erheblichen sozialen und wirtschaftlichen Ungleichheiten.  
  
Aktuell ist eine Sanierung des Budgets unumgänglich, um unseren Handlungsspielraum in den nächsten Jahren zu bewahren und nicht durch steigende Zinsenzahlungen zu verlieren.  
Eine faire Budgetsanierung erfordert, dass diejenigen, die mehr haben, auch mehr beitragen und diejenigen, die weniger haben, entsprechend weniger. Dies liegt im Interesse der sozialen Gerechtigkeit und einer nachhaltigen finanziellen Stabilität.",de,0.9938,
photo_reddit_15539.jpg,reddit,https://i.redd.it/gwkmn3d9ctjg1.png,https://www.reddit.com/r/austria/comments/1r63pi6/,T,R,N,climate,,Y,r/austria,"Niederschlagssummen in den nächsten 5 Tagen – in den Alpen fällt alles als Schnee, im Westen auch über ein Meter Neuschnee
[https://www.ventusky.com/precipitation-map/from#p=47.25;12.65;7&t=20260220/0900](https://www.ventusky.com/precipitation-map/from#p=47.25;12.65;7&t=20260220/0900)",de,0.9939,
photo_reddit_15622.jpg,reddit,https://i.redd.it/afrw36bob0jg1.jpeg,https://www.reddit.com/r/austria/comments/1r2m213/,T,R,N,living,,Y,r/austria,"Warum samma soweit unten
Grod gefunden auf der EU ihren Twitter. Also irgendwie samma schlechtes als de deutschen",de,0.9712,
photo_reddit_15657.jpg,reddit,https://i.redd.it/uvl0jvd0jhig1.jpg,https://www.reddit.com/r/austria/comments/1r06qgt/,T,R,N,politics,,N,r/austria,"Auswertung: Österr. Politik auf Tiktok
Hier der Link zur [Website](https://tiktokatlasoesterreich.org/)

Und hier der [Link](https://tirol.orf.at/stories/3340110/) zum Artikel vom ORF Tirol",de,0.9896,
photo_reddit_15658.jpg,reddit,https://i.redd.it/alxn7zd0jhig1.jpg,https://www.reddit.com/r/austria/comments/1r06qgt/,T,M,Y,politics,,N,r/austria,"Auswertung: Österr. Politik auf Tiktok
Hier der Link zur [Website](https://tiktokatlasoesterreich.org/)

Und hier der [Link](https://tirol.orf.at/stories/3340110/) zum Artikel vom ORF Tirol",de,0.9896,
photo_reddit_15688.jpg,reddit,https://i.redd.it/52qkxdvqyjhg1.jpeg,https://www.reddit.com/r/austria/comments/1qyt8k7/,T,R,Y,population,,N,r/austria,Besser (weniger) ois de ....,de,0.257,
photo_reddit_15741.jpg,reddit,https://i.redd.it/2il3r74k5jhg1.jpeg,https://www.reddit.com/r/austria/comments/1qvyf51/,T,M,Y,AI,,N,r/austria,Besser ois de..,de,0.4647,
photo_reddit_15774.jpg,reddit,https://i.redd.it/wj4ys0nzxvgg1.png,https://www.reddit.com/r/austria/comments/1qt02xn/,T,R,Y,living,,Y,r/austria,"Warum es den Boomern besser ging - Abgabenquote seit 1954
Ich denke die Meisten von uns haben das Gefühl, dass die Abgabenquote auf ein Durchschnittsgehalt vor 60-70 Jahren niedriger war. Daher habe ich mir mal die Zahlen angesehen, um das Gefühl zu factchecken.

Auch hilfreich, falls euch die ältere Generation mal wieder erklärt, dass ""die Jugend"" faul geworden ist und sicher daher keine Immobilien leisten kann. Nein; der Grund ist, neben gestiegen Immobilienpreisen und Mieten, die gestiegene Abgabenquote.

Ich habe mir die Abgabenquote (Steuern+Sozialbeiträge) des **Durchschnittsgehalts** **(Jahreszwölftel)** seit 1954 angesehen. Sowohl Nominal (ohne Inflation), als auch Inflationsbereinigt. 

Man kann schön sehen, wie die Abgabenquote bei 11% startet und bis heute auf ca. 30% gestiegen ist.

Ab 1977 geht die Schere zwischen Brutto und Netto deutlich auf, was man besonders in der Inflationsbereinigten Grafik gut sieht. Laut [WIFO](https://www.wifo.ac.at/bibliothek/archiv/MOBE/1981Heft10_561_578.pdf) ist das auf die hohe Inflation und damit kalte Progression zurückzuführen, weil die Steuertarife kaum angepasst wurden.

Spannend finde ich auch, dass seit 1991 (also in ca. 35 Jahren) das inflationsbereinigte Nettoeinkommen um weniger als 500€ gestiegen ist, trotz massiv gestiegener Immobilienpreise und Mieten.  
Im Vergleich dazu ist das inflationsbereinigte Durchschnittsnettogehalt von 1954 auf 1976 (ca. 20 Jahren) um 1500€ gestiegen.

[Nominal](https://preview.redd.it/tbstg7grxvgg1.png?width=2066&format=png&auto=webp&s=7d2cb8ba013f8f4d5b9f0e91fe1d23ae8fdcacf1)

[Inflationsbereinigt](https://preview.redd.it/clwzelwyxvgg1.png?width=2067&format=png&auto=webp&s=0f61e2843e2180953396675a35a1e58c498241f2)

[Abgabenquote in Prozent](https://preview.redd.it/wj4ys0nzxvgg1.png?width=2070&format=png&auto=webp&s=ad8ec412056cc6fb04c305efae12d8565a3b1bce)

Quellen:

[Gehaltsentwicklung](https://www.wko.at/statistik/extranet/langzeit/lang-einkommen.pdf)

[Inflation](https://www.wko.at/statistik/extranet/langzeit/lang-inflation.pdf)",de,0.9946,
photo_reddit_15775.jpg,reddit,https://i.redd.it/wj4ys0nzxvgg1.png,https://www.reddit.com/r/austria/comments/1qt02xn/,T,R,Y,living,,Y,r/austria,"Warum es den Boomern besser ging - Abgabenquote seit 1954
Ich denke die Meisten von uns haben das Gefühl, dass die Abgabenquote auf ein Durchschnittsgehalt vor 60-70 Jahren niedriger war. Daher habe ich mir mal die Zahlen angesehen, um das Gefühl zu factchecken.

Auch hilfreich, falls euch die ältere Generation mal wieder erklärt, dass ""die Jugend"" faul geworden ist und sicher daher keine Immobilien leisten kann. Nein; der Grund ist, neben gestiegen Immobilienpreisen und Mieten, die gestiegene Abgabenquote.

Ich habe mir die Abgabenquote (Steuern+Sozialbeiträge) des **Durchschnittsgehalts** **(Jahreszwölftel)** seit 1954 angesehen. Sowohl Nominal (ohne Inflation), als auch Inflationsbereinigt. 

Man kann schön sehen, wie die Abgabenquote bei 11% startet und bis heute auf ca. 30% gestiegen ist.

Ab 1977 geht die Schere zwischen Brutto und Netto deutlich auf, was man besonders in der Inflationsbereinigten Grafik gut sieht. Laut [WIFO](https://www.wifo.ac.at/bibliothek/archiv/MOBE/1981Heft10_561_578.pdf) ist das auf die hohe Inflation und damit kalte Progression zurückzuführen, weil die Steuertarife kaum angepasst wurden.

Spannend finde ich auch, dass seit 1991 (also in ca. 35 Jahren) das inflationsbereinigte Nettoeinkommen um weniger als 500€ gestiegen ist, trotz massiv gestiegener Immobilienpreise und Mieten.  
Im Vergleich dazu ist das inflationsbereinigte Durchschnittsnettogehalt von 1954 auf 1976 (ca. 20 Jahren) um 1500€ gestiegen.

[Nominal](https://preview.redd.it/tbstg7grxvgg1.png?width=2066&format=png&auto=webp&s=7d2cb8ba013f8f4d5b9f0e91fe1d23ae8fdcacf1)

[Inflationsbereinigt](https://preview.redd.it/clwzelwyxvgg1.png?width=2067&format=png&auto=webp&s=0f61e2843e2180953396675a35a1e58c498241f2)

[Abgabenquote in Prozent](https://preview.redd.it/wj4ys0nzxvgg1.png?width=2070&format=png&auto=webp&s=ad8ec412056cc6fb04c305efae12d8565a3b1bce)

Quellen:

[Gehaltsentwicklung](https://www.wko.at/statistik/extranet/langzeit/lang-einkommen.pdf)

[Inflation](https://www.wko.at/statistik/extranet/langzeit/lang-inflation.pdf)",de,0.9946,
photo_reddit_15801.jpg,reddit,https://i.redd.it/qoe7by7rjcgg1.jpeg,https://www.reddit.com/r/austria/comments/1qqjsqy/,T,R,Y,living,,N,r/austria,"Vielleicht solltma weniger sudern, dass ois so schlecht ist ...",de,0.9953,
photo_reddit_15809.jpg,reddit,https://i.redd.it/lhlc6aufo0gg1.png,https://www.reddit.com/r/austria/comments/1qpotu0/,T,R,N,population,,Y,r/austria,Estimated Death Toll of the 2025–2026 Iranian Protests,en,0.679,
photo_reddit_15818.jpg,reddit,https://i.redd.it/jpj4a14m12gg1.jpeg,https://www.reddit.com/r/austria/comments/1qp6gmk/,T,M,Y,mobility,,Y,r/austria,"Bessa ois...: Urban Rail transit openings in 2025, top countries",en,0.6165,
photo_reddit_15853.jpg,reddit,https://i.redd.it/2ypvar5qohfg1.jpeg,https://www.reddit.com/r/austria/comments/1qmhvn1/,T,R,Y,population,,Y,r/austria,Trotz Sachertorte,de,0.5231,
photo_reddit_15926.jpg,reddit,https://i.redd.it/c54o6wl9njeg1.png,https://www.reddit.com/r/austria/comments/1qi8cxe/,T,R,N,living,,N,r/austria,"Mein Bier konsum 2025
Ich habe 2025 jedes Bier dokumentiert, das ich getrunken habe, und das ist das Ergebnis.

Zu mir: männlich, 27 Jahre alt, ländliche Gegend, regelmäßiger Stammtisch.  
Ich habe jedes Mal das Datum und die getrunkene Menge direkt in meiner Notiz-App festgehalten.

Falls ihr noch Fragen habt beantworte ich die gerne.",de,0.9957,
photo_reddit_15964.jpg,reddit,https://i.redd.it/lmasi01n14eg1.png,https://www.reddit.com/r/austria/comments/1qg8oit/,T,R,N,population,,Y,r/austria,"Ich bin Samuel, 21, leide an ME/CFS und in 12 Tagen sterbe ich.
Bitte helft mir, meine Geschichte zu verbreiten und Aufmerksamkeit für meine Krankheit und ihre Missstände zu generieren!



Ich leide seit einer Corona Infektion an der schweren Multisystemerkrankung ME/CFS. Bei mir war es Corona, sie kann aber auch durch andere virale oder bakterielle Infektionen ausgelöst werden. Die durchschnittliche Lebensqualität ist bei dieser Krankheit extrem niedrig, wie die Studie im Bild zeigt.



Es gibt jedoch auch schwerbetroffene wie mich, bei denen das Leid für gesunde Menschen unvorstellbare Qualen erreicht.



Aufgrund dieser Krankheit habe ich ein extrem begrenztes Energiefenster. Ich muss 24 Stunden am Tag im Bett liegen und darf mich dabei nicht zu viel bewegen, es muss dauerhaft dunkel sein, da ich kein Licht ertrage. Ich trage doppelten Gehörschutz, weil ich auch keine Geräusche ertrage. Ich kann keine Sekunde fernsehen, oder Videos am Handy anschauen, da bewegende Dinge mein Nervensystem zu sehr überfordern und unerträgliches Leid auslösen. Ich kann keine Musik oder Podcasts hören. Ich kann nicht einmal mit meiner eigenen Mutter, welche mich pflegt, reden, da Zuhören zu anstrengend ist und selbst Reden ist mittlerweile gänzlich unmöglich. So muss ich mit einem Stift und Block kommunizieren. Mein Handy kann ich nur wenige Minuten bis Sekunden für Nachrichten benutzen. Teilweise gar nicht. (Diese Nachricht wurde unter Qualen im Vorhinein aufgenommen.)



Klo gehen ist teilweise schwierig, Duschen momentan aufgrund der extremen körperlichen Schwäche und Reizüberflutung unmöglich. Besuch empfangen und mit jemandem darüber reden oder sich austauschen ist ebenfalls viel zu anstrengend und verursacht Leid und Qualen.



Aber das ist noch nicht das Schlimmste. Das Schlimmste an dieser Krankheit ist das Leitsymptom PEM (POST EXERTIONAL MALAISE) welches dafür sorgt, dass jede kleinste Überschreitung meiner Energiegrenzen zu einem sogenannten Crash und einer dauerhaften Verschlechterung all meiner Symptome und meines Allgemeinzustandes führt. So muss ich jeden Versuch, ein bisschen zu leben, bitter bezahlen und ende dann in einer noch schlechteren Verfassung als vorher.



Selbst wenn ich nur im Bett liege, alleine mit meinen Gedanken, muss ich aufpassen, weil auch zu positive oder zu negative Gedanken einen Crash und somit eine Zustandsverschlechterung bedeuten.



Noch schlimmer als die Einschränkungen, welche dein Leben auf Schlafen oder Schlafen versuchen einschränken, sind die körperlichen Leiden dieser Krankheit. Ich würde es beschreiben wie ertrinken und verbrennen zugleich. Sie sind immer da, dauernd ist da dieses Gefühl, aber besonders in Crashes. Der Körper denkt, er stirbt, weil ihm die Energie ausgeht und löst daher einen extremen Leidenszustand aus.



So schlimm, dass man oft denkt, es gibt nur noch eine Option. Viele sehen keinen Ausweg, die Suizidrate ist extrem hoch. Auch mein Zustand geht in eine Richtung, in der ich vielleicht künstlich ernährt werden muss.



Daher nehme ich in 12 Tagen Sterbehilfe in Anspruch.



Aber mein Tod soll nicht umsonst sein. Diese Krankheit betrifft in Österreich mittlerweile rund 1 % der Bevölkerung, fast 8 Mal so viele wie MS. Jedoch verschwinden die Betroffenen aufgrund der Einschränkungen völlig von der Bildfläche und können nicht auf sich aufmerksam machen.



ES GIBT FÜR DIESE KRANKHEIT KEIN EINZIGES MEDIKAMENT. Und in Österreich keine einzige Anlaufstelle, obwohl jeder 100ste betroffen ist. Die meisten Ärzte kennen diese Krankheit nicht einmal?! Die PVA selbst nennt uns Scharlatane und Trittbrettfahrer. Viele Betroffene bekommen genau 0€ im Monat. Kein Cent von der PVA, kein Cent vom AMS.



Deswegen bitte ich euch darum, verbreitet meine Geschichte, bringt sie in die Medien. Teilt sie auf Social Media. Helft mir, mit meinem Tod auf diese schreckliche Krankheit aufmerksam zu machen!



Meine Botschaft lautet: ME/CFS TÖTET!



 



Tldr: Schreckliche Krankheit, viele Betroffene keine Versorgung, nehme Sterbehilfe in Anspruch und bitte euch darum Aufmerksamkeit für die Krankheit zu generieren und meine Geschichte in die Medien zu bringen.",de,0.9973,
photo_reddit_15970.jpg,reddit,https://i.redd.it/7kor5nf62udg1.jpeg,https://www.reddit.com/r/austria/comments/1qfnjsz/,T,M,Y,living,,Y,r/austria,"Ultra-processed food as % of household purchases in Europe
Besser ois de Deitschn",en,0.8711,
photo_reddit_15976.jpg,reddit,https://i.redd.it/tf78ccxdxwdg1.png,https://www.reddit.com/r/austria/comments/1qfdgud/,T,R,Y,living,,Y,r/austria,"Senkung der MwSt. kommt vor allen den Menschen mit niedrigem Einkommen zugute. Die Regierung meint, man würde auch bereits ab sofort schauen, dass die Konzerne dies nicht umgehen mit präventiven Erhöhungen. Hoff' ma's! 🧐",de,0.9975,
photo_reddit_16015.jpg,reddit,https://i.redd.it/z53yqvtf11dg1.jpeg,https://www.reddit.com/r/austria/comments/1qc32yr/,T,R,N,population,,N,r/austria,A cool guide showing human losses from different countries during WWII,en,0.9462,
photo_reddit_16053.jpg,reddit,https://i.redd.it/csju3tonf9cg1.jpeg,https://www.reddit.com/r/austria/comments/1q8dx6i/,T,R,N,mobility,,Y,r/austria,Warum hat die ÖBB keinen vergleichbaren Schnellzug?,de,0.9973,
photo_reddit_16090.jpg,reddit,https://i.redd.it/35eo2t46stbg1.jpeg,https://www.reddit.com/r/austria/comments/1q60woj/,T,R,N,living,,Y,r/austria,"Durchschnittliches verfügbares Nettohaushaltseinkommen je Einwohner der einkommensärmsten 20% angepasst an Lebenserhaltungskosten
Quelle ist Eurostat",de,0.9926,
photo_reddit_16111.jpg,reddit,https://i.redd.it/4z9rs3v1vfbg1.jpg,https://www.reddit.com/r/austria/comments/1q48vhb/,T,R,N,living,,Y,r/austria,"Verfügbares Netto Medianeinkommen, einmal angepasst an die Lebenserhaltungskosten und zweimal nominal.
Quellen sind Eurostat und OECD, ich wollte nur einmal Licht auf dieses ewige Unverständnis zu unserer Position in Europa werfen.",de,0.9896,
photo_reddit_16122.jpg,reddit,https://i.redd.it/9k6spomd04bg1.png,https://www.reddit.com/r/austria/comments/1q3psvv/,T,R,N,population,,Y,r/austria,"Percentage of People That Think Their Country Has Benefited From Being In The EU
Wieder mal die -#1",en,0.6044,
photo_reddit_16199.jpg,reddit,https://i.redd.it/rtz9i4v7k6ag1.png,https://www.reddit.com/r/austria/comments/1pz1nwi/,T,M,Y,AI,,Y,r/austria,"Which EU countries are leading in AI?
Was tun wir da oben?",en,0.5476,
photo_reddit_16221.jpg,reddit,https://i.redd.it/mjkee5rsdl9g1.png,https://www.reddit.com/r/austria/comments/1pwuoes/,T,R,N,climate,comment should not be here,Y,r/austria,Besser ois…,hu,0.2363,
photo_reddit_16283.jpg,reddit,https://i.redd.it/st6wfi8vqj8g1.jpeg,https://www.reddit.com/r/austria/comments/1ps4w6h/,T,M,Y,living,,Y,r/austria,"Agenda Austria wieder am Selbstinszenieren
Agenda Austria glänzt hier einmal mehr nicht durch Wissenschaft, sondern durch blanke Polemik. 

Unter dem Deckmantel „wissenschaftlichen Arbeitens“ wird ein offensichtlich selektives und willkürliches Sample österreichischer Institutionen aus der Datenbank Scopus präsentiert, offenbar genau so zusammengestellt, dass Agenda Austria möglichst gut dasteht.

Von einem systematischen Vergleich kann keine Rede sein. Weder wird transparent gemacht, nach welchen Kriterien die Institute ausgewählt wurden, noch wird berücksichtigt, dass wissenschaftliche Publikationen weit über eine einzelne Datenbank hinausgehen. Das ist keine Analyse, das ist Rosinenpickerei.

Besonders absurd ist die implizite Behauptung, Institute ohne oder mit geringer Scopus-Abdeckung würden keine relevante wissenschaftliche Arbeit leisten. Das Momentum Institut veröffentlicht nachweislich Publikationen. Dass diese nicht vollständig in Scopus erfasst sind Kann das schwer checken?) sagt genau nichts über deren Existenz oder Qualität aus.",de,0.9964,
photo_reddit_16284.jpg,reddit,https://i.redd.it/w0vj1otzlj8g1.jpeg,https://www.reddit.com/r/austria/comments/1ps4gnh/,T,R,Y,living,,Y,r/austria,"„Früher war alles besser“
…",de,0.9976,
photo_reddit_16325.jpg,reddit,https://i.redd.it/3tl948b0yx7g1.png,https://www.reddit.com/r/austria/comments/1ppxk5t/,T,M,Y,population,,Y,r/austria,"Wusste nicht, dass Österreich zu Osteuropa gehört",de,0.9984,
photo_reddit_16390.jpg,reddit,https://i.redd.it/p06cv4gdm57g1.jpeg,https://www.reddit.com/r/austria/comments/1pmcv5p/,T,M,Y,living,,Y,r/austria,Foodprices in europe (2024),en,0.4269,
photo_reddit_16428.jpg,reddit,https://i.redd.it/bvmgcwwe0k6g1.jpeg,https://www.reddit.com/r/austria/comments/1pjuhan/,T,R,N,politics,,Y,r/austria,"PollOfPolls Österreich
https://www.politico.eu/europe-poll-of-polls/austria/

Gedanken, Ideen, Beschwerden, Rückmeldungen, Feedback?",de,0.7972,
photo_reddit_16451.jpg,reddit,https://i.redd.it/qios9doq0z5g1.png,https://www.reddit.com/r/austria/comments/1phaqx4/,T,R,N,politics,,N,r/austria,Kanzlerfrage; n=1000,de,0.7659,
photo_reddit_16500.jpg,reddit,https://i.redd.it/fg802ycue55g1.jpg,https://www.reddit.com/r/austria/comments/1pduw3k/,T,R,N,living,,Y,r/austria,"Das reale verfügbare Haushaltseinkommen in Österreich liegt weit unter dem EU-Durchschnitt
Eurostat hat die Entwicklung des realen verfügbaren Haushaltseinkommen pro Kopf in der EU im Zeitfenster 2004-2024 veröffentlicht. Obwohl die Gehälter in Österreich gestiegen sind, hat die Inflation unsere Kaufkraft (bereinigt) aufgefressen, weshalb wir nur um 14% zugelegt haben. Der Schnitt in der EU Beträgt 22%, während unsere deutschen Kollegen sogar 24% Wachstum erreichen konnten. Die osteuropäischen Länder haben den größten Wachstum verzeichnen können. 

Disclaimer: das reale verfügbare Haushaltseinkommen zeigt, wie viel Geld Haushalten nach Steuern und Pensionsbeiträgen zur Verfügung steht, um es auszugeben oder zu sparen. Dies wird durch Dienstleistungen, die kostenlos vom Staat oder von gemeinnützigen Organisationen bereitgestellt werden, ergänzt. Reale Werte berücksichtigen Preisänderungen anhand des Verbraucherpreisdeflators für Haushalte.

https://preview.redd.it/fg802ycue55g1.jpg?width=1206&format=pjpg&auto=webp&s=c4d3e544e3effdb88f64d9314fb91f3e393798bf",de,0.9939,
photo_reddit_17452.jpg,reddit,https://i.redd.it/y9r45dytk4ih1.jpeg,https://www.reddit.com/r/ich_iel/comments/1vis4uh/,T,M,Y,population,,N,r/ich_iel,ich🥙iel,TOO_SHORT,0.0,
photo_reddit_19177.jpg,reddit,https://i.redd.it/5fyqaz7ku9mh1.png,https://www.reddit.com/r/finanzen/comments/1w1gklr/,T,R,N,finance,,N,r/finanzen,"Risk of a new age of financial repression is rising
[https://www.ft.com/content/ba4b940e-4a44-473b-9846-eaba9434b65f?syn-25a6b1a6=1](https://www.ft.com/content/ba4b940e-4a44-473b-9846-eaba9434b65f?syn-25a6b1a6=1)

Den Artikel sollte man beim ersten Besuch von [ft.com](http://ft.com) frei lesen können. Ansonsten [https://archive.is/N98MQ](https://archive.is/N98MQ)",de,0.9031,
photo_reddit_19213.jpg,reddit,https://i.redd.it/hl60rmp7x2lh1.png,https://www.reddit.com/r/finanzen/comments/1vw0wdh/,T,R,N,finance,,N,r/finanzen,"Depot wird 5 Jahre alt - Kleinere Veränderungen
Mein Depot wird im September 5 Jahre alt - Zeit für einen kleinen Vergleich mit dem MSCI World. 

Das Depot hat den MSCI World leider nicht ganz geschlagen.   
MSCI World: + 74 %   
Depot: + 70 % 

  
Nun bin ich am überlegen, welche Veränderungen ich vornehmen möchte. 

\- Novo Nordisk verkaufen. Hat mich in den letzten Jahren nur ""Nerven"" gekostet. Solangsam mache ich mir Gedanken über die Opportunitätskosten. 

\- Verisk: Fehlkauf 

\- Swiss ETF - habe ich damals gekauft, um von der ""sicheren"" Schweiz zu profitieren. Die Volatilität ist ähnlich hoch wie beim MSCI - die Rendite fällt mit ca. 40 % in 5 Jahren deutlicher geringer aus. 

\- Langfristig möchte ich die Aktienpositionen weiter reduzieren (Vermeidung von Aufwand, Fehlern)

Aus dem Verkauf würden dann ca. 35.000 Euro frei werden. Hier bin ich am überlegen diese in den MSCI World zu übertragen oder den MSCI ACWI IMI aufzubauen, um etwas unabhängiger vom hohen USA-Exposure zu werden. Den S&P 500 ETF möchte ich aufgrund hoher Kursgewinne nicht verkaufen. Stattdessen würde ich die frei werdende Sparrate von ca. 250 Euro (S&P 500, Swiss, Novo und Verisk) in den MSCI World / MSCI ACWI IMI anlegen, wodurch die Position des S&P 500 ETFs langfristig kleiner wird. 

Zielallokation damit (in ca. 3 Jahren): 

50 % MSCI World   
15 % MSCI ACWI IMI   
10 % S&P 500 ETF  
25 % Aktien 

  
Was meint ihr dazu?",de,0.9904,
photo_reddit_19220.jpg,reddit,https://i.redd.it/2trbgxlaiqkh1.png,https://www.reddit.com/r/finanzen/comments/1vuh7cd/,T,R,N,living,,Y,r/finanzen,"Akzeptanz von Zahlungsmitteln im Handel (Deutschland)
nachdem in meinem letzten Post zum Konto mit Apple–Pay—fähiger Girokarte einige Debatten entstanden darüber, warum man nicht mit Visa/Master bezahlt (ich würde ja gerne! die hab eich schon auf Apple Pay! das wäre das einfachste), habe ich, freundlich wie ich bin, die Zahlen zur Akzeptanz rausgesucht. 

Quelle und zeitpunkt stehen drauf. 

das sollte dann jedem erklären, warum ich diese Frage gestellt habe.",de,0.9973,
photo_reddit_19228.jpg,reddit,https://i.redd.it/3fiamxuxhjkh1.jpeg,https://www.reddit.com/r/finanzen/comments/1vtkzk6/,T,R,Y,finance,,N,r/finanzen,"Die Aktien-zu-Krypto Rotation hat gerade erst begonnen.
Der Ausbruch gestern hat wahrscheinlich den Beginn eines neuen Bullen Zyklus eingeläutet. Einige sog. Catalysts sprechen dafür: Gute Chancen für QE wegen dem kaputten US Anleihen-Markt, der Money Printer in den USA wird demnächst wieder angeschmissen, Clarity Act evtl. noch dieses Jahr, Trump Treffen gestern mit Coinbase, Kraken, Ripple wo er auch nochmal bestätigt hat dass die USA eine Krypto Reserve aufbauen wollen (nicht nur BTC, sondern auch andere Coins wie z.B. ETH)

Dann kommt noch dazu dass AI Aktien, eigentlich der gesamte Tech Sektor am Aktienmarkt, die letzten Jahre steil nach oben geschossen ist, während Krypto lange Zeit nur seitwärts gelaufen ist oder im Bärenmarkt feststeckte. D.h. es müssen da draussen wahnsinnig hohe Geldsummen im Umlauf sein, vor allem durch die Aktiengewinne der letzten Jahre, und so gut wie nichts von dem Kapital liegt derzeit im Krypto Markt. Sollte auch nur ein Bruchteil davon in den Krypto Markt zurückfließen, könnte uns ein historischer Bullenmarkt bevorstehen.",de,0.9963,
photo_reddit_19245.jpg,reddit,https://i.redd.it/qikfamyvd3kh1.png,https://www.reddit.com/r/finanzen/comments/1vrj0cm/,T,M,Y,living,,Y,r/finanzen,Stellenanzeigen für Softwareentwickler in Deutschland seit 2021,de,0.9921,
photo_reddit_19246.jpg,reddit,https://i.redd.it/f2fx49ue43kh1.png,https://www.reddit.com/r/finanzen/comments/1vrizrh/,T,M,Y,living,,Y,r/finanzen,Stellenanzeigen für Softwareentwickler in Deutschland seit 2021,de,0.9921,
photo_reddit_19254.jpg,reddit,https://i.redd.it/fikvkh6l4xjh1.jpg,https://www.reddit.com/r/finanzen/comments/1vqpbny/,T,M,Y,finance,,Y,r/finanzen,Wo liegt ihr?,de,1.0,
photo_reddit_19261.jpg,reddit,https://i.redd.it/j11on05dbqjh1.jpeg,https://www.reddit.com/r/finanzen/comments/1vpvjfe/,T,M,Y,finance,,Y,r/finanzen,"Gesamtnettovermögen der Privathaushalte je Land
Quelle:

https://www.mckinsey.com/mgi/our-research/the-global-balance-sheet-2026-imbalance-and-divergence",de,0.9681,
photo_reddit_19338.jpg,reddit,https://i.redd.it/reicrx1ohrhh1.png,https://www.reddit.com/r/finanzen/comments/1vh57w0/,T,M,Y,finance,,N,r/finanzen,"Wer vor 5 Jahren in Frank Thelens 10xDNA Fond investiert hätte, hätte bis heute eine Gesamtendite von 2,6% erwirtschaftet (schlechter als Festgeld)
Ihr hättet nach 5 Jahren Verlust jetzt gerade so den Break Even Point erreicht. Also: Haltet euch fern von Thelen Fonds.",de,0.9925,
photo_reddit_19339.jpg,reddit,https://i.redd.it/f1fcr6wyerhh1.jpeg,https://www.reddit.com/r/finanzen/comments/1vh4tg0/,T,M,Y,living,,N,r/finanzen,"Lohnt sich mehr Arbeiten für die Rente überhaupt noch?
Ich habe ein bisschen mit KI herumgespielt und daraus diese vereinfachte Vergleichsgrafik erstellt. Falls euch Fehler auffallen oder ihr Anmerkungen zur Rechnung habt, weist mich bitte darauf hin.  
Die Grafik vergleicht drei Rentenszenarien für eine alleinstehende Person in Köln. Die **777 € Warmmiete** setzen sich aus dem angesetzten Kölner Richtwert von **677 € Bruttokaltmiete** für eine Person und beispielhaft **100 € Heizkosten** zusammen.  
Die **16.000 € Jahresverdienst** habe ich gewählt, weil das ungefähr **30 % des Durchschnittsverdienstes** entspricht. Damit liegt die Person gerade oberhalb der Einkommensgrenze für den Grundrentenzuschlag und erhält diesen bei 35 anerkannten Grundrentenjahren zusätzlich zur regulären Rente.  
Natürlich ist das nur eine Modellrechnung in heutigen Werten. Trotzdem hat mich das Ergebnis zum Grübeln gebracht: Der Durchschnittsverdiener arbeitet in diesem Vergleich **zehn Jahre länger**, zahlt persönlich mehr als das **Fünffache** in die Rentenversicherung ein und hat nach der Miete am Ende nur etwa **200 € mehr im Monat** zur Verfügung. Dass sich die deutlich höhere Lebensarbeitsleistung und Einzahlung im verfügbaren Alterseinkommen so wenig widerspiegeln, finde ich zumindest diskussionswürdig.",de,0.9982,
photo_reddit_19366.jpg,reddit,https://i.redd.it/bvyzji3v5chh1.png,https://www.reddit.com/r/finanzen/comments/1vf6mdt/,T,R,Y,finance,,N,r/finanzen,"30 Jahre sind genug
Ich habe im Bereich unbeliebte Meinung eine Diskussion zum Thema ETFs mitbekommen. Dort wurde manigfaltig über die Risiken und Chancen diskutiert. Da ich, wie so viele, wahrscheinlich die gängien Bücher/Blogs/Videos zum Thema ""langfristig Investieren"" gelesen habe, wollte ich gerne als Inspiration die Daten von Ben Carlson teilen. Für viele mag das alles ""klar"", ""obsolet"" und ""selbsterklärend"" sein, doch lese ich hier täglich Übersichten von Portfolios und FRagen, ob man das Depot mal unter die Lupe nehmen könnte.

Falls das den Regeln des Subs nciht entspricht, kann der Beitrag natürlich gelöscht werden. Ich wollte damit die Mitleser nur bestärken.

[https://awealthofcommonsense.com/2023/02/deconstructing-10-20-30-year-stock-market-returns/](https://awealthofcommonsense.com/2023/02/deconstructing-10-20-30-year-stock-market-returns/)

Eines meiner Lieblingsthemen sind langfristige Renditen, daher können wir genauso gut einige Zahlen aktualisieren, um zu sehen, wie die Lage derzeit aussieht.

Hier sind die gleitenden 10-Jahres-Renditen, die bis ins Jahr 1926 zurückreichen:

Selbst über Zeiträume von mehr als einem Jahrzehnt hinweg waren die Renditen von erheblichen Schwankungen geprägt.

Die beste jährliche Rendite über einen Zeitraum von zehn Jahren lag bei 21,4 % für den Zeitraum, der gegen Ende des Jahres 1959 endete. Das entspricht einer Gesamtrendite von rund 600 %. Wie Herr McConaughhey sagen würde – „Alright, alright, alright“.

Die schlechteste 10-Jahres-Rendite war ein Verlust von fast 5 % pro Jahr, der im Sommer 1939 endete. Das war schlimm genug für eine Gesamtrendite von -40 % über 10 Jahre. Die 1930er Jahre waren ein wenig turbulent.

Das einzige andere Mal, dass der Markt über einen Zeitraum von 10 Jahren negative Renditen verzeichnete, war zu Beginn der 2000er Jahre mit dem Platzen der Dotcom-Blase, gefolgt von der großen Finanzkrise gegen Ende dieses Jahrzehnts.

Über rollierende 20-Jahres-Zeiträume hinweg sehen wir, dass die negativen Renditen verschwinden, es aber immer noch große Schwankungen gibt:

Die beste 20-Jahres-Rendite lag bei über 18 % pro Jahr – von den frühen 1980er Jahren bis zum Frühjahr 2000, dem Höhepunkt der bereits erwähnten Dotcom-Blase.

Die schlechteste 20-Jahres-Rendite war ein Gewinn von weniger als 2 % mit Ende im Jahr 1949. Dies ist nachvollziehbar, wenn man bedenkt, dass dieser Zeitraum die Weltwirtschaftskrise und den Zweiten Weltkrieg umfasste.

Eines der interessanten Merkmale der Renditeverteilung über 20 Jahre ist, dass die jährlichen Renditen in fast 90 % der Fälle bei 7 % oder höher lagen. In 75 % aller rollierenden 20-Jahres-Beobachtungszeiträume lagen die jährlichen Renditen bei 8 % oder mehr. In 56 % der Fälle lagen sie bei 10 % oder höher.

Nun zu einer meiner liebsten Langzeitgrafiken – den rollierenden jährlichen Renditen über 30 Jahre:

Die niedrigste jährliche Rendite über einen beliebigen 30-Jahres-Zeitraum seit 1926 betrug 7,8 %. Genau das hätten Sie erzielt, wenn Sie im September 1929 auf dem Höhepunkt des Booms der „Roaring Twenties“ investiert hätten. Sie hätten beim darauf folgenden Crash mehr als 80 % Ihrer Investition verloren und dennoch über 30 Jahre insgesamt mehr als 850 % erzielt.

Lassen Sie mich diese Zahl für die Leute ganz hinten noch einmal wiederholen – die schlechteste 30-Jahres-Rendite der letzten rund 100 Jahre betrug insgesamt 850 %.1

Die beste jährliche Rendite über 30 Jahre betrug 14,8 % in den 30 Jahren bis 1968. Das ist nachvollziehbar, wenn man bedenkt, dass man 1939 investiert hätte – nach der schlechtesten 10-Jahres-Phase der Geschichte.

Die jüngste jährliche Rendite über 10 Jahre bis Januar 2023 betrug 12,7 %. In den vorangegangenen 20 Jahren lag sie bei 10,3 % pro Jahr. Und in den vergangenen 30 Jahren betrug sie 9,8 % pro Jahr.

Der jüngste 30-Jahres-Zeitraum seit 1993 umfasst:

die asiatische Währungskrise, den Dotcom-Crash, den 11. September, die Kriege im Irak und in Afghanistan, die große Finanzkrise, die größte globale Pandemie seit 1918, den Krieg in der Ukraine und eine Inflationsrate von 9 % – ganz zu schweigen von Flash-Crashs, einigen Rezessionen, Regierungsstillständen, Handelskriegen, einem Aufstand, mehreren Amtsenthebungsverfahren, vier echten Bärenmarkt-Crashs, neun weiteren Börsenkorrekturen und einer ganzen Reihe anderer verrückter und/oder schlimmer Ereignisse, die mir gerade nicht einfallen.

Ich weiß nicht, ob wir in den nächsten 30 oder 100 Jahren eine Wiederholung dieser Entwicklung erleben werden.

Das habe ich bereits 2016 in meinem ursprünglichen Blogbeitrag geschrieben:

Als Anleger haben wir keinerlei Garantie für zukünftige Renditen. Von nun an könnte es durchaus noch schlechter laufen. Man weiß es einfach nie.

Dennoch fällt es schwer, diese Zahlen zu betrachten und nicht optimistisch in die Zukunft zu blicken. Es passieren zwar schlimme Dinge, aber der menschliche Fortschritt schreitet weiter voran.

Daran glaube ich nach wie vor.

Wer gegen den menschlichen Fortschritt wettet, tut dies auf eigene Gefahr.

Och habe den Originalpost mit deepl übersetzt. Wer mag kann es gerne auf englisch lesen.

Tldr:  **the worst 30 year return over the past 100 years or so was a total gain of 850% Also Natülich sagt die Vergangenheit nur bedingt etwas aus, über die zukünftige Entwicklung, aber besser als es 30 Jahre durch Inflation auffressen zu lassen, ist es allemal.**",de,0.9956,
photo_reddit_19389.jpg,reddit,https://i.redd.it/4ttjo1o4tpgh1.jpeg,https://www.reddit.com/r/finanzen/comments/1vcgk0d/,T,M,Y,finance,,Y,r/finanzen,Reichtum quasi nur noch durch Erbe möglich,de,0.9954,
photo_reddit_19451.jpg,reddit,https://i.redd.it/6rhkvi350ueh1.jpeg,https://www.reddit.com/r/finanzen/comments/1v3q58s/,T,M,Y,finance,,N,r/finanzen,Neue Millionäre pro Land in 2025,de,0.8058,
photo_reddit_19454.jpg,reddit,https://i.redd.it/d36n8uyu1reh1.png,https://www.reddit.com/r/finanzen/comments/1v3b6mf/,T,R,N,finance,,N,r/finanzen,"Kalte Progression 2006-2026
Nach den Diskussionen über die Merz-Steuerreform dachte ich, es wäre mal an der Zeit das Thema kalte Progression mathematisch sauber aufzubereiten.

Anfangs eine kurze Erklärung wie man das definiert und berechnet:

Kalte Progression ist immer zusammen mit einer **Referenz-Wachstums-Größe** zu betrachten, hier wird meist implizit von der Inflation ausgegangen. Meiner Meinung nach ist aber eigentlich das Lohnwachstum die bessere Vergleichsgröße, v.a. da auf die Berechnung der Inflation politisch Einflußnahme ausgeübt werden kann - aber ich habe das für alle Optionen umgesetzt.

Die **Berechnung** der kalten Progression muss pro zVE ausgeführt werden. Die Effekte auf die unterschiedlichen Einkommensbereiche weichen teils sehr stark aus, wie man an den Graphen sehen kann. Man vergleicht nun die tatsächliche Einkommensteuer die man heute für z.B. 60k zVE bezahlen muss mit einer bereinigten, die sich wie folgt berechnet:

1. zVE wird um Wachstumsgröße bereinigt zurückgerechnet auf das Vergleichsjahr
2. Berechne Einkommensteuer für dieses bereinigte zVE mit den Tarifregeln des Vergleichsjahrs
3. Schreibe diese Einkommensteuer mit der Wachstumsgröße weiter ins heutige Jahr
4. Der Unterschied zwischen dieser bereinigten Einkommensteuer und der tatsächlichen Einkommensteuer ist die kalte Progression

*Disclaimer*: In den Screenshots habe ich das exemplarisch für ein **zVE von 60k** gemacht. Das sind **NICHT 60k brutto**, sondern entsprechen aktuell bei einem kinderlosen Single ca 70-75k Brutto.

Die stark ansteigenden relativen Werte bei niedrigeren Einkommen entstehen durch die Verschiebung des Grundfreibetrags, wodurch der Nenner sehr klein wird.

Hier die Kalte-Progression-Graphen einmal mit Lohnwachstum als Referenz, und bei der Inflation mit den Indizes VPI & HVPI als Referenz. Man sieht gut welchen starken Einfluss die Referenzgröße hat.

[Kalte Progression mit Referenz Lohnwachstum](https://preview.redd.it/cc5cghdr1reh1.png?width=1015&format=png&auto=webp&s=ddc6d3be582773b6d12c0964b861cb2ce2df8d4c)

[Kalte Progression mit Referenz Inflation\(VPI\)](https://preview.redd.it/qgblwzxs1reh1.png?width=1006&format=png&auto=webp&s=2b77ff8a952443477cfb9c25b1611d9bea44ebdc)

[Kalte Progression mit Referenz Inflation\(HVPI\)](https://preview.redd.it/d36n8uyu1reh1.png?width=1003&format=png&auto=webp&s=8116eeb94d170d5bc5bc02da74a70e2223ad8bbc)",de,0.9962,
photo_reddit_19470.jpg,reddit,https://i.redd.it/dbsh105s08eh1.png,https://www.reddit.com/r/finanzen/comments/1v0xox5/,T,R,N,finance,,N,r/finanzen,"Wir müssen mal über Anlagehorizonte reden
Liebe Freunde der Carbonara,

mir geht etwas auf den Sack. Wenn über ETF-Anlagehorizonte gesprochen wird, pauschalisieren einige sehr stark: ""Unter 10 Jahren auf keinen Fall in den ETF investieren"".

Ich habe mir heute mal die Mühe gemacht den MSCI World seit 1974 hinsichtlich Kursentwicklung und Gewinnwahrscheinlichkeit oberhalb einer 2.0%-igen Inflation zu betrachten indem ich alle n-monatigen Teilzeiträume untersucht habe. Dabei ist das gezeigte Diagramm entstanden.

Ich möchte dabei vor allem erstmal auf den unteren Teil aufmerksam machen. Bei kurzen Anlagezeiträumen von 1.5+ Jahren hat man in 1 von 5 Fällen die Inflation nicht geschlagen. Bei 7-10 Jahren in 1 von 10 Fällen.

Wer dieses Risiko nicht eingehen möchte, der riskiert dafür aber deutliche Opportunitätskosten. Dies zeigt der obere Teil der Grafik, insbesondere die blaue Kurve für den durchschnittlichen Depotwert. Wer 7 Jahre investiert hat(\*), hat im Schnitt seinen Depotwert auf das 2.1-fache gesteigert. Das Risiko gehört dazu und lässt sich nur durch noch längeren Anlagehorizont kompensieren.

Damit möchte ich etwas gegen die Pauschalaussage vom Ansatz sensibilisieren. Es ist legitim sein Risiko senken zu wollen, gerade wenn man ein festes Sparziel wie Eigenheim oder Auto hat. Allerdings sorgen die verpassten Renditen für viele dafür, dass sie das Sparziel erst gar nicht erreichen. Denkt also bitte kurz darüber nach, wenn ihr diesen Pauschalsatz wieder einmal seht und werft z.B. die Möglichkeit einer geringeren ETF-/Aktienquote auf.

Ich möchte auch explizit darauf hinweisen, dass die Daten nur für den MSCI-World gelten. Ein EM-ETF ist volatiler, hier dauert es länger bis die Regression zum Mittelwert das Risiko kompensiert. Das ist vor allem dann wichtig, wenn man über einen größeren EM-Anteil im Depot nachdenkt.

\----

Letztlich noch ein kleiner Hinweis zu den verwendeten Daten. Es handelt sich um historische Daten, d.h. zwischen den Datenpunkten herrschen große Überlappungen. Jeder Datenpunkt enthält zwar ca. 400-500 Zeiträume, aber diese sind durch die Überlappungen nicht unabhängig. Rand-Daten des Datensatzes (z.B. Jan 1974) tauchen in weniger Datenpunkten auf als Daten in der Mitte. Dadurch sind vor allem auch relevante aktuelle Daten für größere Zeiträume etwas unterrepräsentiert.

Ansonsten noch notwendigerweise: Keine Anlageberatung. Ein Verlustrisiko von 10% heißt, dass trotzdem sehr viele Anleger Verluste erzielen werden. Insbesondere Laien sollten sehr risikoaverse Empfehlungen erhalten. Nutzt den Post vor allem als Denkanstoss.

  
(\*) Die Betrachtung hier ist für Einmalanlagen. Ein Sparplan ist aber nichts weiteres als monatliche Einzelanlagen im immer kürzer werdenden Anlagehorizont.",de,0.9971,
photo_reddit_19472.jpg,reddit,https://i.redd.it/oz8sfpnh06eh1.png,https://www.reddit.com/r/finanzen/comments/1v0ndz8/,T,M,Y,finance,,N,r/finanzen,"Was ist der Punkt von FIRE, wenn man mit dem Sparen genau dann aufhört, bevor die dicken Kapitalgewinne eintrudeln?
Habe gerade mal meine persönlichen Finanzen betrachtet. 120k Kapital mit 30, bisher internen Zinsfuss von 10,5% auf die Investments über die letzten Jahre gehabt. Jetzt mal angenommen, es geht mit der gleichen Sparrate (2000€ monatlich, in Zukunft evtl. noch mehr möglich aufgrund besserem Einkommen + es steht irgendwann noch Erbe aus) und dem gleichen Zuwachs weiter, dann hätte ich zum Renteneintritt 16,4 Mio€ im Depot. Das ist so fettes Geld, da kann man in einer richtig schönen Villa von wohnen und die opulentesten Urlaube machen.

Warum sollte man da mit 42 aufhören zu arbeiten, wenn man erstmals die Millionenmarke durchbricht? Für die zweite Millionen braucht man da nur noch 6 Jahre und kann ja trotz Arbeit auch ein absolutes Top-Leben ohne finanzielle Sorgen führen.

Wenn man seine eigene Arbeit nicht hasst und irgendwo einen relativ chilligen Industriejob macht, warum sollte man dann FIRE machen, wenn man nicht mehr so weit weg von der ganz dicken Kohle ist? Die Zahlen sind doch einfach unglaublich. Stellt euch mal vor, ihr legt dann noch Geld für eure Kinder an und die starten mit nem 1 Mio€ Depot zum 18ten Geburtstag anstatt erstmal 100k€ irgendwie zusammenkratzen zu müssen. Die leben doch wie die Kings und ihr könnt nachfolgenden Generationen ganz neue Möglichkeiten eröffnen, so wie es die Boomer mit ihren Immodeals für die künftige Erbengeneration getan haben. 

Wie steht ihr zum Thema FIRE, wenn ihr solche Zahlen seht?",de,0.9975,
photo_reddit_19518.jpg,reddit,https://i.redd.it/gbpvkvv802ch1.png,https://www.reddit.com/r/finanzen/comments/1ur27te/,T,M,Y,finance,,N,r/finanzen,"83.000 Wohnungsinserate gegen den MSCI World gerechnet: Ohne Kredit gewinnt praktisch keine. Mit Kredit hängt alles an einer einzigen Zahl.
Abend,  
  
an dem Kalkulationstool, über das diese Zahlen laufen, bau ich selbst mit. Deshalb alle Annahmen offen, Gegenrechnungen willkommen.

**Die Frage**: Wenn ich mein Geld statt in einen MSCI World in eine vermietete Eigentumswohnung stecke, wie oft gewinnt die Wohnung?

Dafür hab ich über 83.000 aktive Wohnungsinserate aus ganz Deutschland durch dieselbe 10-Jahres-Rechnung geschickt: 10 % Eigenkapital plus Kaufnebenkosten, 3,5 % Zins, 2 % Tilgung, 3 % Leerstand, Steuern (35 % Grenzsteuersatz angenommen) auf Verluste UND Gewinne, Verkauf nach 10 Jahren.

Verglichen wird über den **IRR**, die **interne Verzinsung**. Falls der Begriff dir nichts sagt: Das ist die jährliche Rendite auf das Geld, das ich tatsächlich reingesteckt habe, und zwar unter Berücksichtigung, wann es fließt. Eigenkapital am Anfang raus, jedes Jahr der Miet-Cashflow (oft negativ), im Jahr 10 der Verkaufserlös minus Restschuld. Damit landen die unregelmäßigen Zahlungsströme einer Immobilie auf derselben Skala wie eine ETF-Rendite: Prozent pro Jahr aufs eingesetzte Kapital. Eine Bruttomietrendite kann diesen Vergleich nicht, sie ignoriert Kredit, Steuern und Verkauf komplett.

Der ETF bekommt faire Bedingungen: 7 % nominal pro Jahr, Anteile werden erst im Jahr 10 verkauft und die Gewinne dann versteuert (Abgeltungsteuer nach Teilfreistellung). Macht nach Steuern rund 6,0 % pro Jahr, das ist die Hürde. Die Immobilie verkauft im Jahr 10 steuerfrei, dafür zieh ich ihr 2,5 % Verkaufskosten ab.

Das Ergebnis hängt brutal an einer einzigen Annahme, der Wertsteigerung (siehe Bild):

* 0 % nominal (also −2 % real): **0,6 %** der Wohnungen schlagen den ETF
* 2 % nominal (0 % real): **10 %**
* 2,5 % nominal (+0,5 % real, etwa die Postbank/HWWI-Prognose): **19 %**

Die Zahlen gelten für die rund 14.000 Inserate mit publizierter Kaltmiete. Über alle 83.000 inklusive geschätzter Mieten: 0,5 %, 8 %, 17 %. Die Mietschätzung schönt das Ergebnis also nicht.

Und jetzt der Teil, der mich selbst überrascht hat. Dieselbe Rechnung ohne Kredit, also 100 % Eigenkapital: **0,1 %**. Praktisch keine Wohnung schlägt den ETF aus eigener Kraft, die Median-IRR liegt ungehebelt um die 2 %. Was hier gewinnt, ist der Kredithebel auf die Wertsteigerung, nicht die Immobilie selbst.

Bei der Miete nehme ich die echte publizierte Kaltmiete, wo das Inserat eine nennt, sonst eine Schätzung aus einem statistischen Modell anhand Lage und Objektcharakteristika.

Die Gewinner sind übrigens keine Schnäppchen vom Dorf: median 195.000 € Kaufpreis, rund 5 % Bruttomietrendite, Faktor 21, vermietete Bestandswohnungen in Großstädten. Rohbau- und Sanierungsfälle hab ich überprüft, unter 1 %.

Was ich nicht behaupte: dass diese 10 % ein guter Kauf sind. Die Rechnung kennt keine Objektrisiken. Ein überhöhtes Hausgeld oder Energieklasse G flaggt mein Tool separat als Risiko-Radar, in dieser Statistik steckt das nicht. Einzelne Schätzmieten können daneben liegen. Und Vorabpauschale wie Sparerpauschbetrag hab ich beim ETF weggelassen, die Effekte sind klein und gegenläufig.

Ihr könnt im Tool alle Parameter (Zins, Leerstand, Steuersatz usw.) beim Rechner anpassen.

Zwei Fragen an euch:

1. Welche Wertsteigerung würdet ihr für die nächsten 10 Jahre ansetzen, nominal?
2. Ist der MSCI World überhaupt der richtige Vergleich für eine gehebelte Immobilie, oder müsste ich fairerweise gegen einen gehebelten ETF rechnen?

Keine Anlageberatung.

**TL;DR:** 83.000 Inserate, gleiche 10-Jahres-Rechnung, Eigenkapital-IRR gegen \~6 % ETF nach Steuern. Bei 2 % nominaler Wertsteigerung schlagen 8 bis 10 % der Wohnungen den ETF, bei 0 % fast keine, bei 2,5 % knapp jede fünfte. Ohne Kredit: 0,1 %. **Der Hebel macht den Unterschied, nicht die Miete**.",de,0.9947,
photo_reddit_19532.jpg,reddit,https://i.redd.it/55abuziq8lbh1.jpeg,https://www.reddit.com/r/finanzen/comments/1uotrt8/,T,R,N,finance,,N,r/finanzen,"Erster Hauskauf mit Kind. Restschulden nach 10 Jahren 135k. Welche Kosten habe ich in meinem Haushaltsplan übersehen?
Alle Ausgaben der letzten 24 Monate per Finanzguru getrackt und grob übertragen. 

Kredit sind 320k bei 2,5% Mischzins öffentlicher Banken (Tilgung 2100 Euro) + 230k Eigenkapital + 200k Schenkung der Familie, die mit monatlich 500 Euro zurückgezahlt wird (ist in den Hausraten inkl.)

Auto hält hoffentlich die 10 Jahre.

Kita könnte teurer werden, daher 60 Euro Puffer.

Ich plane den Überschuss in einen ETF monatlich zu stecken und nach 5 Jahren 50% der Summe umzuschichten in Tages- oder Festgeld (dann läuft die Garantie des Bauträgers ab).

Hochzeit ist geplant, wird aber nicht vietnamesisch.",de,0.9958,
photo_reddit_19592.jpg,reddit,https://i.redd.it/ibmlnypw7z9h1.jpeg,https://www.reddit.com/r/finanzen/comments/1uhquen/,T,R,Y,climate,,N,r/finanzen,"Wann zurück ziehen?
Bin im EU Ausland und wollte ein bisschen theoretisieren, wann man nach Europa zurückziehen könnte. Ich hoffe das passt hier und soll auch kein rage bait sein.

**Wann kommt denn der Punkt, ab dem es besser wird?**

Oder anders formuliert: Wann wird peak geknechtet? So einen Zeitpunkt sehe ich erst nachdem wir einen Systemkollaps Lite™ durchlaufen und die Troika durch Nordwesteuropa zieht mit radikale Reformen um das System neu aufzustellen. 

Wenn ich mir die Bevölkerungspyramide anschaue, könnte es ja schon um 2030 richtig krachen, wenn die Boomerwelle es in die Pension/Rente geschafft hat. https://service.destatis.de/bevoelkerungspyramide/#!y=2025

Oder später? Rettet die Technologie das Gesundheitssystem? Oder kommt nach einem Krach keine wirkliche Erholung oder Steuern auf alles? Sollte man eine Prämie zahlen um in die Schweiz zu kommen, da langfristig Kapitalerträge dein Zukunftsglück bestimmen? 

Jegliche Sonntagsfrühstückstheorie ist willkommen",de,0.997,
photo_reddit_19599.jpg,reddit,https://i.redd.it/dkwogtcbpo9h1.png,https://www.reddit.com/r/finanzen/comments/1ughn3c/,T,M,Y,finance,,N,r/finanzen,"Ist damit meine Planung für die Zukunft durch?
Servus meine Mitmenschen,

ich bin hier seit einer Weile schon dabei und habe mir neulich einen Zeit Online Test-Abo für die Datenvisualisierung geholt. Dabei habe ich einen ""Renten-Rechner"" gefunden und ausprobiert.

Dabei wird davon ausgegangen, dass ich bei meinem Brutto von 4.200€ nach Renteneintritt mit 70 eine Netto-Rente von 1623€ nach Inflation erhalte (Bild1).

Wenn ich meine aktuelle Sparrate von 150€ + 30K € aktuelles Kapital sowie von 4,5% Nettorendite (Bild 2) als auch 150 € über das Altersvorsorgedepot, hätte ich zusammen ein Brutto von 1212€, die ich aus ETFs entnehmen könnte und dann zusätzlich noch das Altersvorsorgedepot, hier private Altersversorgung (Bild 3-5).

Bei einer Realrendite von 2,5% und einem angestrebten Erbe/Puffer für Altersheim/Kinder würde ich laut dem Rechner unter meinen Verhältnissen leben. Dementsprechend ist doch das Thema Altersvorsorge abgefrühstückt, oder? Muss ich sonst noch was beachten? Eigentum ist und wird für mich keine Option sein. Angelegt habe ich in 100% ETFs außer Notgroschen.

P.S Verzeiht mir Ungenauigkeiten oder Typos; ich habe hier 30°C in der Wohnung.

Quellen

Die Zeit:

[https://www.zeit.de/geld/2025-02/rentenrechner-arbeit-ruhestand-geld-finanzen?freebie=0e4ada94](https://www.zeit.de/geld/2025-02/rentenrechner-arbeit-ruhestand-geld-finanzen?freebie=0e4ada94)

Methodik siehe Link oder hier >!Wir haben für den Rechner Annahmen getroffen, um Ihnen schnell ein Ergebnis mit möglichst wenig Angaben zu liefern. Das ersetzt aber keine Rentenberatung und überschlägt nur ein mögliches Ruhestandseinkommen. Wir nehmen an, dass Sie angestellt sind und in die gesetzliche Krankenversicherung und Rentenversicherung einzahlen.!<

>!Alle Ergebnisse sind Nettowerte in aktueller Kaufkraft. Dabei gehen wir von einer durchschnittlichen Inflation von zwei Prozent aus. Wir berücksichtigen die aktuellen Regelungen zu Besteuerung und Sozialabgaben, diese könnten sich in Zukunft verändern. Es kann sein, dass Ihr tatsächlicher Nettolohn geringfügig abweicht. Wir gehen davon aus, dass Ihre Sparrate genauso stark wächst wie Ihr Nettolohn.!<

>!Die vorgeschlagene Realrendite für Festgeld ist ein aktueller Durchschnittswert. Die Realrendite für ETF ist ein überschlagender Wert für einen MSCI World ETF (1990-2024). In Zukunft könnten sich die Renditen auch anders entwickeln.!<

>!Falls Sie einen Renteneintritt vor 67 wählen, berücksichtigen wir für die gesetzliche Rente die vorgesehenen Abschläge und Zuschläge sowie Anpassungen durch zusätzliche oder fehlende Rentenbeiträge. Wie viele Rentenpunkte Sie in den nächsten Jahren sammeln, überschlagen wir mit Ihrem aktuellen Bruttolohn.!<

>!Wir nehmen an, dass die Löhne und die gesetzliche Rente genauso stark steigen wie die Inflation. Das heißt, dass das Rentenniveau konstant bei 48 Prozent bleibt. Je nachdem, wann Sie in Rente gehen, ist nur ein Teil der Rente einkommensteuerpflichtig. Der steuerpflichtige Anteil wird zu Beginn der Rente als fester Eurobetrag ermittelt. Danach passt er sich nicht mehr an Rentenerhöhungen an – dadurch sinkt die Steuerersparnis jedes Jahr geringfügig. Zur Vereinfachung gehen wir von einer konstanten anteiligen Besteuerung aus.!<

>!Ihre betriebliche oder private Altersvorsorge unterscheidet sich je nach Anbieter und Art. Das betrifft etwa, ob Sie die Auszahlungen früher erhalten können und wie groß die Abschläge sind. Deshalb können wir die voraussichtliche Höhe der monatlichen Leistungen nur überschlagen. Für jedes Jahr, das Sie früher als ursprünglich vereinbart in Rente gehen, ziehen wir 3,6 Prozent von Ihrer Leistung ab. Falls Sie länger arbeiten wollen, rechnen wir für jedes Jahr 3,6 Prozent dazu. Zusätzlich zu dieser Pauschale überschlagen wir, wie sich ausbleibende oder zusätzliche Beitragszahlungen auswirken.!<

>!Die Leistungen Ihrer betrieblichen und privaten Altersvorsorge verrechnen wir vollständig einkommensteuerpflichtig. Wie viel Geld Sie daraus bei Renteneintritt erhalten, verringert sich real, weil wir den Kaufkraftverlust durch die Inflation abziehen. Danach nehmen wir an, dass Sie Ihre zusätzliche Rente monatlich und dynamisch erhalten. Gleicht der Anbieter Ihrer Altersvorsorge die Inflation nicht durch eine Dynamisierung bei der Auszahlung aus, dann ist Ihre Rente zu Beginn korrekt berechnet. Durch die Inflation sinkt aber die Kaufkraft im Laufe Ihrer Rente noch weiter.!<

>!Wenn Sie einen Ruhestandseintritt vor 63 auswählen und nur von Ihrem Ersparten leben, ziehen wir von Ihrem verfügbaren Einkommen den Mindestbeitrag zur freiwillig gesetzlichen Krankenversicherung ab.!<

>!Wir danken Prof. Dr. Andreas Hackethal der Frankfurter Goethe-Universität für die Beratung bei der Entwicklung des Rechners.!<

>!Korrektur 8.2.2025: In einer früheren Version des Rechners wurde die angenommene Inflation nicht von der betrieblichen und privaten Altersvorsorge abgezogen. Dies wurde korrigiert.!<

Scalable Capital:

[https://de.scalable.capital/lp/altersvorsorgedepot?utm\_medium=affiliate&utm\_source=qualityclick&utm\_campaign=broker&utm\_term=655&c\_id=QC5\_c486e706Z47f6e727f557c435c4b687564766d777e557847](https://de.scalable.capital/lp/altersvorsorgedepot?utm_medium=affiliate&utm_source=qualityclick&utm_campaign=broker&utm_term=655&c_id=QC5_c486e706Z47f6e727f557c435c4b687564766d777e557847)",de,0.9982,
photo_reddit_19669.jpg,reddit,https://i.redd.it/bzj0ll1h278h1.jpeg,https://www.reddit.com/r/finanzen/comments/1u9vmw3/,T,R,N,finance,,N,r/finanzen,Semiconductor ETF🚀🚀,en,0.3521,
photo_reddit_19678.jpg,reddit,https://bodenbericht.de/images/blog/setzungsrisse/city_settlement_panel.png,https://www.reddit.com/r/finanzen/comments/1u9c2gc/,T,M,Y,living,,Y,r/finanzen,"Ich hab geschaut, wo in Deutschland der Boden absackt – und es ist öfter normale Wohngegend, als man denkt",de,0.9953,
photo_reddit_19694.jpg,reddit,https://i.redd.it/evglrkjm8o7h1.jpeg,https://www.reddit.com/r/finanzen/comments/1u7ifhj/,T,R,N,living,,N,r/finanzen,WM Ticketkosten im historischen Vergleich,de,0.9569,
photo_reddit_19702.jpg,reddit,https://i.redd.it/q9l5ulrnml7h1.jpg,https://www.reddit.com/r/finanzen/comments/1u76uwg/,T,R,N,finance,,N,r/finanzen,"Eigenkapitalhürde Mieterhaushalte (30-44 Jahre)
Grafiken sind aus dem LBS|Empirica -Erschwinglichkeitsbarometer 2026. Mehr Informationen dazu kann man zum Beispiel in der Zeitschrift Grundstücksmarkt und Grundstückswert 3/2026 S. 19-21 nachlesen.",de,0.9671,
photo_reddit_19722.jpg,reddit,https://i.redd.it/gjj7g97f7b7h1.jpeg,https://www.reddit.com/r/finanzen/comments/1u5ym2h/,T,R,Y,finance,,N,r/finanzen,Die echten Kosten für drei Jahre Autofahren,de,0.998,
photo_reddit_19737.jpg,reddit,https://i.redd.it/3y0twk3p2w6h1.png,https://www.reddit.com/r/finanzen/comments/1u42j5j/,T,R,Y,finance,,N,r/finanzen,"BAV kann auch gut sein
Da das Thema ja oft hochkommt und in der Regel die bAV nicht so prall sind, hier mal ein positives Gegenbeispiel (meiner Meinung nach).  
  
Zahle seit 2016 mal mehr mal weniger ein (40J alt - vorher nicht wirklich interesse gezeigt, doof ja), gerade nicht (daher auch die Hochrechnung im Bild ohne eigenen Beitrag) weil ich wegen Trennung aufs Geld angewiesen bin, aber demnächst wieder min die 4%.

Kosten:

* **Jährlich 0,10 % des Versorgungsguthabens** (also 10 Cent für 100 EUR Guthaben)
* Wenn man Mitarbeiterbeiträge einzahlt: **einmalig 1,75 % des Mitarbeiterbeitrags** (also 1,75 EUR für 100 EUR Beitrag)

Prognose wenn ich wieder was einzahle (400 Euro) und weiter im Schnitt 6% Wertentwicklung

Voraussichtliches Kapital

**722 682,89**

Voraussichtliche Bruttorente/Monat

**2 464,33**",de,0.994,
photo_reddit_19823.jpg,reddit,https://i.redd.it/uy5f3qvsa75h1.png,https://www.reddit.com/r/finanzen/comments/1twe8lh/,T,M,Y,finance,,N,r/finanzen,"Cryptobros hassen diese Charts: Der All World ETF hat in einem Jahr 27% zugelegt, während Bitcoin 40% verloren hat. In 2 Jahren hat der ETF 38% zugelegt und Bitcoin über 13% verloren. In 5 Jahren hat der ETF 80% zugelegt und Bitcoin nur 63%.",de,0.9826,
photo_reddit_19825.jpg,reddit,https://i.redd.it/6cx8xv7v445h1.png,https://www.reddit.com/r/finanzen/comments/1tw24dj/,T,R,Y,living,,Y,r/finanzen,Tja,TOO_SHORT,0.0,
photo_reddit_19838.jpg,reddit,https://i.redd.it/awm0p2trx15h1.png,https://www.reddit.com/r/finanzen/comments/1tvmbn8/,T,R,N,finance,,N,r/finanzen,"Meine alte Mutter hatte in Panik wegen dem Irankrieg 30.000€ Gold gekauft. Verkaufen oder abwarten?
Ich hatte ihr davon abgeraten und meinte das Gold in guten Zeiten sicher ist, aber Momentan ist es Spekulationsgut. Am nächsten Tag ist sie dann aber doch zu Bank gerannt.

Ich frage mich nun ob man einfach mit Verlust verkaufen sollte, oder abwarten bis der Golf von Hormus die nächste Weltwirtschaftskriese auslöst. Genauso gut könnte aber auch Russland pleitegehen und seine großen Goldreserven verkaufen.",de,0.9982,
photo_reddit_20039.jpg,reddit,https://i.redd.it/853ml8iwk7hh1.png,https://www.reddit.com/r/munich/comments/1vems1e/,T,R,N,climate,,N,r/munich,"Is it getting hotter in Munich? Yes!
Hottest day of the year and annual average temperature in Munich from 1879 until 2026. 

\*Data collected and plotted by AI with consistency check by me. Please point out any mistakes you find and I will refine the data.",en,0.9375,
photo_reddit_20060.jpg,reddit,https://i.redd.it/qpo6u35ovjgh1.png,https://www.reddit.com/r/munich/comments/1vboe3l/,T,R,N,mobility,,N,r/munich,Anzahl Münchner U-Bahn-Haltestellen über die Jahre verglichen mit der Einwohnerentwicklung,de,0.9972,
photo_reddit_20068.jpg,reddit,https://i.redd.it/pdealj1dfzfh1.jpg,https://www.reddit.com/r/munich/comments/1v90e78/,T,R,N,living,,N,r/munich,"[OC] Munich bike risk map v3: now interactive, and shaped by two rounds of your corrections",en,0.9685,
photo_reddit_20087.jpg,reddit,https://i.redd.it/gub6yeqpxcfh1.jpg,https://www.reddit.com/r/munich/comments/1v65fc8/,T,R,Y,living,,N,r/munich,"I redid my Munich cycling risk map after you all tore the first one apart (thanks for that)
Earlier this week I posted a cycling risk map of Munich here, basically which streets are dangerous to ride and which aren't. A lot of you had comments. Some of them stung. Most of them were right.

So I redid it. This is the second version, and nearly every change in it came straight from a comment on that thread.

The things that came up the most:

* Bad elevation data that made many safe segments look risky, fixed, I hope everywhere
* Too high risk for offroad segments that are safe
* Tunnels mismatch
* Not accounting for traffic, fixed now, the risk takes into account modelled average traffic

I couldn't act on everything. Some of it is a judgment call like the fact that I kept streets with separate bike lanes as both the street and the bike lane separate

For anyone who missed the last thread: the map comes out of a cycling app I'm building called Defensive Pedal. It scores road segments by how dangerous they are for cyclists and routes you around the bad ones instead of just taking the fastest line like Google Maps does. It's free, Android and iOS.

So, round two: what did I still get wrong? Which streets does the map rate backwards from your experience? I read all of it, and the corrections go back into the model.

Thank you 🙏 🙏 🙏",en,0.9716,
photo_reddit_20126.jpg,reddit,https://i.redd.it/p4zzizd8steh1.png,https://www.reddit.com/r/munich/comments/1v3ow6y/,T,R,Y,living,,N,r/munich,"[OC] I scored every street in Munich by how dangerous it is for cyclists. Does this match your experience?
I cycle and got curious how cities actually looks from a bike saddle, so I built this: every street scored by cycling risk. Red = dangerous, green = fine. The score comes from things like bike infrastructure (or the lack of it), speed limits, one-way streets and how bad the intersections are.

Some things surprised me — a few streets everyone treats as normal routes come out deep red, and some boring side streets are basically the safest way across the city.

But I don't ride in Munich every day, and no dataset beats local knowledge. So I'm curious: which street is colored wrong? Which ones do you avoid on instinct that the map thinks are fine? Which ""dangerous"" ones are actually okay in practice?

Happy to explain the score if you're curious about the methodology. It powers our navigation app Defensive Pedal that finds the safest route for cycling, not the shortest",en,0.956,
photo_reddit_20128.jpg,reddit,https://i.redd.it/p4zzizd8steh1.png,https://www.reddit.com/r/munich/comments/1v3ow6y/,T,R,Y,living,,N,r/munich,"[OC] I scored every street in Munich by how dangerous it is for cyclists. Does this match your experience?
I cycle and got curious how cities actually looks from a bike saddle, so I built this: every street scored by cycling risk. Red = dangerous, green = fine. The score comes from things like bike infrastructure (or the lack of it), speed limits, one-way streets and how bad the intersections are.

Some things surprised me — a few streets everyone treats as normal routes come out deep red, and some boring side streets are basically the safest way across the city.

But I don't ride in Munich every day, and no dataset beats local knowledge. So I'm curious: which street is colored wrong? Which ones do you avoid on instinct that the map thinks are fine? Which ""dangerous"" ones are actually okay in practice?

Happy to explain the score if you're curious about the methodology. It powers our navigation app Defensive Pedal that finds the safest route for cycling, not the shortest",en,0.956,
photo_reddit_20471.jpg,reddit,https://i.redd.it/e592gxipyktg1.png,https://www.reddit.com/r/verkehrswende/comments/1se0hgx/,T,R,Y,mobility,why not all accidents?,Y,r/verkehrswende,"Tempo 40 = weniger Unfälle
Ursprünglich wurde in Stuttgart Tempo 40 vor allem für bessere Luft eingeführt, seit 2020 gilt es flächendeckend. Mit der Höchstgeschwindigkeit sanken auch die Unfallzahlen. Wir haben alle >5000 Unfälle mit Personenschaden 2016 bis 2024 auf Stuttgarts Hauptstraßen (mit Tempo 40) analysiert, hier das Ergebnis.

Wer die Details lesen will (€): [https://www.stuttgarter-zeitung.de/inhalt.autoverkehr-in-stuttgart-verkehrsminister-hermann-tempo-40-senkt-unfallzahlen.b8125ffd-5195-44b9-8fa0-a82754d990ee.html](https://www.stuttgarter-zeitung.de/inhalt.autoverkehr-in-stuttgart-verkehrsminister-hermann-tempo-40-senkt-unfallzahlen.b8125ffd-5195-44b9-8fa0-a82754d990ee.html)",de,0.9978,
photo_reddit_20492.jpg,reddit,https://i.redd.it/78w1n8l45tkg1.png,https://www.reddit.com/r/verkehrswende/comments/1raluyk/,T,R,Y,living,,Y,r/verkehrswende,"Fossile Subventionen für Dienstwagen und Diesel kosten Milliarden, sichern aber kaum Arbeitsplätze
Dienstwagenprivileg und Dieselprivileg – Subventionen für den Erhalt des fossilen Status Quo – sind volkswirtschaftlich ineffizient: Sie kosten \~43.000 Euro pro begünstigtem Arbeitsplatz und tragen nur geringfügig zur Beschäftigungssicherung bei.

  
[https://dezernatzukunft.org/wie-viel-bang-for-the-buck-steckt-in-subventionen/](https://dezernatzukunft.org/wie-viel-bang-for-the-buck-steckt-in-subventionen/)",de,0.9825,
photo_reddit_20700.jpg,reddit,https://i.redd.it/6xrldhgoiavc1.jpeg,https://www.reddit.com/r/verkehrswende/comments/1c7z4fp/,T,R,N,mobility,,N,r/verkehrswende,The evolution of high speed railway lines in China.,en,0.9045,
photo_reddit_20765.jpg,reddit,https://i.redd.it/kq2qiqsrlj2c1.png,https://www.reddit.com/r/verkehrswende/comments/183r3lj/,T,R,N,politics,,N,r/verkehrswende,"Bundesrat Drucksache 548/23: Bundesrat stimmt gegen zehntes Gesetz zur Änderung des Straßenverkehrsgesetzes
Bundesrat Drucksache 548/23: Zehntes Gesetz zur Änderung des Straßenverkehrsgesetzes

Am 24.11.2023 hat der Bundesrat gegen die Gesetzesänderung des Straßenverkehrsgesetzes gestimmt. Das ist ein ziemlicher Skandal. Der ADFC-Bundesvorsitzende Frank Masurat sagt: „Es ist unfassbar: Sowohl das Bundesverkehrsministerium als auch der Verkehrsausschuss im Bundesrat haben sich klar dafür ausgesprochen, dass der Radverkehr mehr Platz braucht – und um Zustimmung für die Reform des Straßenverkehrsgesetzes geworben. Trotzdem haben neun Bundesländer der dringend notwendigen Reform in letzter Minute die Zustimmung verweigert.“ ([https://www.adfc.de/neuigkeit/bundesrat-blockiert-stvg-reform](https://www.adfc.de/neuigkeit/bundesrat-blockiert-stvg-reform))

Wer nicht weiß, worum es in der Änderungsvorlage ging, dem sei das ADFC Dossier dazu empfohlen: [https://www.adfc.de/artikel/adfc-fordert-reform-des-strassenverkehrsgesetzes](https://www.adfc.de/artikel/adfc-fordert-reform-des-strassenverkehrsgesetzes) Es geht darum, es Kommunen zu erleichtern Tempo 30 einzurichten, Klimaverträglichkeit als Faktor bei Maßnahmen mit in Betracht zu ziehen und Städte wieder lebenswerter zu machen.

Versuchen wir also diesen Major-Fuckup bei der Bundesratsabstimmung zu `Drucksache 548/23` nachzuvollziehen. Allerdings müssen wir feststellen: irgendwie ist das alles kaputt 😢

## Zunächst interessiert uns: wie ging die Abstimmung überhaupt aus?

Auf der Bundesrats-Webseite lesen wir:

>Wie die einzelnen Länder in der Plenarsitzung abstimmen, wird grundsätzlich nicht festgehalten. Die Länder veröffentlichen ihr Abstimmungsverhalten aber online: Baden-Württemberg, Bayern, Berlin, Brandenburg, Bremen, Hessen, Hamburg, Mecklenburg-Vorpommern, Niedersachsen, Nordrhein-Westfalen, Rheinland-Pfalz, Schleswig-Holstein, Saarland, Sachsen, Sachsen-Anhalt, Thüringen. [https://www.bundesrat.de/DE/bundesrat/br-plenum/stimmabgabe/stimmabgabe-node.html](https://www.bundesrat.de/DE/bundesrat/br-plenum/stimmabgabe/stimmabgabe-node.html)

Der Bundesrat ist demnach nicht in der Lage oder nicht gewillt, Abstimmungen ordentlich zu dokumentieren und darzustellen.😮 Erstaunlich. Interessierte Bürger müssen folglich durch 16 Einzelseiten, die von den jeweiligen Ländern verwaltet werden und deshalb alle unterschiedlich aussehen, klicken, den korrekten Termin rauspopeln, dann warten und sich überraschen lassen, welche Art von Datei ihnen entgegenfällt (pdf, word, odt), das Dokument öffnen - im Fall von Word thoughts & prayers, dass die Darstellung korrekt ist - dann im Dokument nach der Drucksache suchen und entnehmen, wie das jeweilige Land abgestimmt hat, nachdem man die Darstellung verstanden hat, die natürlich auch pro Land variiert.

Entschuldigung, aber es ist echt lange her, dass mir als Bürger jemand derart einen Stinkefinger 🖕 ins Gesicht gehalten hat, lieber Bundesrat.

Wir reden in diesem Land seit Jahren über Digitalisierung, niederschwellige Beteiligung, Bürgernähe, Politikverdrossenheit, gefährliche Tendenzen des Populismus und vieles mehr, und das beste, womit der Bundesrat ankommt, ist das oben beschriebene System? Selbst befreundete promovierte Politologen waren überrascht darüber, wie kaputt dieses System ist.

## Wie wurde beispielsweise in Niedersachen abgestimmt?

[Zusammensetzung deutscher Bundesrat 2023-10-31](https://preview.redd.it/kq2qiqsrlj2c1.png?width=839&format=png&auto=webp&s=9562d8e499b958bc46e8c3c1f4731b51843ec4b1)

Laut obiger Grafik ist Niedersachen rot grün regiert. Das sollte doch für eine Zustimmung gereicht haben. Leider sind zwar auf der Webseite des Landes Niedersachsen, das Land ist ja selbst für die Dokumentation des Abstimmungsverhaltens verantwortlich, in nicht maschinenlesbar Form, ein paar PDFs auffindbar. Das Abstimmungsverhalten vom 24.11.2023 fehlt jedoch. Wird sicher noch nachgeliefert, aber warum beschleicht mich als Bürger schon wieder das Gefühl hier nicht ernst genommen zu werden? [https://www.niedersachsen.de/politik\_staat/bundesrat/abstimmungsverhalten\_niedersachsen\_im\_bundesrat/abstimmungsverhalten-niedersachsens-im-bundesrat-157696.html](https://www.niedersachsen.de/politik_staat/bundesrat/abstimmungsverhalten_niedersachsen_im_bundesrat/abstimmungsverhalten-niedersachsens-im-bundesrat-157696.html)

## Und wie wurde in Baden-Württemberg abgestimmt?

Obwohl in Baden-Württemberg die Grünen die stärkste Fraktion sind, den Ministerpräsidenten stellen, viele Ministerien bekleiden u.a. das Verkehrsministerium, in dessen Kompetenzbereich die fragliche Gesetzesänderung fällt, haben sie sich nicht gegenüber der Lobbyistenpartei CDU durchsetzen können. BW hat nämlich der Änderung nicht zugestimmt.

Man kann versuchen, das Abstimmungsverhalten mit Gepflogenheiten zu erklären, denn wenn eine Koalition sich nicht einigt, ist es üblich, dass sie sich enthält. Enthaltungen gibt es nicht, also wird dagegen gestimmt. Tipp topp, die Autolobby freut sich, Punkt für die Konservativen. Jedoch gab es auch schon Fälle, wo dann anders abgestimmt wurde. Sie hätten es also durchaus darauf ankommen lassen können.

Ironiepunkte gibt es für das Land dennoch: Winfried Herrmann hat kurz vor der Abstimmung ein flammendes Pladoyer gehalten für die Gesetzesänderung, die auch vom BMVI beführwortet wurde. Und wenn schon die Lacktrinker aus dem BMDV dafür sind, kann die Gesetzesänderung so autofeindlich nicht sein. [https://www.bundesrat.de/DE/service/mediathek/mediathek-node.html?cms\_id=0\_5ngsv3at](https://www.bundesrat.de/DE/service/mediathek/mediathek-node.html?cms_id=0_5ngsv3at)

Und zu Regierungsfähigkeit zählt eben auch, eigene Kernthemen durchzusetzen. Aber vermutlich ist die #Autolobby in diesem Land einfach zu mächtig. Die Freunde vom @[zweirat0711@verkehrswende.social](mailto:zweirat0711@verkehrswende.social) dem Radentscheid aus Stuttgart können das sicher bestätigen, wie es in der Autostadt Stuttgart so zugeht. Praktischerweise sitzt da auch gleich der Landtag - kurze Wege für die Lobbyisten aus dem Automobilsektor. Praktisch.

Das wirft natürlich auch die Frage auf, wo Gesetzesvorhaben der Konservativen von den Grünen BW sabotiert worden waren im Bundestag. Gab es da Beispiele aus der jüngeren Vergangenheit? Vielleicht weiß jemand etwas dazu und kann es als Kommentar hinterlassen?

## Abstimmungsverhalten Übersicht

Eine Übersicht gibt es nicht. Falls jemand die Nerven hat, eine Zusammenstellung des Abstimmungsergebnis zu erstellen (ohne Niedersachsen, weil das ist ja nicht bekannt), wäre das super. Würde uns sehr interessieren.",de,0.997,
photo_reddit_20960.jpg,reddit,https://i.redd.it/663wz081y8ra1.png,https://www.reddit.com/r/verkehrswende/comments/128mgu5/,T,R,N,mobility,,N,r/verkehrswende,"[OC] Wie kommen die deutschen Großstädte im Alltag herum? - Modal Split/Verkehrsmittelwahl aller Städte mit über 100.000 Einwohnern in Deutschland, nach Anzahl der zurückgelegten Wege",de,0.9945,
photo_reddit_21090.jpg,reddit,https://i.redd.it/81m7hxwme53a1.jpg,https://www.reddit.com/r/verkehrswende/comments/z8vemk/,T,R,N,mobility,,N,r/verkehrswende,[OC] Modalsplit der 50 größten deutschen Städte,de,0.9643,
photo_reddit_21132.jpg,reddit,https://i.redd.it/b513eoc4vys91.png,https://www.reddit.com/r/verkehrswende/comments/y0cpvg/,T,R,N,mobility,,Y,r/verkehrswende,"Karte der ""ÖV-Dichte"" Deutschlands und bestehende ÖV-Sammelfahrten-Angebote (weitere Infos siehe Kommentar)",de,0.9886,
photo_reddit_21172.jpg,reddit,https://i.redd.it/zkjdusdf29l91.jpg,https://www.reddit.com/r/verkehrswende/comments/x37uuj/,T,R,N,mobility,,Y,r/verkehrswende,"Der ""ÖV-Atlas"" von Agora-Verkehrswende - ein paar interessante Karten zum Öffi-Angebot",de,0.9545,
photo_reddit_21239.jpg,reddit,https://i.redd.it/hgfb34csa6891.png,https://www.reddit.com/r/verkehrswende/comments/vm6uzc/,T,R,Y,Energy prices,,N,r/verkehrswende,"Nicht dass nicht von Anfang klar war, dass der Tankrabatt eine Lose-Lose-Situtation ist.",de,0.9968,
photo_reddit_21246.jpg,reddit,https://i.redd.it/jhhlregctc791.png,https://www.reddit.com/r/verkehrswende/comments/vixqf2/,T,R,N,mobility,,Y,r/verkehrswende,Diese 199 Städte wollen Tempo 30,de,0.8216,
photo_reddit_21383.jpg,reddit,https://i.redd.it/e29gyadom6m81.png,https://www.reddit.com/r/verkehrswende/comments/t9m9oj/,T,R,N,mobility,,N,r/verkehrswende,82% of Germans can reach a medium sized city center within 30min of travel time by public transit.,en,0.9304,
photo_reddit_21437.jpg,reddit,https://i.imgur.com/K2Wp4QI.jpg,https://www.reddit.com/r/verkehrswende/comments/orcart/,T,R,Y,mobility,,N,r/verkehrswende,Aber der Einzelhandel braucht die Autos!,de,0.9884,
photo_reddit_21560.jpg,reddit,https://i.redd.it/vra1qklex8ce1.jpg,https://www.reddit.com/r/koeln/comments/1hyhgk2/,T,R,N,mobility,,N,r/koeln,"Ich habe eine Karte aller Parkscheinautomaten der Stadt kreiert
[Hoffe, sie kann jemandem zunutze kommen. Technische Details auf meiner Website: https:\/\/marnetto.net\/2024\/12\/20\/cologne-parking-meters](https://preview.redd.it/vra1qklex8ce1.jpg?width=6600&format=pjpg&auto=webp&s=a1f0c17b2e8c1b4d8d0835d80ab9ad6502ef7696)",de,0.967,
photo_reddit_21593.jpg,reddit,https://i.redd.it/bvzgbkspqs9b1.png,https://www.reddit.com/r/koeln/comments/14qbdow/,T,R,N,politics,,N,r/koeln,"With a result of 21%, right-wing AfD (ID) has reached a new all-time record high in the latest INSA poll",en,0.9724,
photo_reddit_22028.jpg,reddit,https://i.redd.it/avi4qz9c8ldh1.jpeg,https://www.reddit.com/r/berlin/comments/1uy1w4s/,T,M,Y,mobility,,N,r/berlin,"Die CDU hasst Radfahrer.
Mit der Grafik und den Handlungen der letzten Jahre wäre eigentlich auch schon alles Gesagt.",de,0.9997,
photo_reddit_22247.jpg,reddit,https://i.redd.it/8563ryakx69h1.png,https://www.reddit.com/r/berlin/comments/1ue7mfp/,T,R,N,climate,,N,r/berlin,"Berlin am Sonntag: +42 °C
[https://www.ventusky.com/#p=52.486;13.635;9&t=20260628/1500](https://www.ventusky.com/#p=52.486;13.635;9&t=20260628/1500)",de,0.6808,
photo_reddit_22259.jpg,reddit,https://i.imgur.com/jOCgKPc.png,https://www.reddit.com/r/berlin/comments/1ucxuwe/,T,R,Y,climate/finance,,N,r/berlin,Post your survival strategy if this comes true this weekend,en,0.7449,
photo_reddit_22560.jpg,reddit,https://i.redd.it/iqnx611ypt1h1.jpg,https://www.reddit.com/r/berlin/comments/1tgbvjs/,T,R,Y,politics,,N,r/berlin,"Good luck to whoever is going to be governing with this
Polling suggests forming a government in Berlin would be difficult, with only 4 months left to the election.

The single strongest forces are the right wing parties, despite the left sharing a larger share overall (fragmentation).

Regardless, this is a rare case where every party seems to be polling about the same, in the 15-19% range. This means that a two-faction coalition is impossible.

Berlin will need a 3 way coalition, but everyone remembers how the last 3 party government went in the Bundestag…",en,0.9496,
photo_reddit_22600.jpg,reddit,https://i.redd.it/r6pwy8llya1h1.jpeg,https://www.reddit.com/r/berlin/comments/1tdwa0z/,T,R,N,politics,,N,r/berlin,AfD is 2 points away from polling 1st place in Berlin as of polls on 15.05.2026 🤮,en,0.982,
photo_reddit_23197.jpg,reddit,https://i.redd.it/k43bkccgve2h1.png,https://www.reddit.com/r/nachrichten/comments/1tj8l4j/,T,R,N,climate,,N,r/nachrichten,"Sommerstart mit bis zu 31 Grad steht bevor
[Ein markanter Wetterwechsel](https://meteozentrale.de/hochdruck-im-suedwesten-verdraengt-letzte-wolkenbaender-sommerstart-steht-bevor/) **kündigt sich an: Eine weiträumige Hochdruckzone weitet sich im Laufe des Donnerstags schrittweise über Mitteleuropa aus. Die Achse des mächtigen atlantischen Rückens positioniert sich knapp westlich unserer Regionen, während das dazugehörige Bodenhoch langsam ostwärts wandert. Es bildet sich eine stabile Hochdruckbrücke, die von der Iberischen Halbinsel bis weit nach Westrussland reicht.**

Einzig an den Rändern des oberfränkischen Waldmeeres sowie entlang der östlichen Mittelgebirge machen sich am Vormittag noch schwache Ausläufer eines abziehenden skandinavischen Höhentroges bemerkbar. Hier dominieren anfangs dichte Quellwolken, aus denen sich vereinzelte, harmlose Schauer entwickeln können. Dank einer sich rasch aufbauenden Absinkinversion, die wie ein stabiler Deckel wirkt, bleibt die Gewittergefahr jedoch verschwindend gering. Von Südwesten her setzt sich die Sonne im Tagesverlauf immer dominanter durch und läutet eine anhaltende sommerliche Hochdruckphase ein.",de,0.9955,
photo_reddit_23200.jpg,reddit,https://i.redd.it/pl3170ba892h1.jpeg,https://www.reddit.com/r/nachrichten/comments/1tifksi/,T,R,N,Energy prices,,N,r/nachrichten,Der Aktuelle Erdgaspreis,de,0.9916,
photo_reddit_23201.jpg,reddit,https://i.redd.it/1d0qtelp692h1.jpeg,https://www.reddit.com/r/nachrichten/comments/1tiffe8/,T,R,N,Energy prices,,N,r/nachrichten,So sieht aus in €/mwh!,de,0.9929,
photo_reddit_23214.jpg,reddit,https://i.redd.it/k20jgjsbs91h1.png,https://www.reddit.com/r/nachrichten/comments/1tdr5od/,T,R,Y,climate,,N,r/nachrichten,"An Pfingsten bis zu 30 Grad warm? Die Tendenz ist vorhanden
In dieser Episode der[ Meteozentrale](https://meteozentrale.de/podcast-an-pfingsten-bis-zu-30-grad/) analysieren Moderatorin Melanie Hofmann und Meteorologe Peter Richter den bevorstehenden Wetterumschwung in Deutschland. Im Fokus steht der Übergang von der aktuell kühlen und unbeständigen Trogwetterlage hin zu einem markanten Hochdruckeinfluss. Zunächst werden die synoptischen Ursachen für die derzeitigen Graupelschauer sowie die anhaltende Gefahr von Bodenfrost in den klaren Nächten erörtert.

Anschließend wird die Entwicklung der Großwetterlage über die atlantisch geprägte Wochenmitte bis zum Pfingstwochenende detailliert beleuchtet. Dabei wird insbesondere der erwartete, deutliche Temperaturanstieg auf Höchstwerte zwischen 20 und 30 Grad besprochen, gekoppelt mit einer regionalen Einordnung der verbleibenden Schauer- und Gewitterrisiken am Rand des neuen Hochdruckgebietes.",de,0.991,
photo_reddit_24211.jpg,reddit,https://i.redd.it/5rp9d919nrjh1.jpeg,https://www.reddit.com/r/wien/comments/1vq550a/,T,R,N,mobility,,Y,r/wien,Night Train Connectivity of European Capitals,en,0.6304,
photo_reddit_24356.jpg,reddit,https://i.redd.it/ryi0bi1yw0ih1.jpeg,https://www.reddit.com/r/wien/comments/1viobqo/,T,R,N,mobility,,N,r/wien,"Auto vs. Grün in der Stadt
In Wien ist zwar noch ordentlich Luft nach oben, aber auch ""viel Raum von unten"".",de,0.9984,
photo_reddit_24402.jpg,reddit,https://i.redd.it/ek6cudmojihh1.jpeg,https://www.reddit.com/r/wien/comments/1vg0y1y/,T,R,N,living,,N,r/wien,"Bewerbungsprozess als Marketing Managerin in Wien
Da immer wieder Posts zum aktuellen Jobmarkt in Wien kommen, dachte ich, ich geb euch mal einen Einblick in meinen Bewerbungsprozess im Marketing. 

Ich bin F34 und wurde Ende Juni aus wirtschaftlichen Gründen gekündigt und hab einen Großteil des Julis mit der Jobsuche verbracht. Hab einen Master in Marketing und Kommunikation + 10 Jahre Berufserfahrung in Agenturen und Konzernen und hab mich hauptsächlich bei Konzernen beworben und bewusst keine Agenturen gewählt. Wunschgehalt lag zwischen 65 und 75. Zum Schluss konnte ich mich sogar zwischen zwei Angeboten entscheiden.",de,0.9979,
photo_reddit_24406.jpg,reddit,https://i.redd.it/augw33ih7ihh1.png,https://www.reddit.com/r/wien/comments/1vfzrh1/,T,R,N,climate,,N,r/wien,"Tropische Nächte und so
Wenn es in einer Nacht nicht unter 20 Grad abkühlt, spricht man von einer tropischen Nacht. Wien hat sich mal wieder selbst übertroffen in seiner Rolle als Betonwüste - am Messpunkt Innere Stadt ist die Temperatur in den letzten 24 Stunden nicht unter 27,5 Grad gefallen. Aber Hauptsache, man kann keine Klimaanlage einbauen. Es kotzt mich echt nur mehr an. Schaut auf euch und andere, Leute.",de,0.9977,
photo_reddit_24413.jpg,reddit,https://i.redd.it/uta0woft0dhh1.jpg,https://www.reddit.com/r/wien/comments/1vfagid/,T,R,Y,green in cities,,Y,r/wien,"Unser schönes Wien mit ach so vielen Bäumen
Ich bin heute zufällig über dieses google tool gestolpert. Witzigerweise kurz nachdem ich über die brütende Hitze in einer baumlosen Seitengasse geflucht hab.   
[https://insights.sustainability.google/places/ChIJn8o2UZ4HbUcRRluiUYrlwv0/trees?hl=de](https://insights.sustainability.google/places/ChIJn8o2UZ4HbUcRRluiUYrlwv0/trees?hl=de)   
Man kann eine Stadt eingeben, und sich den Modal Split und den Baumbestand visualisieren lassen. Habs mit Wien, Graz, Salzburg und ein paar internationalen Städten ausprobiert und fands so interessant, dass ich das einfach mal hierlassen wollte. 

Man sieht doch recht schön, dass es im Herzen Wiens viel zu wenige Bäume gibt. Im Wienerwald, in der Lobau, auch im Prater gibts wenig überraschend viele Bäume, aber das hilft halt innerhalb des Gürtels wenig. So als Vergleich hab ich noch die Daten für Stockholm angeschaut, dort ists nicht nur generell grüner, sondern auch gleichmäßiger verteilt.   


In diesem Sinne: erhebt bei jeder Grätzlneugestaltung eure Stimme, damit mehr Bäume gepflanzt werden!",de,0.9965,
photo_reddit_24819.jpg,reddit,https://i.redd.it/lw8exe6399ah1.jpeg,https://www.reddit.com/r/wien/comments/1uiyoxj/,T,R,N,climate,,Y,r/wien,"Minimaltemperaturen in Wien im Juni
Quelle Orf.at",de,0.9361,
photo_reddit_24943.jpg,reddit,https://i.redd.it/b3mtjfft8m8h1.jpeg,https://www.reddit.com/r/wien/comments/1ubn06k/,T,M,Y,climate,,Y,r/wien,“Herrliches Sommerwetter” “Das hat’s schon immer gegeben”,de,0.7995,
photo_reddit_25232.jpg,reddit,https://i.redd.it/ui2nu44yhcjh1.png,https://www.reddit.com/r/de_EDV/comments/1vo7utm/,T,R,N,finance,,N,r/de_EDV,"GPU-Preise in Deutschland sind in den letzten 30 Tagen um ~19,6% gestiegen, gleicher Warenkorb, jeden Tag bei 3+ Händlern verglichen
Hab das auch in r/pcbaumeister gepostet, kam ganz gut an, deshalb auch hier :)

Ich betreibe einen Preistracker für PC-Hardware in der EU (20+ Shops in 8+ Ländern) und wollte speziell für den deutschen Markt nachschauen: Steigen die GPU-Preise wirklich, oder täuscht der Eindruck?

Um das Ganze belastbar zu machen, habe ich nicht einfach den Durchschnitt aller aktuell verfügbaren Karten genommen, das würde den Trend verfälschen, sobald günstige Karten ausverkauft sind und aus dem Schnitt fallen. Stattdessen: ein fester Warenkorb aus **58 GPU-Modellen, die durchgehend bei mindestens 3 verschiedenen Händlern gelistet waren**, jeden einzelnen Tag der letzten 30 Tage, ohne Lücken.

**Ergebnis:**

1. Juli: **685,39 €** im Schnitt
2. August: **819,54 €** im Schnitt

* **+19,6%** in einem Monat, dieselben 58 Karten die ganze Zeit

Der Anstieg kam nicht plötzlich, sondern zog sich über mehrere Wochen:

* 15.–23. Juli: stabil, 683–688 €
* 24.–31. Juli: deutlicher Anstieg, 698 € → 769 €
* 1.–14. August: weiter steigend, zuletzt leicht abflachend, 771 € → 820 €

Zur Methodik, damit ich es gleich transparent mache: ""Preis"" ist hier jeweils der Durchschnitt über alle Händler (mind. 3), die eine Karte an dem Tag geführt haben, nicht der günstigste Preis, nicht ein sich verschiebender Marktdurchschnitt über wechselnde Produkte. Warenkorb ist fix, an Tag 1 und Tag 30 identisch, täglich dazwischen überprüft.

Zum Vergleich: EU-weit (23 Händler, 8 Länder, 176 Modelle nach gleicher Methode) liegt der Anstieg bei +19,2%, also fast identisch mit Deutschland, nur auf einem durchgehend niedrigeren Preisniveau (Deutschland ist im Schnitt die günstigste große GPU-Region in der EU).

Interesse an einer Aufschlüsselung nach Tier (5060 vs. 5070 vs. 5080/5090) oder AMD vs. NVIDIA? Das hier ist erstmal die Gesamtmarktzahl",de,0.9929,
photo_telegram_11.jpg,telegram,https://t.me/dieKlimaluege/1596,https://t.me/dieKlimaluege/1596,T,M,Y,energy,,N,dieKlimaluege,"Energiewende-Mythen #9 

""Wir haben schon mehr als die Hälfte Strom aus Erneuerbaren. Wenn wir Wind und Sonne verdoppeln, sind es 100 Prozent!"" 

Definitiv falsch. Denn die aktuelle Quote ergibt sich aus Direkteinspeisung und Verramschung des Überschusses im Sommerhalbjahr ins Ausland. Eine tatsächliche Selbstversorgung geht aber nur mit Speicherung über Rückverstromung von Elektrolysegas (power-to-gas-to-power). 

Und hierbei sind die Verluste erschreckend hoch. Im Falle von Solarenergie braucht man die zwanzigfache Nennleistung im Vergleich zu Kernkraft für denselben Output! ->BILD 1

Das bedeutet aber auch
- zwanzigmal höherer Flächenverbrauch
- zwanzigmal höhere Kosten

Auch bei Wind ist die Rechnung miserabel. Ein KKW mit 1,3 GW entspricht etwa 2.435 Windrädern an Land!
Energiefachmann Dipl. Ing. Volker Eyssen hat dazu eine sehr anschauliche Folie in seinem Vortrag. Flächenverbrauch um Berlin konstant mit Strom zu versorgen -> BILD 2

https://x.com/i/status/2026635610060935206",de,0.9918,
photo_telegram_26.jpg,telegram,https://t.me/dieKlimaluege/1531,https://t.me/dieKlimaluege/1531,T,M,Y,energy,,N,dieKlimaluege,"Deutschlands Weg vom Stromexporteur zur Mangellage

(Anm.:Abschaltung AKW durch Habeck 01.04.2023)

https://x.com/tomdabassman/status/2006292584235188308",de,0.9206,
photo_telegram_35.jpg,telegram,https://t.me/dieKlimaluege/1443,https://t.me/dieKlimaluege/1443,T,M,Y,climate,,N,dieKlimaluege,"Deutschland ist eines der kältesten Länder der Welt. Kälte-assozierte Sterbefälle sind ZEHNMAL häufiger als sog.""Hitzetote"". Jeden Sommer sterben viele Zehntausend Menschen weniger als im Winter.

Wärme ist Leben, Kälte ist Tod. Deutschland profitiert vom Klimawandel.

https://x.com/tomdabassman/status/1957467218574246026",de,0.9951,
photo_telegram_213.jpg,telegram,https://t.me/dieKlimaluege/875,https://t.me/dieKlimaluege/875,T,M,Y,climate,,N,dieKlimaluege,"Zündet die Heizpilze an, es ist noch Luft nach oben. 😇 😉",de,0.9996,
photo_telegram_229.jpg,telegram,https://t.me/dieKlimaluege/781,https://t.me/dieKlimaluege/781,T,M,Y,climate,,N,dieKlimaluege,"Um die Lüge vom Klimawandel aufrecht zu erhalten, werden nun sogar schon 19 Grad Celsius tiefrot dargestellt...

Kostenlos abonnieren: t.me/kenjebsen",de,0.9462,
photo_telegram_285.jpg,telegram,https://t.me/dieKlimaluege/595,https://t.me/dieKlimaluege/595,T,R,Y,climate,not even units on sclae,N,dieKlimaluege,"Grafik aus Band 1 des ersten IPCC-Reports von 1990:

Statt Hockeystick existierten damals noch die Warmzeiten des Holozän. 

Auch die Kurven der Kontinente sehen ganz anders aus. 

The Science (TM) muss sich geändert haben.

Via R. Stahlmann

https://archive.ipcc.ch/ipccreports/far/wg_I/ipcc_far_wg_I_chapter_07.pdf

t.me/Rosenbusch",de,0.977,
photo_telegram_309.jpg,telegram,https://t.me/dieKlimaluege/490,https://t.me/dieKlimaluege/490,T,R,Y,climate,,N,dieKlimaluege,"Diese Grafiken aus dem 1. IPCC-Bericht (1990) verschwanden schnell mit dem Austausch des Personals. 

So wie die mittelalterliche Wärmeperiode, stattdessen kreierte man die bekannten Panikkurven.

So wird Klimageschichte umgeschrieben. Orwell rotiert im Grab.

https://www.ipcc.ch/site/assets/uploads/2018/03/ipcc_far_wg_I_chapter_07-1.pdf

t.me/Rosenbusch",de,0.977,
photo_telegram_340.jpg,telegram,https://t.me/dieKlimaluege/381,https://t.me/dieKlimaluege/381,T,R,Y,climate,drawn on image,N,dieKlimaluege,,NO_TEXT,0.0,
photo_telegram_397.jpg,telegram,https://t.me/dieKlimaluege/159,https://t.me/dieKlimaluege/159,T,M,Y,climate,apparently has been debunked a few times but data is correct,N,dieKlimaluege,"In den letzten 9.500 Jahre war es fast immer wärmer als jetzt.

Der kleine Aufwärtstrend ganz rechts ist das, was sie uns als Klimakrise verkaufen wollen.

Die Mär vom menschengemachten Klimawandel ist der größte Betrug aller Zeiten.

QUelle: https://twitter.com/MrJonasDanner/status/1593938136500936705

Unterstützen Sie uns ! 
➡️ www.kulturstudio.tv",de,0.9963,
photo_telegram_1043.jpg,telegram,https://t.me/dijogoe/3639,https://t.me/dijogoe/3639,T,M,Y,climate,,Y,dijogoe,"Laut Washington Post leben wir in der kältesten Zeit der letzten 485 Mio. Jahre. 

Die Grafik zeigt natürliche Temperaturänderungen in einer Spanne von über 20°. Teilweise, etwa in der Jüngeren Dryas vor knapp 12.000 Jahren, stieg die Temperatur viel schneller als heute.

https://www.washingtonpost.com/climate-environment/2024/09/19/earth-temperature-global-warming-planet/

t.me/Rosenbusch",de,0.9829,
photo_telegram_1152.jpg,telegram,https://t.me/dijogoe/3294,https://t.me/dijogoe/3294,T,M,Y,health,,N,dijogoe,"👀🚫 GEHEN SIE WEITER - HIER GIBT ES NICHTS ZU SEHEN! 

🖥 Grafik links: 
Anzahl der Menschen mit einer ""Corona-Grundimmunisierung"" und zwei Auffrischungs""impfungen"" (also insgesamt drei Giftspritzen). .

🖥 Grafik rechts:
Anzahl der Krankschreibungen, hauptsächlich aufgrund von  Atemwegserkrankungen.

🤔 Fällt Ihnen etwas auf? 

Quelle

-
Folgen:
HTTPS://T.ME/MEINEDNEWS
HTTPS://T.ME/KACHELKANAL 
-",de,0.9782,
photo_telegram_1292.jpg,telegram,https://t.me/dijogoe/2944,https://t.me/dijogoe/2944,T,M,Y,climate,,N,dijogoe,"🔽  GASSPEICHER LEEREN SICH DRAMATISCH – DEUTSCHLAND RUTSCHT IN DIE ENERGIEFALLE

👉Grafik links: Gaspreisentwicklung
👉Grafik rechts: Füllstand der Gasspeicher

😳 Die offiziellen Zahlen sind eindeutig – und sie sind alarmierend.
Laut Daten des Norddeutscher Rundfunk sind die deutschen Gasspeicher derzeit nur noch zu 41,3 % gefüllt. Damit liegen sie deutlich unter dem Durchschnitt der Jahre 2017–2021 – und das mitten im Winter.

🔥 DER VERBRAUCH STEIGT – DIE RESERVEN SCHWINDEN
In nur einer Woche (5.–11. Januar 2026) wurden 33 Terawattstunden Gas verbraucht – über 12 % mehr als üblich. Ursache: kalte Temperaturen, hohe Heizlast, wieder anziehender Industriebedarf.
Zum Vergleich: Deutschlands Speicher fassen insgesamt nur rund 250 Terawattstunden, der Jahresverbrauch liegt bei fast 850 Terawattstunden. Die Rechnung ist simpel – und sie geht nicht auf.

🧊 KEINE PUFFER MEHR FÜR KRISEN
Die Gasspeicher sind dafür da, Verbrauchsspitzen im Winter abzufedern. Doch genau diese Reserve schmilzt jetzt schneller als in früheren Jahren. Fällt zusätzlich eine Importquelle aus oder verschärft sich die Wetterlage, bleibt kaum noch Spielraum.

🚢 LNG ALS RETTUNG? KAUM DER REDE WERT
Über LNG-Terminals kommen weniger als zehn Prozent des Erdgases nach Deutschland. Der Löwenanteil stammt aus Norwegen und den Niederlanden – also ebenfalls aus dem Ausland. Von Versorgungssouveränität kann keine Rede sein.

⚠️  AUSBLICK: STEIGENDE PREISE, POLITISCHE EINGRIFFE, RATIONIERUNGSRISIKO
Leere Speicher bedeuten nicht nur höhere Preise, sondern auch politische Eingriffe, industrielle Drosselungen und im Ernstfall staatlich verordnete Einschränkungen. Wer glaubt, diese Zahlen seien harmlos, verkennt die Dynamik des Winters.

📉 FAZIT:
Die Energiewende liefert keine grundlastfähige Sicherheit – und das Gaspolster, das diese Lücke schließen sollte, schrumpft gefährlich schnell. Der nächste Engpass ist keine Theorie mehr, sondern eine Frage der Zeit.

🔈 Kommentar:
Und sich in einer solchen Situation auch noch mit den sanktionsfreudigen Amerikanern anzulegen, ist fast schon vorsätzliche Sabotage der deutschen Gas-Versorgungssicherheit. Wahrlich, diese Politikerclique hat es sich offenbar zum Ziel gesetzt, Deutschland, seine Industrie, Wirtschaft und den Wohlstand seiner Bürger mit dem Prügel zu erschlagen.

Quelle

-
ABO:
HTTPS://T.ME/MEINEDNEWS
HTTPS://T.ME/KACHELKANAL 
-",de,0.9914,
photo_telegram_1431.jpg,telegram,https://t.me/dijogoe/2558,https://t.me/dijogoe/2558,T,M,Y,climate,,Y,dijogoe,"Wir sollten auf einen milden Winter hoffen.

Oder naja, vielleicht kann so ein kaltes Wohnzimmer auch heilsam sein?

t.me/Rosenbusch",de,0.9983,
photo_telegram_1437.jpg,telegram,https://t.me/dijogoe/2532,https://t.me/dijogoe/2532,T,R,Y,industry,,Y,dijogoe,"Das statistische Bundesamt meldete im August einen Rückgang der Industrieproduktion in Deutschland um 4,3 Prozent - den stärksten Rückgang seit März 2022.

Um 18,5% sank die Produktion in der Automobilindustrie, um 10,3% in der Medizin, um 6,2% im Maschinenbau.

Eines Tages wird es also als freiwillige Deindustrialisierung Europas in die Geschichte eingehen, die schreckliche Folgen haben wird, die wir immer stärker spüren. Die Regierung hat dies jedoch nicht getan, sie glauben, dass sie alles richtig gemacht und getan haben. So werden bald viele von uns arbeitslos sein, das Land wird sich einer Krise nähern, und die Regierung wird nicht einmal daran denken, denn es ist wichtiger, uns in den Krieg einzuführen, um unser Land bereits genau und endgültig zu zerstören. Wir müssen gegen all das kämpfen!  ◾️des Geyers schwarzer Haufen◾️

Unser Kanal auf X",de,0.9959,
photo_telegram_1601.jpg,telegram,https://t.me/dijogoe/2062,https://t.me/dijogoe/2062,T,R,N,economy,,N,dijogoe,Screenshot (13.06.2025 13:26:55),de,0.3099,
photo_telegram_2245.jpg,telegram,https://t.me/dijogoe/673,https://t.me/dijogoe/673,T,R,Y,politics,,Y,dijogoe,"LÄCHERLICH!!!!!!!!!!!!!!!

Ausgerechnet am Wahltag ERSTMALIG wieder knapp vor der AfD!!!! 
So ein RIESENZUFALL!!!!
UND die Grüne Sekte natürlich mit ausgerechnet GENAU 5 Prozent noch drin!!!

Haben die ""Superdemokraten"" da wieder getrickst?

Ist doch alles nicht mehr ernst zu nehmen!!!!!",de,0.9791,
photo_telegram_2552.jpg,telegram,https://t.me/MissionDE/11641,https://t.me/MissionDE/11641,T,R,N,climate,,Y,MissionDE,"40,4 Grad: Am 27.6.2026 gab es die höchste Temperatur seit Aufzeichnungsbeginn am Potsdamer Telegrafenberg, wo das PIK sitzt. Die Messreihe dient als  Referenz zum Abschätzen der Klimaentwicklung in der Region. Jahreshöchsttemperatur im Langfristtrend (für 2026 mit Stand 9.6.): https://t.co/1aGfFrpHuM 

Potsdam-Institut für Klimafolgenforschung PIK 

Mission Deutsch by @MissionDE
A @grttme project - Other backups: @Hallotme",de,0.9757,
photo_telegram_2624.jpg,telegram,https://t.me/MissionDE/11539,https://t.me/MissionDE/11539,T,R,N,climate,,N,MissionDE,"RT @KfW_Research: Die globalen Klimaschutzinvestitionen müssen sich zum Erreichen der #Klimaziele verdreifachen – und im Globalen Süden sogar noch einmal deutlicher steigen. kfw.de/%C3%9Cber-die-KfW/New… @KfW @PIK_Klima #COP30 

Potsdam-Institut für Klimafolgenforschung PIK 

Mission Deutsch by @MissionDE
A @grttme project - Other backups: @Hallotme",de,0.9657,
photo_telegram_2777.jpg,telegram,https://t.me/MissionDE/11156,https://t.me/MissionDE/11156,T,R,N,climate,,N,MissionDE,"RT @jrockstrom: Is Earth losing resilience? Accelerated warming, weakening forest carbon sinks, and Earth albedo change point to shifts in feedbacks, and possibly a higher climate sensitivity. This may mean a smaller carbon budget. More on this in part 2 of my series. linkedin.com/pulse/earth-los… 

Potsdam-Institut für Klimafolgenforschung PIK 

Mission Deutsch by @MissionDE
A @grttme project - Other backups: @Hallotme",en,0.761,
photo_telegram_2807.jpg,telegram,https://t.me/MissionDE/11147,https://t.me/MissionDE/11147,T,R,N,climate,,N,MissionDE,"RT @jrockstrom: 1.5°C isn’t a political target, but a physical limit. We’re set to exhaust the remaining carbon budget in just a few years. Yet policy assumes huge CO₂ removal later, instead of cutting fast now. 1st of 3 posts on Earth’s resilience & where we stand. linkedin.com/pulse/earth-los… 

Potsdam-Institut für Klimafolgenforschung PIK 

Mission Deutsch by @MissionDE
A @grttme project - Other backups: @Hallotme",en,0.7652,
photo_telegram_2991.jpg,telegram,https://t.me/MissionDE/10700,https://t.me/MissionDE/10700,T,R,Y,animal experiments,,Y,MissionDE,"🐾 Tierversuche stoppen!
Millionen Tiere leiden in Deutschland in grausamen Tests – dabei gibt es Alternativen. 🙅‍♀️🐇
💡 Kaufe tierversuchsfreie Produkte, kläre auf & fordere mit Petitionen ein Ende von Tierversuchen! ➡️ peta.de/themen/tierversuche-… #TierversucheStoppen 

PETA Deutschland 

Mission Deutsch by @MissionDE
A @grttme project - Other backups: @Hallotme",de,0.9357,
photo_telegram_3077.jpg,telegram,https://t.me/MissionDE/10526,https://t.me/MissionDE/10526,T,M,Y,climate?,,N,MissionDE,"Unser Vorschlag für PHASE IV: 
🔥#StopDeepSeaMining – for good!🔥 @jonasgahrstore 

Greenpeace e.V. 

Mission Deutsch by @MissionDE
A @grttme project - Other backups: @Hallotme",de,0.4696,
photo_telegram_3720.jpg,telegram,https://t.me/MissionDE/9481,https://t.me/MissionDE/9481,T,R,Y,mobility/climate,,N,MissionDE,"Hätte der BR den Volkswillen ernst genommen, wäre diese Vorlage gar nie entstanden. Art. 12 des #Klimaschutz-Gesetzes schreibt vor, dass künftige Strassengesetze zur Erreichung der #Klimaziele beitragen müssen. Diese Vorlage macht das Gegenteil. Darum: Nein zum Autobahn-Ausbau. 

Verein Klimaschutz Schweiz 

Mission Deutsch by @MissionDE
A @grttme project - Other backups: @Hallotme",de,0.9705,
photo_telegram_3792.jpg,telegram,https://t.me/MissionDE/9367,https://t.me/MissionDE/9367,T,R,N,climate,,Y,MissionDE,"RT @lukasbayer_: Mit der Versauerung der Ozeane wird wohl bald eine siebte planetare Grenze überschritten. Das @PIK_Klima will nun jährlich Updates veröffentlichen, später mit Budgets ähnlich dem CO2-Budget. | @TableBriefings 

👉 table.media/climate/news/oze… 

Potsdam-Institut für Klimafolgenforschung PIK 

Mission Deutsch by @MissionDE
A @grttme project - Other backups: @Hallotme",de,0.9833,
photo_telegram_4095.jpg,telegram,https://t.me/MissionDE/8822,https://t.me/MissionDE/8822,T,R,Y,living,,N,MissionDE,"Weltweit häufen sich humanitäre Krisen. Doch statt in echte menschliche #Sicherheit zu investieren, steckt Deutschland🇩🇪 Geld ins Militär und spart an entscheidenden Stellen. 

Greenpeace e.V. 

Mission Deutsch by @MissionDE
A @grttme project - Other backups: @Hallotme",de,0.9206,
photo_telegram_4141.jpg,telegram,https://t.me/MissionDE/8730,https://t.me/MissionDE/8730,T,R,Y,climate,,Y,MissionDE,"Tierische Produkte wie #Fleisch verbrauchen in der Erzeugung wesentlich mehr Wasser als pflanzliche Lebensmittel wie Soja.
⚠️ Durch tierische Produkte wird somit die globale Wasserknappheit verschlimmert. Entscheidet euch deshalb für eine vegane Ernährung! PETA.de/themen/wasserverbrau… 

PETA Deutschland 

Mission Deutsch by @MissionDE
A @grttme project - Other backups: @Hallotme",de,0.9748,
photo_telegram_4633.jpg,telegram,https://t.me/MissionDE/7781,https://t.me/MissionDE/7781,T,R,Y,living,,N,MissionDE,"Das ist ein Weckruf an die Politik: Unsere repräsentative Umfrage zeigt, dass deutlich mehr getan werden muss, um Kita- & Schulessen gesünder und nachhaltiger zu gestalten! 

WWF Deutschland 

Mission Deutsch by @MissionDE
A @grttme project - Other backups: @Hallotme",de,0.9863,
photo_telegram_4714.jpg,telegram,https://t.me/MissionDE/7625,https://t.me/MissionDE/7625,T,R,N,climate,,N,MissionDE,"RT @DWD_klima: Mit dem Mai 2024 hatten wir in  Deutschland den 20. Monat in Folge, der wärmer war als das vieljährige Monatsmittel der internationalen Referenzperiode 1961-1990. 

Potsdam-Institut für Klimafolgenforschung PIK 

Mission Deutsch by @MissionDE
A @grttme project - Other backups: @Hallotme",de,0.9659,
photo_telegram_4869.jpg,telegram,https://t.me/MissionDE/7370,https://t.me/MissionDE/7370,T,R,N,climate,,N,MissionDE,"RT @rahmstorf: Schon vor 35 Jahren (1989) wurde in Modellsimulationen gezeigt, dass durch die globale Erwärmung Starkregen zunehmen wird und schwächere Regenfälle seltener werden (siehe Grafik). Erst später haben Messdaten dies bestätigt.
Siehe nature.com/articles/nclimate… 

Potsdam-Institut für Klimafolgenforschung PIK 

Mission Deutsch by @MissionDE
A @grttme project - Other backups: @Hallotme",de,0.9911,
photo_telegram_5845.jpg,telegram,https://t.me/MissionDE/5611,https://t.me/MissionDE/5611,T,R,N,climate,,N,MissionDE,"Klimakrise in Deutschland: So hat sich das Klima bereits aufgeheizt. Das Rekordjahr 2023 fehlt in dieser Grafik noch. #EarthHour #EarthHour2024

[Die #ClimateStripes gibts für Deutschland btw auch nach Bundesländern: showyourstripes.info/s/europ… 

WWF Deutschland 

Mission Deutsch by @MissionDE
A @grttme project - Other backups: @Hallotme",de,0.9741,
photo_telegram_6755.jpg,telegram,https://t.me/MissionDE/3652,https://t.me/MissionDE/3652,T,R,N,climate,,N,MissionDE,"RT @mahaenggi: #ClimateUpdate Nr. 2-2024:
Wie 2023 die Temperaturrekorde pulverisiert hat | Degrowth | Deforestation | Grönland | Emissionen des Israel-Gaza-Kriegs | u.v.m. gletscher-initiative.ch/clim… 

Verein Klimaschutz Schweiz 

Mission Deutsch by @MissionDE
A @grttme project - Other backups: @Hallotme",de,0.6799,
photo_telegram_7084.jpg,telegram,https://t.me/MissionDE/2912,https://t.me/MissionDE/2912,T,R,Y,climate,,N,MissionDE,"RT @SISeneviratne: Beitrag & Interview in @10vor10: Anzahl von Öl-, Gas- & Kohle-Lobbyisten an der #COP28 ist ~4x höher als in 2022
Das ist extrem problematisch. Kann die🇨🇭mit anderen Ländern sicherstellen, dass es nicht wieder vorkommt? @KlimaAllianzCH @WWF_Schweiz @bafuCH srf.ch/play/tv/-/video/-?urn… 

WWF Schweiz 

Mission Deutsch by @MissionDE
A @grttme project - Other backups: @Hallotme",de,0.963,
photo_telegram_7087.jpg,telegram,https://t.me/MissionDE/2915,https://t.me/MissionDE/2915,T,R,N,climate,,N,MissionDE,"RT @mahaenggi: #ClimateUpdate Nr. 49-2023:
93 Medienbeiträge zu
COP28: Kampf um den Ausstieg aus der Fossilenergie, Lobbying, Klimafinanzierung
Neue Berichte: Kipppunkte, CO2-Budget, Atomwirtschaft
u.v.m.
sortiert, verschlagwortet, durchsuchbar gletscher-initiative.ch/clim… @KlimaschutzCH 

Verein Klimaschutz Schweiz 

Mission Deutsch by @MissionDE
A @grttme project - Other backups: @Hallotme",de,0.8675,
photo_telegram_7194.jpg,telegram,https://t.me/MissionDE/2708,https://t.me/MissionDE/2708,T,R,N,climate,,N,MissionDE,"RT @mahaenggi: #ClimateUpdate Nr. 48-2023:
Zum Beginn der COP28 | Anti-Klima-Lobbying und Leugnung | Climate anxious? Here’s how you can turn apprehension into action | u.v.m. gletscher-initiative.ch/clim… @KlimaschutzCH 

Verein Klimaschutz Schweiz 

Mission Deutsch by @MissionDE
A @grttme project - Other backups: @Hallotme",de,0.51,
photo_telegram_7427.jpg,telegram,https://t.me/MissionDE/2253,https://t.me/MissionDE/2253,T,R,N,climate ,,N,MissionDE,"RT @mahaenggi: #ClimateUpdate Nr. 46-2023:
State of Climate Action Report 2023 | COP28: Untergangsberater McKinsey | Die heissesten 12 Monate seit 125.000 Jahren | Versicherungen: 50 Jahre Klimaversagen | u.v.m. gletscher-initiative.ch/clim… @KlimaschutzCH 

Verein Klimaschutz Schweiz 

Mission Deutsch by @MissionDE
A @grttme project - Other backups: @Hallotme",de,0.6945,
photo_telegram_7551.jpg,telegram,https://t.me/MissionDE/2010,https://t.me/MissionDE/2010,T,R,N,climate,,N,MissionDE,"RT @mahaenggi: #ClimateUpdate Nr. 45-2023:
Climate Finance before COP28 | UN Adaptation Gap Report | UN Production Gap Report | Zerbricht Fridays for Future am Gazakrieg? | u.v.m. gletscher-initiative.ch/clim… 

Verein Klimaschutz Schweiz 

Mission Deutsch by @MissionDE
A @grttme project - Other backups: @Hallotme",en,0.3489,
photo_telegram_7847.jpg,telegram,https://t.me/MissionDE/1483,https://t.me/MissionDE/1483,T,R,Y,politics/climate,,N,MissionDE,"🗳 ❗Schon gewählt? In Lausanne haben erst 25 % gewählt, ähnlich in Luzern, Chur, Genf, Bern... 
Wähle Politiker:innen mit 💚 für die Umwelt. Jede einzelne Stimme ist wichtig!👉 ow.ly/fRQM50PYxgO 

WWF Schweiz 

Mission Deutsch by @MissionDE
A @grttme project - Other backups: @Hallotme",de,0.9791,
photo_telegram_8076.jpg,telegram,https://t.me/MissionDE/986,https://t.me/MissionDE/986,T,M,Y,energy,this is from just 1 day? or what is the scale? the power production cant be per year,N,MissionDE,"Auch wenn #Söder es gern anders darstellt. Bei der Energiewende in #Bayern ist noch massig Wind nach oben. Wie euer Bundesland im Vergleich dasteht - und alles zur Energiewende im Freistaat: wwf.de/energiewende-bayern 

WWF Deutschland 

Mission Deutsch by @MissionDE
A @grttme project - Other backups: @Hallotme",de,0.9786,
photo_telegram_8300.jpg,telegram,https://t.me/MissionDE/589,https://t.me/MissionDE/589,T,M,Y,economy,,N,MissionDE,"Jedes Jahr vergiften sich ca. 385 Mio Menschen durch #Pestizide. Ungefähr 11.000 sterben unbeabsichtigt an den Folgen. Deshalb ist klar: Wir brauchen jetzt stärkere Gesetze 💪 für besseren Schutz! #PhaseOutHHPs #ICCM5 #SAICM
Mehr Daten & Fakten➡️boell.de/de/pestizidatlas 

NABU 🦤 

Mission Deutsch by @MissionDE
A @grttme project - Other backups: @Hallotme",de,0.9803,
photo_telegram_8336.jpg,telegram,https://t.me/MissionDE/522,https://t.me/MissionDE/522,T,R,N,climate,,N,MissionDE,"RT @mahaenggi: #ClimateUpdate Nr. 38:
Herbstsession: Mantelerlass, CO2-Gesetz, Autobahnen | Grossbritanniens Anti-Klima-Wende | UN-Gipfel in New York | Atomdebatte | Geo-Engineering | u.v.m. gletscher-initiative.ch/clim… @KlimaschutzCH 

Verein Klimaschutz Schweiz 

Mission Deutsch by @MissionDE
A @grttme project - Other backups: @Hallotme",de,0.5219,
photo_telegram_8448.jpg,telegram,https://t.me/MissionDE/380,https://t.me/MissionDE/380,T,R,N,politics,,Y,MissionDE,"RT @grunliberale: Wir Grünliberale setzen uns zu 💯 % für #Klimaschutz und Energiesicherheit ein! Deine Stimme für die GLP ist eine Stimme mehr für den Klimaschutz. #vote4climate 🙏🗳️💚#MutzurLösung #Wahlen23 

Greenpeace.ch 

Mission Deutsch by @MissionDE
A @grttme project - Other backups: @Hallotme",de,0.9923,
photo_telegram_8467.jpg,telegram,https://t.me/MissionDE/369,https://t.me/MissionDE/369,T,R,N,climate,,N,MissionDE,"RT @KatjaChrist: Wir Grünliberale setzen uns zu 💯 % für #Klimaschutz und Energiesicherheit ein! Deine Stimme für die GLP ist eine Stimme mehr für den Klimaschutz. #vote4climate 🙏🗳️💚#MutzurLösung #Wahlen23 

Greenpeace.ch 

Mission Deutsch by @MissionDE
A @grttme project - Other backups: @Hallotme",de,0.9923,
photo_telegram_8572.jpg,telegram,https://t.me/MissionDE/154,https://t.me/MissionDE/154,T,R,N,culture,,Y,MissionDE,"Sech von neun #planetareGrenzen sind bereits überschritten: Erstmals hat ein Forschungsteam alle neun planetaren Belastungsgrenzen vollständig beschrieben. Die neue Studie liefert einen Überblick über die schwindende Widerstandsfähigkeit unseres Planeten: pik-potsdam.de/de/aktuelles/… 

Potsdam-Institut 

Mission Deutsch by @MissionDE
A @grttme project - Other backups: @Hallotme",de,0.9783,
photo_telegram_8810.jpg,telegram,https://t.me/betterknownow/4833,https://t.me/betterknownow/4833,T,M,N,politics,,N,betterknownow,Von einem russischen Militärkanal: «Ungefähre Karte der Morgenstreiks.»,de,0.8708,
photo_telegram_8813.jpg,telegram,https://t.me/betterknownow/4808,https://t.me/betterknownow/4808,T,R,N,Energy prices,,Y,betterknownow,"Es ist schwer zu verstehen, wie schwer die Kämpfe in der Ostukraine heute waren, wenn man sie nicht mit dem Rest des Jahres vergleicht. 

Das ukrainische Verteidigungsministerium meldete heute mehr Waffenstillstandsverletzungen als im gesamten Januar.

https://t.co/JBVOobNcX9

@OperationRubikon  @mzwnews",de,0.9986,
photo_telegram_8868.jpg,telegram,https://t.me/betterknownow/4611,https://t.me/betterknownow/4611,T,M,Y,health,,N,betterknownow,"«Die Energiepreise für die heimischen Haushalte waren im Oktober um 22,8 Prozent höher als ein Jahr davor. Teurer wurden vor allem Heizöl und Sprit. Heizöl kostete 60,8 Prozent mehr, Diesel 34,8 und Super 29,4 Prozent, geht aus dem von der Österreichischen Energieagentur errechneten Energiepreisindex (EPI) hervor. Gas kostete um 15,6 Prozent mehr, Strom um 9,6 Prozent.»

https://www.diepresse.com/6067487/haushaltsenergie-um-228-prozent-teurer-als-vor-einem-jahr?from=rss",de,0.9945,
photo_telegram_9200.jpg,telegram,https://t.me/betterknownow/3447,https://t.me/betterknownow/3447,T,R,Y,culture,,N,betterknownow,"«...the total amount donated by Soros to drug-related initiatives is reported to be as high as $100 million.»


Unangenehme Fakten, die aber jeder rekreationale-Cannabis-Nutzer bedenken und sich zu Herzen nehmen sollte.

Die Förderung von Cannabis ein Angriff und dient der Schwächung des Westens.  

«Auf absehbare Zeit wird der Cannabiskonsum die Qualität der Gesellschaft insgesamt verringern.»


«Understanding the promotion of cannabis as an attack on gentile society (the laws in Israel are much stricter) will likely lead to less cannabis use in our circles — similar to how the understanding of porn as a weapon has led people to giving up porn. 
[...]
For the foreseeable future, cannabis use will decrease the quality of society generally.» 

https://www.theoccidentalobserver.net/2021/01/14/the-jewish-role-in-promoting-cannabis-and-why-its-bad-for-you/",de,0.4286,
photo_telegram_9433.jpg,telegram,https://t.me/betterknownow/2821,https://t.me/betterknownow/2821,T,R,Y,economy,,N,betterknownow,"2020 stieg  die M1 Geldmenge der USA extrem stark an. Bis vor kurzem wurden somit 22% aller Dollars im Jahr 2020 erschaffen. Soeben wurden die Gelddrucker nochmal angefeuert. Jetzt sind es bereits 35% aller Dollar, die dieses Jahr entstanden sind. 

Das betrifft nicht nur die USA, sondern so gut wie die ganze Welt, da alle den Dollar als Reserve Währung benutzen (müssen), der wiederum seit 1971 durch nichts gedeckt ist. Ich schätze wir werden ähnliches über das nächste Jahr immer wieder sehen. Endstation: Hyperinflation
(a.n.)",de,0.9973,
photo_telegram_9460.jpg,telegram,https://t.me/betterknownow/2727,https://t.me/betterknownow/2727,T,R,N,culture,,N,betterknownow,"Das zu bedenken, lohnt sich.",de,0.9936,
photo_telegram_9798.jpg,telegram,https://t.me/betterknownow/1747,https://t.me/betterknownow/1747,T,R,N,health,,Y,betterknownow,,NO_TEXT,0.0,
photo_telegram_9831.jpg,telegram,https://t.me/betterknownow/1636,https://t.me/betterknownow/1636,T,M,N,health,,Y,betterknownow,"Sterberate in Italien: 
knapp 650.000 Menschen jährlich -
ergibt ca 1770 Tote täglich. 

Die allermeisten davon sterben an Krankheiten.
(a.s.)",de,0.9063,
photo_telegram_10014.jpg,telegram,https://t.me/betterknownow/1158,https://t.me/betterknownow/1158,T,R,Y,culture,,N,betterknownow,Ergänzend zum letzten Artikel. Diese Statistik spricht für sich. (a.n.),de,0.9957,
photo_telegram_10030.jpg,telegram,https://t.me/betterknownow/1120,https://t.me/betterknownow/1120,T,M,N,living,,Y,betterknownow,"»In Österreich läuft ein Volksbegehren zur Einführung eines bedingungslosen Grundeinkommens. Ein Erfolg ist wahrscheinlich. Die Umsetzung aber fragwürdig. Experten zufolge nimmt die Idee dennoch neue Fahrt auf – auch in Deutschland.
[...]
Eine sozialwissenschaftliche Studie zeigt, dass etwas mehr als die Hälfte der Deutschen sich ein bedingungsloses Grundeinkommen wünscht. Konkret sind es 51 Prozent. Die Befürworter sind dabei eher jung.« 
(a.s.) 

 https://www.welt.de/wirtschaft/article203772194/Oesterreich-Volksbegehren-ueber-1200-Euro-Grundeinkommen.html",de,0.9987,
photo_telegram_10037.jpg,telegram,https://t.me/betterknownow/1068,https://t.me/betterknownow/1068,T,M,Y,energy,,Y,betterknownow,"Man möchte meinen, diese Tatsachen seien selbsterklärend und man müsste ihnen eigentlich gar nichts mehr hinzuzufügen. 
Man denkt vermutlich, diese Fakten allein würden schon ausreichen, um die Vermessenheit der westlichen Klimapolitik offenzulegen und zu verdeutlichen, dass es -Co2 hin oder her- nichts und niemandem nützt, wenn der Westen die Grundlage seines Wohlstandes ruiniert, während der Großteil der Welt absolut nichts dergleichen im Sinn hat.

Aber versucht doch einfach mal bei Gelegenheit, das einem überzeugen Gläubigen der Klimakirche zu erklären...

Das letzte Mal, als ich das mit diesem Faktum versuchte, bekam ich die Antwort, dass Chinas kohlebetriebene Industrie doch gewissermaßen auch nur die outgesourcten, westlichen Produktionsstätten wären ... 

Ich weiß ich wiederhole mich wenn ich ein weiteres Mal festelle: Das kann man sich gar nicht mehr ausdenken. 

https://www.ft.com/content/c1feee40-0add-11ea-b2d6-9bf4d1957a67?fbclid=IwAR1cqr-QRM8EPMyEF43PmwmubBL0IfHq3oPFWWuAg-fOQ9fAl3fhLS0PI_A",de,0.997,
photo_telegram_10147.jpg,telegram,https://t.me/betterknownow/764,https://t.me/betterknownow/764,T,R,N,culture,,Y,betterknownow,https://www.spiegel.de/lebenundlernen/schule/shell-jugendstudie-2019-jugend-im-klimawandel-kommentar-a-1291632.html  https://www.spiegel.de/lebenundlernen/schule/shell-jugendstudie-2019-anfaellig-fuer-populismus-und-verschwoerungstheorien-a-1291545.html#ref=rss,TOO_SHORT,0.0,
photo_telegram_10169.jpg,telegram,https://t.me/betterknownow/737,https://t.me/betterknownow/737,T,M,Y,climate,,N,betterknownow,,NO_TEXT,0.0,
photo_telegram_10185.jpg,telegram,https://t.me/betterknownow/678,https://t.me/betterknownow/678,T,M,Y,climate,,N,betterknownow,https://www.pnas.org/content/early/2019/09/24/1909816116,TOO_SHORT,0.0,
photo_telegram_10231.jpg,telegram,https://t.me/betterknownow/581,https://t.me/betterknownow/581,T,M,Y,climate,only partial image,Y,betterknownow,https://science2017.globalchange.gov/chapter/6/,TOO_SHORT,0.0,
photo_telegram_10266.jpg,telegram,https://t.me/betterknownow/451,https://t.me/betterknownow/451,T,R,Y,immigration,,Y,betterknownow,"und die Folgen dieser. 
Ich denke, wenn man Menschen vor dem Ertrinken bewahren möchte und kriminellen Schlepperorganisationen das Handwerk legen will, bleibt nur dieser Weg.",de,0.996,
photo_telegram_10345.jpg,telegram,https://t.me/betterknownow/173,https://t.me/betterknownow/173,T,R,Y,living,BILD Zeitung,N,betterknownow,"https://m.bild.de/bild-plus/news/inland/politik-inland/immer-mehr-gewalt-in-deutschland-stimmt-es-dass-bei-uns-was-nicht-stimmt-63735654,view=conversionToLogin.bildMobile.html",TOO_SHORT,0.0,
photo_telegram_10406.jpg,telegram,https://t.me/IchStelleFragenCoronaEdition/64,https://t.me/IchStelleFragenCoronaEdition/64,T,R,Y,culture,,Y,IchStelleFragenCoronaEdition,"Was denkt Putin eigentlich über Impfgegner?!

✅ Sie sind „von Angst
getrieben"" Anna Popowa, Chefin russischen Gesundheitsbehörde

✅ Sie zeigen eine „militante Ignoranz“, Andrei Shkoda, Chefarzt in Moskau

✅ Sie sind „gefährliche Irre"", Dimitri Peskow, Pressesprecher Wladimir Putin

➡️ Aufgrund der schlechten Akzeptanz der Corona-Impfung existiert in Russland eine Impfpflicht für Beschäftigte im Handel, Verkehr und von Gaststätten.

➡️ Staatsmedien berichten in Russland ausschließlich positiv über die Impfung.

⁉️ Wie passt das mit durchgängig impfkritischen Fakenews von RT Deutsch zusammen?

⁉️ Versucht Putin im Ausland Impfgegner für sich zu gewinnen?

⁉️ Fallen „Querdenker“ auch auf prorussische Kriegs-Propaganda herein?",de,0.9937,
photo_telegram_10425.jpg,telegram,https://t.me/IchStelleFragenCoronaEdition/53,https://t.me/IchStelleFragenCoronaEdition/53,T,R,Y,health,,N,IchStelleFragenCoronaEdition,"In Neuseeland sieht man die Impftoten!?

Dr. Guy Hatchard spekuliert, dass es einen kausalen Zusammenhang zwischen den Impfungen und der Sterblichkeit in Neuseeland gibt. 

➡️ In seinem Graph sieht man einen Anstieg der Sterblichkeit und einen anscheinend ähnlichen Verlauf der Impfungen. Aber ist das auch die Ursache?

⁉️ Warum schaut er nur auf das Alter von 65+? Angeblich sterben doch so viele Sportler? 

⁉️ Warum ist der Zeitraum beschränkt auf diese Monate? Was passiert in den Zeiträumen der Booster-Shots? Was in anderen Jahren ohne Impfung?

⁉️ Existieren andere mögliche  Begründungen?

✅ In Neuseeland herrscht Winter in den Monaten Juni, Juli und August. In Deutschland ist eine erhöhte Sterblichkeit von 15-20% im Winter ganz normal. In seinem Graph stimmt das erstaunlich gut überein!

➡️ Hat Guy Hatchard den Einfluss des ❄️ Winters auf die Sterblichkeit entdeckt?! 🤪

Folgt meinem Kanal für weitere Einschätzungen! 👉 https://t.me/IchStelleFragenCoronaEdition",de,0.9956,
photo_telegram_10440.jpg,telegram,https://t.me/IchStelleFragenCoronaEdition/25,https://t.me/IchStelleFragenCoronaEdition/25,T,M,Y,health,,Y,IchStelleFragenCoronaEdition,"“Vaccines kill people” Teil2: Lügt das Video?!

In dem Video wird der Start der Impfungen dafür verantwortlich gemacht, dass die Corona-Todeszahlen steigen. 

Wir haben in Teil 1 gelernt, dass einige Länder gezielt verschwiegen werden.

Portugal, Dänemark und Jordanien werden aber im Video genannt und es ist schön zu sehen wie der Trick funktioniert.

✅ Das Start-Datum der Impfkampagne liegt tatsächlich VOR dem Beginn einer Welle.

⁉️ Alle Corona-Toten NACH diesem Datum werden dann einzig der Impfkampagne zugeschrieben.

⛔️ Es fällt auf, dass zu Beginn sehr wenige Menschen geimpft werden. Im späteren Verlauf korreliert die Anzahl der Impfungen überhaupt nicht mit den Todeszahlen.

❌ Das Video lügt also bzgl des Startdatums nicht. Die Schlussfolgerung “Vaccine kills people” kann so aber als bewusste Manipulation betrachtet werden.

➡️ Wer profitiert davon, diese Manipulation zu betreiben? Sind Lügen ein Geschäftsmodell?! 🤨

Folgt meinem Kanal für weitere Corona-Lügen! https://t.me/IchStelleFragenCoronaEdition",de,0.9955,
photo_telegram_10448.jpg,telegram,https://t.me/IchStelleFragenCoronaEdition/2,https://t.me/IchStelleFragenCoronaEdition/2,T,R,Y,health,,N,IchStelleFragenCoronaEdition,"Wo sind die Impftoten?!

Wenn 1 von 37 BioNTech-Impfungen tödlich ist, sollte man das doch eigentlich irgendwie bemerken? Lasst uns das doch mal abschätzen! 

✅ In Deutschland wurden 120 Millionen Dosen BioNTech geimpft. 

✅ In Deutschland sterben jährlich knapp 1 Millionen Deutsche.

➡️ Wenn jede 37. Dosis tödlich ist, bedeutet das 3,2 Millionen tote Deutsche.

❌ Es fällt nicht auf wenn plötzlich 3x mehr Menschen sterben? 🤔",de,0.9887,
photo_telegram_11000.jpg,telegram,https://t.me/tagesschauer/10715,https://t.me/tagesschauer/10715,T,M,Y,immigration,,Y,tagesschauer,"Pro ""Netto-Steuer-Einzahler"" in Deutschland, sind das rund 8.000 Euro pro Jahr, oder ein nagelneuer Leasing BMW.

Umgerechnet auf jeden Deutschen, sind das immer noch rund 1.700 Euro pro Jahr.

Wenn man die ständige Angst, hinter jeder arabischen Männergruppe, mögliche Messermänner zu vermuten, kann man nicht berechnen.

Übrigens, der gesamte Polizeiapparat, der auch kaputtgespart wird, kostet nur rund 25-35 Milliarden pro Jahr",de,0.9902,
photo_telegram_11025.jpg,telegram,https://t.me/tagesschauer/10676,https://t.me/tagesschauer/10676,T,R,N,politics,,N,tagesschauer,"Damit hat Kubicki ja auch recht, weil sie es nicht mehr in den Bundestag schaffen werden",de,0.9969,
photo_telegram_11306.jpg,telegram,https://t.me/tagesschauer/10276,https://t.me/tagesschauer/10276,T,M,Y,immigration/crime,,N,tagesschauer,"Frauen aus Syrien und Afghanistan sind deutlich gewalttätiger, als Deutsche Männer!
Unter den Deutschen, sind allerdings erfahrungsgemäß 50-75% mit Migrationshintergrund",de,0.9958,
photo_telegram_12158.jpg,telegram,https://t.me/tagesschauer/8974,https://t.me/tagesschauer/8974,T,M,N,immigration/crime,,N,tagesschauer,,NO_TEXT,0.0,
photo_telegram_12421.jpg,telegram,https://t.me/tagesschauer/8547,https://t.me/tagesschauer/8547,T,M,Y,immigration,,N,tagesschauer,"Zahlen, die nur die Spitze des Eisbergs sind!

Inzwischen weichen die Behörden auf den 12.01. aus, da der 01.01. bereits zu Systemüberlastungen führt, wenn man nach Asylbewerbern im System sucht.

Die Gasspeicher sind leer, dafür ist der 01.01. als Geburtstag in Deutschland schon überfüllt...

Inzwischen haben wir in Deutschland 3x so viele abgelehnte Asylbewerber, als Menschen aus nicht EU Staaten, die einer Arbeit nachgehen.

Man weiß aber auch, diese Menschen kann man nicht abschieben, egal was sie machen, da ihre Identität gefälscht ist, somit kein Land diese Menschen zurücknimmt.",de,0.9984,
photo_telegram_14533.jpg,telegram,https://t.me/tagesschauer/5197,https://t.me/tagesschauer/5197,T,R,Y,climate,,N,tagesschauer,"ich erinnere mich noch genau 😜 diese angenehmen -5 Grad, als es dann -4 Grad war, diese heftigen Verbrennungen mit heißem Schnee, wie aus einem Stahlofen 😅",de,0.9971,
photo_telegram_14742.jpg,telegram,https://t.me/tagesschauer/4850,https://t.me/tagesschauer/4850,T,R,Y,immigration,,N,tagesschauer,"Lasst Euch nicht verarschen!!!!

Abschieben ist Ländersache, Söder könnte also seit Jahren schon alles abschieben was neu reinkommt, da er keinen Gegenwind in Bayern hat! Die gesamte Regierung besteht aus CSU und FW!",de,0.9974,
photo_telegram_14965.jpg,telegram,https://t.me/tagesschauer/4459,https://t.me/tagesschauer/4459,T,R,N,politics,,N,tagesschauer,"Tendenz steigend für #Weidel und sinkend für das #Kartell SchwarzRotGrün.

Man stelle sich vor, Weidel führt, was absolut realistisch ist. Und es gibt das KanzlerDuell ohne sie!

Dann haben es vielleicht alle kapiert, außer die, welche sich gegen Rächts impfen lassen.",de,0.9932,
photo_telegram_15653.jpg,telegram,https://t.me/tagesschauer/3350,https://t.me/tagesschauer/3350,T,M,Y,climate,,Y,tagesschauer,"Historisches Wetter ab 1951

2024 ist es nicht so sonnig wie im Durchschnitt, dafür stark bewölkt und es regnet mehr

1952 war es wesentlich heißer, sonniger, weniger Regen, vor allem war es kaum bewölkt, so wie heute

1989 war es viel sonniger als im Durchschnitt, bei gleicher Regenmenge und genau so heiß wie 2023

es gab vor 2024 mehrfach kältere, wie auch deutlich heißere Jahre, es hat mal mehr, mal weniger geregnet,...",de,0.996,
photo_telegram_15709.jpg,telegram,https://t.me/tagesschauer/3251,https://t.me/tagesschauer/3251,T,R,Y,finance,,Y,tagesschauer,Da fragt man sich warum die Mieten steigen und die EigenheimQuote in ganz Europa in Deutschland am niedrigsten ist,de,0.9917,
photo_telegram_16065.jpg,telegram,https://t.me/tagesschauer/2642,https://t.me/tagesschauer/2642,T,M,Y,immigration,,Y,tagesschauer,"Türken fliehen vor der Inflation in der Türkei, nachdem sie sehen dass ein Döner in Deutschland 10 Euro kostet wollen sie wieder nach Hause aber Erdogan lässt sie nicht rein 😂😂😂😂",de,0.997,
photo_telegram_16372.jpg,telegram,https://t.me/tagesschauer/2113,https://t.me/tagesschauer/2113,T,R,Y,politics,,N,tagesschauer,"Das ist also ""unsere"" Demokratie, besser gesagt ""eure"" Demokratur.

Die Ampel und die Grünen werden zu Parteien die an 5% scheitern und wollen die bald absolute Mehrheit einfach verbieten.

Selbst wenn die AFD veboten wird, die Grünen werden dann trotzdem nicht gewählt.
Dann gibt es eben eine Regierung aus Nichtwählern, somit wäre das System dann abgeschafft",de,0.9971,
photo_telegram_16741.jpg,telegram,https://t.me/tagesschauer/1391,https://t.me/tagesschauer/1391,T,M,Y,politics,,N,tagesschauer,"Man könnte hier Parallelen erkennen.
Bis Mitte der 40 war Israel eigentlich Palästina, sie wurden verdrängt von den guten gelobten Israelis.
Was passiert heute, wenn Deutsche gegen die Einwanderung, Flüchtlingsheime etc. demonstrieren?

Ähnliches Bild, andere Teilnehmer",de,0.991,
photo_telegram_16815.jpg,telegram,https://t.me/tagesschauer/1219,https://t.me/tagesschauer/1219,T,R,N,living,,N,tagesschauer,"BIERPREIS-Inflation

Seit 1971 x30 (3000%)
Seit 1995 x6   (600%)",de,0.5825,
photo_telegram_16953.jpg,telegram,https://t.me/tagesschauer/961,https://t.me/tagesschauer/961,T,M,Y,climate,,N,tagesschauer,"In 13 US-Bundesstaaten der (nahezu) kälteste 23. Juli seit Aufzeichnungsbeginn - werden wir sicher in den Nachrichten sehen und hören 🤡

👉  Bitte folgen und teilen  👈
https://t.me/Propaganda_Analyse 

                      👆",de,0.9983,
photo_telegram_16988.jpg,telegram,https://t.me/tagesschauer/881,https://t.me/tagesschauer/881,T,R,Y,climate,,Y,tagesschauer,"In ganz Deutschland wurde heute vor apokalyptischer Hitze in Südeuropa gewarnt. Was die Medien verschwiegen: Bei den gemessenen Werten handelt es sich um die Bodentemperatur.
Auch Bundes-Panik-Minister Lauterbach teilt die Nachricht und schrieb, dass er gerade selbst in Bologna, Italien eingetroffen sei und die Hitzewelle dort „spektakulär“ zu spüren wäre. Dann holt er zum Totalschlag aus: „Wenn es so weiter geht werden diese Urlaubsziele langfristig keine Zukunft haben. Der Klimawandel zerstört den Süden Europas. Eine Ära geht zu Ende.“ 
Ein kleines Detail verschweigen die Medien und der Panik-Minister aber: Bei den ESA-Erhebungen handelt es sich um Bodentemperaturen! Das hatte das Institut auch in seinem Tweet geschrieben. Auf seiner Webseite erläutert es explizit, dass die vom Satelliten erfassten Bodentemperaturen „signifikant höher als Lufttemperaturen“ seien. 
q
 👉  Bitte folgen und teilen  👈
https://t.me/Propaganda_Analyse 

                        👆",de,0.9923,
photo_telegram_16990.jpg,telegram,https://t.me/tagesschauer/850,https://t.me/tagesschauer/850,T,R,Y,politics,,N,tagesschauer,,NO_TEXT,0.0,
photo_telegram_17549.jpg,telegram,https://t.me/wettermanipulation_klima_haarp/343,https://t.me/wettermanipulation_klima_haarp/343,T,M,Y,climate,,Y,wettermanipulation_klima_haarp,"Die Todesfälle weltweit, die mit Klima-Katastrophen (Flut, Dürre, Stürme, Waldbrände…) in Verbindung stehen, sinken seit 100 Jahren rapide!
1920 waren es noch fast 500.000 Tote jährlich, im vergangenen Jahr 2022 nur noch knapp 10.000.
Ein Rückgang um 98%!",de,0.9851,
photo_telegram_17562.jpg,telegram,https://t.me/wettermanipulation_klima_haarp/296,https://t.me/wettermanipulation_klima_haarp/296,T,M,Y,climate,,N,wettermanipulation_klima_haarp,Bitte diese Grafik nicht mit zarten Pattex-Blümchen teilen. Könnte ihr Weltbild angreifen.,de,0.9984,
photo_telegram_17563.jpg,telegram,https://t.me/wettermanipulation_klima_haarp/298,https://t.me/wettermanipulation_klima_haarp/298,T,M,Y,climate,,Y,wettermanipulation_klima_haarp,,NO_TEXT,0.0,
photo_telegram_56316.jpg,telegram,https://t.me/Klima_kanal/840,https://t.me/Klima_kanal/840,T,M,Y,climate,,N,Klima_kanal,"Thema
CO2-Abgaben in der BRD / 2024

Die CO2-Abgabe spaltet sich in 2 Säulen.  Wir haben die nationale CO2-Abgabe (Tanken + Heizen), diese macht im Wert ~11 Mrd. €. Dann den europäischen Emissionshandel (Unternehmen müssen für jede ausgestoßene Tonne CO2-Zertifikate ersteigern) mit einem Wert von 7,5 Mrd. €.

Gesamt = 18,5 Mrd €.
Das entspricht 3,9 % des Bundeshaushaltes.

In den Bildern ist weiter aufgeschlüsselt, wofür diese eingenommen Gelder ausgegeben werden.

Daraus wird klar... der postulierte ""menschengemachte Klimawandel"" basiert auch auf handfesten wirtschaftlichen Interessen. Es wurde ein System der Abhängigkeiten installiert, bei dem die Beteiligten natürlich daran interessiert sind, dieses weiterzuführen.

Quellen: findet ihr in dem PDF in den Kommentaren.

Die Einnahmen der Bundes durch die CO2-Abgaben sind für das Jahr 2025 um ca. 1/3  auf etwa 25 Mrd. € gestiegen.

Unser Kanal:
http://t.me/Klima_kanal",de,0.9975,
photo_telegram_56318.jpg,telegram,https://t.me/Klima_kanal/840,https://t.me/Klima_kanal/840,T,M,Y,climate,,N,Klima_kanal,"Thema
CO2-Abgaben in der BRD / 2024

Die CO2-Abgabe spaltet sich in 2 Säulen.  Wir haben die nationale CO2-Abgabe (Tanken + Heizen), diese macht im Wert ~11 Mrd. €. Dann den europäischen Emissionshandel (Unternehmen müssen für jede ausgestoßene Tonne CO2-Zertifikate ersteigern) mit einem Wert von 7,5 Mrd. €.

Gesamt = 18,5 Mrd €.
Das entspricht 3,9 % des Bundeshaushaltes.

In den Bildern ist weiter aufgeschlüsselt, wofür diese eingenommen Gelder ausgegeben werden.

Daraus wird klar... der postulierte ""menschengemachte Klimawandel"" basiert auch auf handfesten wirtschaftlichen Interessen. Es wurde ein System der Abhängigkeiten installiert, bei dem die Beteiligten natürlich daran interessiert sind, dieses weiterzuführen.

Quellen: findet ihr in dem PDF in den Kommentaren.

Die Einnahmen der Bundes durch die CO2-Abgaben sind für das Jahr 2025 um ca. 1/3  auf etwa 25 Mrd. € gestiegen.

Unser Kanal:
http://t.me/Klima_kanal",de,0.9975,
photo_telegram_56395.jpg,telegram,https://t.me/Klima_kanal/706,https://t.me/Klima_kanal/706,T,M,Y,climate,,N,Klima_kanal,"THEMA

Das Eis der Arktis nimmt zu

Ab 1990 bis 2007 nahm die Ausdehnung des Eises in der Arktis ab. 2007 erreichte die Ausdehnung ein Minimum. Ab dieser Zeit ist die Tendenz leicht rückläufig, das Mittel über die Jahre ist nun steigend... Die Ausdehnung des arktischen Eises ist zunehmend.
Dies ist sehr schön in der oberen Grafik zu sehen. Quelle

Die Ursache des Rückgangs von 1990 bis 2007 ist, dass ein großer Teil des mehrjährigen Eises durch die Framstraße ausgespült und das leichter schmelzende jüngere Eis zurück gelassen wurde. Die Auswirkungen dieses natürlichen Ereignisses erreichten 2007 ihren Höhepunkt. Quelle

Ein sehr detaillierter Bericht hierzu ist bei tkp zu lesen.

Siehe hierzu auch unsere Beiträge:

Das Eis des Nordens nimmt zu 1  2024
Das Eis des Nordens nimmt zu 2  2024
Kreuzfahrtschiffe können Grönland nicht anlaufen  2024
Zunahme des arktischen Eises 2023

Unser Kanal: http://t.me/Klima_kanal",de,0.998,
photo_telegram_56397.jpg,telegram,https://t.me/Klima_kanal/711,https://t.me/Klima_kanal/711,T,M,Y,climate,,Y,Klima_kanal,"THEMA           
Stand Sep. 2024

Die Meere der Welt kühlen sich ab.

Noch vor Kurzem wurde in den öffentlichen Medien über die bevorstehende Überhitzung der Meere berichtet.

Neue Beobachtungen geben nun Entwarnung. Nachdem von Januar bis März eine ungewöhnliche Erwärmung stattfand, liegt nun das Gegenteil vor... die Meere kühlen sich ab. 
Daten von der University of Maine, Institut für Klimawandel zeigen, dass die globalen Meerestemperaturen zwischen dem äußersten Norden und dem Süden sinken. Siehe die
Grafik oben.


Unser Kanal: http://t.me/Klima_kanal",de,0.998,
photo_telegram_56421.jpg,telegram,https://t.me/Klima_kanal/687,https://t.me/Klima_kanal/687,T,M,Y,climate,,N,Klima_kanal,"THEMA
Temperaturen über die Jahrmillionen 

Grünes Diagramm:
Über die Jahrmilionen wechseln sich Warm und Kaltzeiten mehr oder minder zyklisch ab. Während einer Warmzeit haben wir eine globale mitteltemperatur von ca 21°C. In einer Kaltzeit liegt diese  am tiefsten Punkt bei 12 °C. Der Anfang der Zeit, vor ungefähr 500 Millionen Jahren ist links und rechts ist die jetzige Zeit. 
Quelle: Die ehemalige Presens des geologischen Institutes / TU Berlin.
Über webarchiv 

Was sagt uns diese Kurve??? Im  erdgeschichtlichen Vergleich  ist es
kalt...es war nur zweimal kälter. Und wie wir sehen befinden wir uns in einer Eiszeit..damit sind die Aussagen über das globale 'Kochen' und die Überhitzung der Erde nichtig.

Das rote  Diagramm:
Eine aktuelle Ausgabe der Washington Post. Liest man den dazugehörigen Text wird natürlich vor den katastrofalen Auswirkungen des M.G K gewarnt. Aber das Diagramm sagt etwas anderes....es war nie kälter auf der Erde... mit ein oder 2 Ausnahmen.
Quelle: Washington Post

Unser Kanal",de,0.9954,
photo_telegram_56492.jpg,telegram,https://t.me/Klima_kanal/501,https://t.me/Klima_kanal/501,T,M,Y,climate,,N,Klima_kanal,"Die öffentlich rechtichen Medien berichten über neue Temperaturrekorde. Der Oktober soll der wärmste seit 125.000 Jahren gewesen sein, wie der EU-Klimawandeldienst Copernicus Climate Change Service (C3S)  behauptete. Dabei überquerten vor 5000 Jahren Ötzi die Alpen ohne gletschertaugliche Ausrüstung und vor etwa 2242 Jahren war Hannibal auf dem Weg nach Rom sogar mit Elefanten.
Wenn wir Quellen vergleichen stellt sich schnell heraus das es sich um populistische Lügen handelt.

Artilel von tkp:
https://tkp.at/2024/01/01/vor-2000-jahren-war-es-in-oesterreich-um-4-bis-7-grad-waermer-als-heute/

Der Spiegel... Hannibal und die Gletscher:
https://www.spiegel.de/wissenschaft/puzzle-aus-dem-eis-a-37e29ef0-0002-0001-0000-000040474089
Alpen  vor 6000 Jahren fast Eisfrei:
https://www.scinexx.de/news/geowissen/alpen-eisfrei-noch-vor-6-000-jahren/
Grönland vor 5000 J.2.5 Grad wärmer:
https://t.me/Klima_kanal/322
Temperaturen über 4 Milliarden 
Jahre:
https://t.me/Klima_kanal/413

Unser Kanal:
https://t.me/Klima_kanal",de,0.987,
photo_telegram_56497.jpg,telegram,https://t.me/Klima_kanal/511,https://t.me/Klima_kanal/511,T,M,Y,climate,,N,Klima_kanal,"THEMA
Temperaturen über die Jahrtausende - Die globle Mitteltemperatur und das temperatur Diagram von Schönwiese.

Das Diagramm von Schönwiese zeigt die Schwankungen der globalen Mitteltemperatur über die Kalt und Warmzeiten. Die Bezugsachse, oder auch virtuelle Nulllienie, ist die 15 Grad Temperatur. Nach der kleinen Eiszeit geht es in eine Erwärmungsphase in der wir uns momentan befinden.

Erstaunlicher Weise liegt die globale Mitteltemperatur der letzten Jahrzehne bei ca 14 Grad. Das heißt, das wir uns tatsächlich unter der 15 Grad Linie befinden .
Das wiederum bedeutet, das selbst das Temperaturdiagram von Schönwiese falsch ist, denn den rot eingezeichnet Erwärmungs Buckel gibt es nicht. Und das bedeutet, das die mittelalterliche Warmzeit, nicht nur wärmer, sondern  wesentlich wärmer war als Heute. Das gilt selbst redend auch für die Warmzeiten davor.

Link globale Mitteltemperatur, Abschnitt pysikalische Grundlagen:



Unser Kanal:
https://t.me/Klima_kanal",de,0.9931,
photo_telegram_56532.jpg,telegram,https://t.me/Klima_kanal/360,https://t.me/Klima_kanal/360,T,M,Y,climate,,Y,Klima_kanal,"Das arktische schmilzt nicht weiter ... Stillstand seid ca. 20 Jahren ( im rechnerischer  Mittel).

Mehr Eis beim Minimum im September 2023 als beim Minimum im September 2007, trotz zwischenzeitlich zusätzlichen 860 Milliarden Tonnen Emissionen. Mehr als je zuvor in 16 Jahren.


Unser Kanal https://t.me/Klima_kanal

Quelle:
https://nsidc.org/data/seaice_index",de,0.989,
photo_telegram_57194.jpg,telegram,https://t.me/impfopferarchiv/2457,https://t.me/impfopferarchiv/2457,T,R,Y,health,,Y,impfopferarchiv,"Das sind wohl die kürzesten Beine, die eine Lüge des Karl Lauterbach je hatte.

t.me/ayawasgeht",de,0.9972,
photo_telegram_57802.jpg,telegram,https://t.me/impfopferarchiv/1060,https://t.me/impfopferarchiv/1060,T,M,Y,health,,N,impfopferarchiv,"💢 Prof. Dr. Werner Bergholz 

mahnte schon im Dezember einen erheblichen Rückgang der Lebendgeburten in Deutschland an. 

Seine neueste Auswertung zeigt keine Aussicht auf Besserung – 
ganz im Gegenteil: 

Die Kurve fällt weiter ab. 

👉Quelle

Wahrheit ist unzerstörbar ❕
https://t.me/+ggPbuZErsm9iY2Ux",de,0.9978,
photo_telegram_58116.jpg,telegram,https://t.me/top20radioUmwelt/2364,https://t.me/top20radioUmwelt/2364,T,M,Y,climate,,N,top20radioUmwelt,,NO_TEXT,0.0,
photo_telegram_58150.jpg,telegram,https://t.me/top20radioUmwelt/2259,https://t.me/top20radioUmwelt/2259,T,M,Y,climate,,N,top20radioUmwelt,,NO_TEXT,0.0,
photo_telegram_58151.jpg,telegram,https://t.me/top20radioUmwelt/2224,https://t.me/top20radioUmwelt/2224,T,M,Y,climate,,N,top20radioUmwelt,"Über die letzten 500 Millionen Jahre gab es keine Korrelation zwischen CO2-Konzentration und Temperatur.

Neues Paper:

https://www.scirp.org/journal/paperinformation?paperid=131993

t.me/Rosenbusch",de,0.9661,
photo_telegram_58159.jpg,telegram,https://t.me/top20radioUmwelt/2208,https://t.me/top20radioUmwelt/2208,T,R,N,climate,,Y,top20radioUmwelt,"𝕏
@Alarmkanal
🚨Erinnerung - Alarm 📢: ««« Sonnenaktivität erreicht höchsten Wert seit 23 Jahren »»»",de,0.9795,
photo_telegram_58273.jpg,telegram,https://t.me/top20radioUmwelt/1774,https://t.me/top20radioUmwelt/1774,T,M,Y,climate,,N,top20radioUmwelt,Das Messnetz wurde absichtlich manipuliert!  Standorte in Städten und auf Flughäfen kamen dazu!                                                                                                                                          mehrteilig                                                                                                                                                                                        https://eike-klima-energie.eu/2023/04/05/das-betrugsdezernat-in-klima-wetterangelegenheiten-setzt-seine-arbeit-fort-teil-1/,de,0.9997,
photo_telegram_58395.jpg,telegram,https://t.me/top20radioUmwelt/1207,https://t.me/top20radioUmwelt/1207,T,M,Y,climate,comment should not be here,N,top20radioUmwelt,,NO_TEXT,0.0,
photo_telegram_58408.jpg,telegram,https://t.me/top20radioUmwelt/1141,https://t.me/top20radioUmwelt/1141,T,M,Y,climate,comment should not be here,N,top20radioUmwelt,,NO_TEXT,0.0,
photo_telegram_58421.jpg,telegram,https://t.me/top20radioUmwelt/1140,https://t.me/top20radioUmwelt/1140,T,M,Y,climate,comment should not be here,N,top20radioUmwelt,,NO_TEXT,0.0,
photo_telegram_58461.jpg,telegram,https://t.me/top20radioUmwelt/980,https://t.me/top20radioUmwelt/980,T,R,Y,climate,,N,top20radioUmwelt,"🌎❄️☃️ Globale Erwärmung? ☃️❄️🌎 

Schneedecke auf der Nordhalbkugel erreicht Höchststand seit 56 Jahren

▫️Letzten Monat ging die COP27-Klimakonferenz zu Ende. Die Staats- und Regierungschefs flogen in Privatjets nach Ägypten, um darüber zu diskutieren, wie fossile Brennstoffe den Planeten so schnell aufheizen, dass es kein Zurück mehr gibt, und dass die Menschheit dem Untergang geweiht ist, wenn die entscheidenden Maßnahmen zum Klimawandel nicht umgesetzt werden.

▫️Inzwischen veröffentlichte die  Rutgers University neue Daten, aus denen hervorgeht, dass die Schneedecke in der gesamten nördlichen Hemisphäre den höchsten Stand seit Beginn der Messungen im Jahr 1967 erreicht hat.

▫️Ein strenger Winter in der nördlichen Hemisphäre könnte die Stromnetze der westlichen Länder, die mit Sanktionen gegen Russland die Energieströme unterbrechen, verkomplizieren und die Welt in die schlimmste Energiekrise seit einer Generation stürzen.

Quelle

📣 Abonniere: Übersicht Ukraine

©️Ansichten der Kanalbetreiber",de,0.9948,
photo_telegram_58472.jpg,telegram,https://t.me/top20radioUmwelt/950,https://t.me/top20radioUmwelt/950,T,M,Y,climate,,N,top20radioUmwelt,,NO_TEXT,0.0,
photo_telegram_58747.jpg,telegram,https://t.me/KlimaluegeStoffsammlung/245,https://t.me/KlimaluegeStoffsammlung/245,T,R,N,climate,comment should not be here,N,KlimaluegeStoffsammlung,,NO_TEXT,0.0,
photo_telegram_58765.jpg,telegram,https://t.me/KlimaluegeStoffsammlung/202,https://t.me/KlimaluegeStoffsammlung/202,T,R,Y,climate,,Y,KlimaluegeStoffsammlung,".
🇩🇪🇩🇪🇩🇪

🔴  Von wegen Dürre:  ""Seit 1881 hat die mittlere jährliche Niederschlagsmenge in Deutschland um rund 7 Prozent zugenommen."" 
      
👉 Umweltbundesamt-Quelle   19.06.2023

👉@technikus_news",de,0.9529,
photo_telegram_58767.jpg,telegram,https://t.me/KlimaluegeStoffsammlung/205,https://t.me/KlimaluegeStoffsammlung/205,T,R,Y,climate,,Y,KlimaluegeStoffsammlung,".
🇩🇪🇩🇪🇩🇪

🔴  Von wegen Dürre:  ""Seit 1881 hat die mittlere jährliche Niederschlagsmenge in Deutschland um rund 7 Prozent zugenommen."" 
      
👉 Umweltbundesamt-Quelle   19.06.2023

👉@technikus_news",de,0.9529,
photo_telegram_58784.jpg,telegram,https://t.me/KlimaluegeStoffsammlung/169,https://t.me/KlimaluegeStoffsammlung/169,T,R,N,climate,,N,KlimaluegeStoffsammlung,"Wo darf ich meine Steuerrückerstattung angeben? 

Man beachte, der Artikel ist von 2011, da alles so schön dokumentiert ist wird es ihnen früher oder später auf die Füße fallen 😃

https://www.welt.de/debatte/kommentare/article13466483/Die-CO2-Theorie-ist-nur-geniale-Propaganda.html",de,0.9998,
photo_telegram_58798.jpg,telegram,https://t.me/KlimaluegeStoffsammlung/121,https://t.me/KlimaluegeStoffsammlung/121,T,R,Y,emissions/climate,,Y,KlimaluegeStoffsammlung,"Wie dringend braucht das Weltklima die bloß im US-Vasallenstaat D/EU propagierte CO2-Neutralität mit Wärmepumpen, E-Autos, Windrädern, Pipeline-Sprengungen und anderen Schikanen? Oder geht es bloß um die Ausbeutung des Vasallenstaates während das Imperium untergeht?
Quelle:
https://ourworldindata.org/grapher/annual-co2-emissions-per-country?country=OWID_WRL~DEU",de,0.9857,
photo_telegram_58813.jpg,telegram,https://t.me/KlimaluegeStoffsammlung/54,https://t.me/KlimaluegeStoffsammlung/54,T,M,Y,climate,,Y,KlimaluegeStoffsammlung,,NO_TEXT,0.0,
photo_telegram_58921.jpg,telegram,https://t.me/wetter_klima_umwelt/187,https://t.me/wetter_klima_umwelt/187,T,R,N,climate,,N,wetter_klima_umwelt,"Die Temperaturabweichungen von den letzten 400000 Jahren anhand von Eiskernbohrungen.
Auch wenn die Quelle des Charts lt. Wikipedia ein Lobbyverein ist, der die menschengemachte globale Erwärmung bestreitet, die dargestellten Daten sind richtig und immerhin kann man diesen Chart problemlos teilen ohne Rechteprobleme zu bekommen.
Wie dem auch sei, hier geht es gar nicht darum, die menschengemachte Erwärmung zu bestreiten oder die Erwärmung zur alleinigen Wahrheit zu stilisieren, sondern darum, dass man viele Daten, Hinweise und mögliche Szenarien erwägen und beobachten muss und vorgefertigte, für immer festgelegte Meinungen nicht zwingend richtig sein müssen, aber eben durchaus auch sein können. Nur offen, an allen Daten und Entwicklungen interessiert kann man sich bestmöglich der Realität nähern.
Quelle: http://polarportal.dk/en/home/",de,0.995,
photo_telegram_59007.jpg,telegram,https://t.me/KlimaMaerchen/233,https://t.me/KlimaMaerchen/233,T,R,Y,climate,,N,KlimaMaerchen,"Studie 2023: 
Alle Modellierungen (28 CMIP6 Modelle) lagen falsch. Kein Modell prognostizierte die starke Abkühlung der West Antarktis von 1999-2018 um -1,8 °C. 

Dies zeigt sehr eindrücklich, dass Klima-Modelle nicht für eine zuverlässige Prognose geeignet sind. 

ℹ️  Quelle

       🏝 𝚱𝕝𝒊m𝛼Μäꮁ𝖼𝗵ҽn",de,0.9809,
photo_telegram_59016.jpg,telegram,https://t.me/KlimaMaerchen/187,https://t.me/KlimaMaerchen/187,T,R,Y,climate,,Y,KlimaMaerchen,"👎 NEWS 👎

#Medien #RealSatire

Ob die Qualitätsjournalisten es jemals begreifen das wir nicht mehr 1990 haben und heute zu Tage wir ihre Lügen überprüfen können? 🤔

𝐰𝐢𝐞𝐝𝐞𝐫 𝐏𝐚𝐧𝐢𝐤 𝐢𝐧 𝐝𝐞𝐧 𝐌𝐞𝐝𝐢𝐞𝐧

Abgesehen davon, dass das Bild von 2022 ist welches da benutzt wurde. Schauen wir uns doch mal die Realität an ....",de,0.9988,
photo_telegram_59027.jpg,telegram,https://t.me/KlimaMaerchen/156,https://t.me/KlimaMaerchen/156,T,M,Y,climate,,Y,KlimaMaerchen,"#KlimaMärchen

𝐊𝐋𝐈𝐌𝐀𝐖𝐀𝐍𝐃𝐄𝐋 𝐃𝐀𝐓𝐄𝐍𝐌𝐀𝐍𝐈𝐏𝐔𝐋𝐀𝐓𝐈𝐎𝐍

Greta Thunberg retweetet einen Graphen (#IPCC) aus der Washington Post, der den Anstieg der Ozeanwärme seit 1960 zeigt. Eine solche Grafik muss aber in ihrem Kontext gesehen werden!  Wo ist der Beweis, dass eine kausale Verbindung zu menschengemachten #CO2-Emissionen besteht? 

Betrachten wir die Langzeit-Temperaturdaten der letzten Jahrtausende, erkennen wir, dass der Planet vollkommen unabhängig von der Industrialisierung schon viel extremere Klimawandelperioden durchgemacht hat.",de,0.9836,
photo_telegram_59031.jpg,telegram,https://t.me/KlimaMaerchen/175,https://t.me/KlimaMaerchen/175,T,M,Y,climate,,N,KlimaMaerchen,"#Todesfälle

Ja, 2003 lag wochenlang eine Hitzeglocke auch über Deutschland. Nachts kühlte es nicht mehr ab, wer konnte schlief im Keller.

Was Klimapapst Rahmstorf aber nicht sagt: 
Seit 20 Jahren gab es keine ähnliche Hitzewelle mehr.
Und in der Sterbestatistik sind die Winter um ein Mehrfaches tödlicher als die Sommer.",de,0.9979,
photo_telegram_59066.jpg,telegram,https://t.me/EnergiewendeDeuschland/996,https://t.me/EnergiewendeDeuschland/996,T,R,Y,climate,,Y,EnergiewendeDeuschland,"Our countries all in one. Countries who have in part an excuses for polluting our planet! since crazy 🥶 is synonym of pollution! but again JUST IN PART! 

even if ❄️ doesn't mean you need to use ♨️! 

Exactly like the need of 🚙 in countries like 🇮🇸, 🇬🇱 ... or 🌋 in 🇮🇸 (which have a small impact)

The sources of electricity generation are more diverse in Germany compared to Denmark as shown by the comparison of electricity production and renewable energy resources. Non-renewable sources still produce the majority of the electricity in Germany (53%), among them coal, natural gas, and nuclear power. Due to geographical circumstances, Germany has a higher potential to use hydro and solar power. Denmark produces most of its electricity from wind and biomass. Only 18% of the electricity is still produced from non-renewable sources like coal and natural gas.

Coal (lignite and hard coal combined) fired power plants are the single source of energy that provides the most energy but still accounts for just 24% of the total energy production
https://t.me/EnergiewendeDeuschland/14

Wind energy follows and provides also 24%. Power plants fired by natural gas contribute 16% to electricity production. Nuclear power still produces 11%, although Germany has decided to switch off all nuclear power plants before the end of 2022 (Bundesregierung 2011).
https://t.me/EnergiewendeDeuschland/404
https://t.me/EnergiewendeDeuschland/354

No matter what, Estonia and Finland are one of the worst
https://t.me/PollutionFacts/898
https://t.me/PollutionFacts/1325
https://t.me/EnergyFactsTelegram/277 

but even Switzerland is NOT perfect!
https://t.me/SwitzerlandFacts/239
https://t.me/SwitzerlandFacts/323

And the loser is? 🇺🇸!!!! AGAIN!
https://t.me/PollutionFacts/1085
https://t.me/PollutionFacts/1086
https://t.me/WorldWar3Telegram/471
https://t.me/PollutionFacts/1272

Even if we cannot ignore China!
https://t.me/PollutionFacts/1107
or Arabia!
https://t.me/PollutionFacts/960
https://t.me/PollutionFacts/731
https://t.me/PollutionFacts/1086",en,0.9394,
photo_telegram_59068.jpg,telegram,https://t.me/EnergiewendeDeuschland/996,https://t.me/EnergiewendeDeuschland/996,T,R,Y,climate,,Y,EnergiewendeDeuschland,"Our countries all in one. Countries who have in part an excuses for polluting our planet! since crazy 🥶 is synonym of pollution! but again JUST IN PART! 

even if ❄️ doesn't mean you need to use ♨️! 

Exactly like the need of 🚙 in countries like 🇮🇸, 🇬🇱 ... or 🌋 in 🇮🇸 (which have a small impact)

The sources of electricity generation are more diverse in Germany compared to Denmark as shown by the comparison of electricity production and renewable energy resources. Non-renewable sources still produce the majority of the electricity in Germany (53%), among them coal, natural gas, and nuclear power. Due to geographical circumstances, Germany has a higher potential to use hydro and solar power. Denmark produces most of its electricity from wind and biomass. Only 18% of the electricity is still produced from non-renewable sources like coal and natural gas.

Coal (lignite and hard coal combined) fired power plants are the single source of energy that provides the most energy but still accounts for just 24% of the total energy production
https://t.me/EnergiewendeDeuschland/14

Wind energy follows and provides also 24%. Power plants fired by natural gas contribute 16% to electricity production. Nuclear power still produces 11%, although Germany has decided to switch off all nuclear power plants before the end of 2022 (Bundesregierung 2011).
https://t.me/EnergiewendeDeuschland/404
https://t.me/EnergiewendeDeuschland/354

No matter what, Estonia and Finland are one of the worst
https://t.me/PollutionFacts/898
https://t.me/PollutionFacts/1325
https://t.me/EnergyFactsTelegram/277 

but even Switzerland is NOT perfect!
https://t.me/SwitzerlandFacts/239
https://t.me/SwitzerlandFacts/323

And the loser is? 🇺🇸!!!! AGAIN!
https://t.me/PollutionFacts/1085
https://t.me/PollutionFacts/1086
https://t.me/WorldWar3Telegram/471
https://t.me/PollutionFacts/1272

Even if we cannot ignore China!
https://t.me/PollutionFacts/1107
or Arabia!
https://t.me/PollutionFacts/960
https://t.me/PollutionFacts/731
https://t.me/PollutionFacts/1086",en,0.9394,
photo_telegram_59070.jpg,telegram,https://t.me/EnergiewendeDeuschland/996,https://t.me/EnergiewendeDeuschland/996,T,R,Y,climate,,Y,EnergiewendeDeuschland,"Our countries all in one. Countries who have in part an excuses for polluting our planet! since crazy 🥶 is synonym of pollution! but again JUST IN PART! 

even if ❄️ doesn't mean you need to use ♨️! 

Exactly like the need of 🚙 in countries like 🇮🇸, 🇬🇱 ... or 🌋 in 🇮🇸 (which have a small impact)

The sources of electricity generation are more diverse in Germany compared to Denmark as shown by the comparison of electricity production and renewable energy resources. Non-renewable sources still produce the majority of the electricity in Germany (53%), among them coal, natural gas, and nuclear power. Due to geographical circumstances, Germany has a higher potential to use hydro and solar power. Denmark produces most of its electricity from wind and biomass. Only 18% of the electricity is still produced from non-renewable sources like coal and natural gas.

Coal (lignite and hard coal combined) fired power plants are the single source of energy that provides the most energy but still accounts for just 24% of the total energy production
https://t.me/EnergiewendeDeuschland/14

Wind energy follows and provides also 24%. Power plants fired by natural gas contribute 16% to electricity production. Nuclear power still produces 11%, although Germany has decided to switch off all nuclear power plants before the end of 2022 (Bundesregierung 2011).
https://t.me/EnergiewendeDeuschland/404
https://t.me/EnergiewendeDeuschland/354

No matter what, Estonia and Finland are one of the worst
https://t.me/PollutionFacts/898
https://t.me/PollutionFacts/1325
https://t.me/EnergyFactsTelegram/277 

but even Switzerland is NOT perfect!
https://t.me/SwitzerlandFacts/239
https://t.me/SwitzerlandFacts/323

And the loser is? 🇺🇸!!!! AGAIN!
https://t.me/PollutionFacts/1085
https://t.me/PollutionFacts/1086
https://t.me/WorldWar3Telegram/471
https://t.me/PollutionFacts/1272

Even if we cannot ignore China!
https://t.me/PollutionFacts/1107
or Arabia!
https://t.me/PollutionFacts/960
https://t.me/PollutionFacts/731
https://t.me/PollutionFacts/1086",en,0.9394,
photo_telegram_59076.jpg,telegram,https://t.me/EnergiewendeDeuschland/1006,https://t.me/EnergiewendeDeuschland/1006,T,R,Y,climate ,,Y,EnergiewendeDeuschland,"United Arab Emirates 🇦🇪, Saudi Arabia 🇸🇦, USA 🇺🇸, China 🇨🇳, India 🇮🇳, Japan 🇯🇵, Indonesia 🇮🇩, Russia 🇷🇺, Luxembourg 🇱🇺, Switzerland 🇨🇭, Canada 🇨🇦, Australia 🇦🇺, Germany 🇩🇪, Poland 🇵🇱 and co. 
IS TIME TO CHANGE!
https://t.me/WorldWar3Facts/26
https://t.me/WorldWar3Telegram/335
https://t.me/NorwayMeteo/11
🖇🌍 https://t.me/addlist/PnM6poGtTtwwMzcx
ℹ️ https://t.me/JoinShareableChatFolders/16

Change in global mean surface temperature caused by greenhouse gas emissions from fossil fuels and industry °C
United States +0.209 °C
China +0.163 °C
Russia +0.069 °C
Germany +0.041 °C
India +0.039 °C
Japan +0.031 °C
United Kingdom +0.027 °C
Canada +0.019 °C
France +0.017 °C

It's time to stop taking excused by checking always the wrong graphs! 
https://t.me/ClimateChangeTelegram/67
https://t.me/MissionPlaneta/63

or talking bullshit!
https://t.me/DeutschlandBullshit/2
https://t.me/DeutschlandBullshit/73

YOU ARE NOT INNOCENT AT ALL!
https://t.me/ClimateToDo/66
https://t.me/ClimateToDo/67

Does it matter how much the United States reduces its carbon dioxide emissions if China doesn’t do the same?
Yes, it matters. Observed and anticipated increases in greenhouse gas emissions from China and other countries don’t let Americans off the hook for reducing emissions. From a purely physical perspective, any reduction in emissions helps minimize future temperature increases. From the perspective of fairness, the United States has released more heat-trapping gases to date than either China or India, the world’s two most populous countries. 

Carbon dioxide is a long-lived greenhouse gas that can linger in Earth’s atmosphere for thousands of years. Consequently, the United States bears more responsibility for the amount of warming that has occurred so far and will persist for millennia https://perma.cc/5TMZ-6B3R
https://t.me/MissionPlaneta/54
https://t.me/NatureFreaksFacts/1120
https://t.me/NatureFreaksFacts/1130

Related
https://t.me/WorldWar3Telegram/481
https://t.me/PollutionFacts
https://t.me/EnergyFactsTelegram",en,0.8759,
photo_telegram_59077.jpg,telegram,https://t.me/EnergiewendeDeuschland/1006,https://t.me/EnergiewendeDeuschland/1006,T,R,Y,climate ,,Y,EnergiewendeDeuschland,"United Arab Emirates 🇦🇪, Saudi Arabia 🇸🇦, USA 🇺🇸, China 🇨🇳, India 🇮🇳, Japan 🇯🇵, Indonesia 🇮🇩, Russia 🇷🇺, Luxembourg 🇱🇺, Switzerland 🇨🇭, Canada 🇨🇦, Australia 🇦🇺, Germany 🇩🇪, Poland 🇵🇱 and co. 
IS TIME TO CHANGE!
https://t.me/WorldWar3Facts/26
https://t.me/WorldWar3Telegram/335
https://t.me/NorwayMeteo/11
🖇🌍 https://t.me/addlist/PnM6poGtTtwwMzcx
ℹ️ https://t.me/JoinShareableChatFolders/16

Change in global mean surface temperature caused by greenhouse gas emissions from fossil fuels and industry °C
United States +0.209 °C
China +0.163 °C
Russia +0.069 °C
Germany +0.041 °C
India +0.039 °C
Japan +0.031 °C
United Kingdom +0.027 °C
Canada +0.019 °C
France +0.017 °C

It's time to stop taking excused by checking always the wrong graphs! 
https://t.me/ClimateChangeTelegram/67
https://t.me/MissionPlaneta/63

or talking bullshit!
https://t.me/DeutschlandBullshit/2
https://t.me/DeutschlandBullshit/73

YOU ARE NOT INNOCENT AT ALL!
https://t.me/ClimateToDo/66
https://t.me/ClimateToDo/67

Does it matter how much the United States reduces its carbon dioxide emissions if China doesn’t do the same?
Yes, it matters. Observed and anticipated increases in greenhouse gas emissions from China and other countries don’t let Americans off the hook for reducing emissions. From a purely physical perspective, any reduction in emissions helps minimize future temperature increases. From the perspective of fairness, the United States has released more heat-trapping gases to date than either China or India, the world’s two most populous countries. 

Carbon dioxide is a long-lived greenhouse gas that can linger in Earth’s atmosphere for thousands of years. Consequently, the United States bears more responsibility for the amount of warming that has occurred so far and will persist for millennia https://perma.cc/5TMZ-6B3R
https://t.me/MissionPlaneta/54
https://t.me/NatureFreaksFacts/1120
https://t.me/NatureFreaksFacts/1130

Related
https://t.me/WorldWar3Telegram/481
https://t.me/PollutionFacts
https://t.me/EnergyFactsTelegram",en,0.8759,
photo_telegram_59089.jpg,telegram,https://t.me/EnergiewendeDeuschland/976,https://t.me/EnergiewendeDeuschland/976,T,R,Y,climate,,Y,EnergiewendeDeuschland,"This second interim assessment concludes that greenhouse gas emissions attributable to twelve months of the war totalled to 120 million tCO2e.
https://t.me/IsraelPollution/3
https://t.me/WarPollution/178

Industries and business services have also been severely impacted, further exacerba ng emissions from reconstruction efforts in those sectors. Total emissions: 50.2 million tCO2e.

While fires subsided during the winter, they are expected to intensify again as temperatures rise in the spring. Total emissions: 17.7 million tCO2e.
https://t.me/WarPollution/174
https://t.me/AnimalAbuseDeathSentence/27
https://t.me/AnimalAbuseDeathSentence/28
https://t.me/IsraelPollution/364

Carriers were forced to take detours on routes to East and Southeast Asia resulting in longer flight times, as well as added fuel costs and higher greenhouse gas emissions. Total emissions: 12 million tCO2.
https://t.me/ElonMuskPollution/175
https://t.me/ElonMuskPollution/173
https://t.me/ElonMuskPollution/159
https://t.me/ElonMuskPollution/144
https://t.me/ElonMuskPollution/223
https://t.me/PollutionFacts/1035
https://t.me/PollutionFacts/1275

Russia’s military would likely be responsible for the emissions of about 20 million tCO2e, while Ukrainian military – for approximately 3 million tCO2e.
https://t.me/MissionWillowProject/172
https://t.me/EuropaFacts/25

The emissions from the use of artillery ammunition include the following:
• 1,530,000 tCO2e due to manufacturing of ammunition (steel casing and explosives);
• 30,825 tCO2e due to emissions at the point of firing and at the point of impact;
• 2,138 tCO2e due to emissions from detonation at the point of impact.
Overall emissions associated with the use of ammunition and explosives would be at least 2 million tCO2e.

In the UK military-industrial sector generate 6.5 million tCO2e in 2017-2018 

Related
https://t.me/IsraelWarAnimalRights/82

🇮🇱 - 🇵🇸
https://t.me/IsraelPollution/314
to
https://t.me/IsraelPollution/339",en,0.9429,
photo_telegram_59108.jpg,telegram,https://t.me/EnergiewendeDeuschland/961,https://t.me/EnergiewendeDeuschland/961,T,M,Y,climate,,N,EnergiewendeDeuschland,"In 2020, the CO2 equivalent emissions from on-road vehicles were more than 9 Gt. Accounting for almost one- fifth of global CO2 emissions, on-road vehicles have become one of the major CO2 contributors.
https://t.me/WorldWar3Telegram/444

More than that, light duty vehicles – mostly passenger cars – release more CO2 than any other form of transport, including heavy duty vehicles, and twice as much as the combined carbon emissions of aviation and shipping
https://t.me/PollutionFacts/1275
https://t.me/PolestarTelegram/267

A passenger car needs about 20,000 – 30,000 components and parts, making the supply chain of the automobile industry long and complex.13 Specifically, iron and steel are the most emission-intensive components for both ICE vehicles and BEVs, releasing around 1.7 tons of CO2 for each vehicle
https://t.me/ElonMuskPollution/234
to
https://t.me/ElonMuskPollution/259
https://t.me/MissionPlaneta/57
https://t.me/MissionPlaneta/58

The most recent report from the Intergovernmental Panel on Climate Change (IPCC) shows that emissions of GHGs from human activities are responsible for approximately 1.1°C of warming since the 19th century
https://t.me/PollutionFacts/1232
https://t.me/PollutionFacts/1242
https://t.me/SocialNetworkFacts/10",en,0.9665,
photo_telegram_59121.jpg,telegram,https://t.me/EnergiewendeDeuschland/973,https://t.me/EnergiewendeDeuschland/973,T,R,Y,cars,,Y,EnergiewendeDeuschland,"Well after all such infos about SUV ...
https://t.me/MissionPlaneta/57
https://t.me/MissionPlaneta/58
https://t.me/ElonMuskPollution/186
https://t.me/ElonMuskPollution/176
https://t.me/ElonMuskPollution/234
to
https://t.me/ElonMuskPollution/262

Related
https://t.me/PolestarTelegram/21

 Manufacturers can choose to promote small, efficient cars or large SUVs; to build cars around 300 horsepower diesel engines or efficient electric engines. However, most of the cars they are marketing are not climate-friendly
https://t.me/PolestarTelegram/232

Obviously 🇩🇪 is only for SUV! compared to 🇳🇴🇸🇪

US manufacturers Ford, GM and Fiat-Chrysler-Automobiles (FCA) have the highest per-vehicle carbon footprint.
https://t.me/AmericaChinaWar/497

The high share of SUV and pickup sales drive up overall fleet emissions in the US ...
https://t.me/MissionPlaneta/43

German car market shows that in 2018 manufacturers spent more on advertising for SUVs than on any other segment
https://t.me/EnergiewendeDeuschland/934
https://t.me/AliceWeidelBullshit/15
https://t.me/EnergiewendeDeuschland/647
https://t.me/EnergiewendeDeuschland/14
https://t.me/AmericaChinaWar/4

Just 1.5% of advertising spend was on zero-emission models and 1.4% on plug-in hybrid models in 🇩🇪, 🇬🇧, 🇮🇹, 🇪🇸
https://t.me/CarAccidentsFacts/209
https://t.me/LawsTelegram/105

Let we check what ignorant people (thinking to know) are doing ... 
https://t.me/EthicalDilemmaHumanRights/116
https://t.me/WorldWar3Facts/26
https://t.me/LetzteGenerationFakten/133
https://t.me/LetzteGenerationFakten/134
https://t.me/MissionPlaneta/54
https://t.me/IgnorancePeople

YES THEY BUY SUV! 🤦‍♂️
https://t.me/WorldWar3Telegram/419

but they are ready to take excuses ..
https://t.me/AfDTiere/221
https://t.me/AfDTiere/222
https://t.me/LastGenerationFacts/44
https://t.me/LastGenerationFacts/45
https://t.me/LetzteGenerationKommentiert
https://t.me/AfDFacts
🤜🤜 https://t.me/addlist/Sk-TekVpJhw2MzIx
🤜🤜 (2) https://t.me/addlist/gLPMUCb5s6IwNTMx",en,0.9579,
photo_telegram_59168.jpg,telegram,https://t.me/EnergiewendeDeuschland/894,https://t.me/EnergiewendeDeuschland/894,T,R,Y,climate,,Y,EnergiewendeDeuschland,"Zuerst die Frage, was bedeutet Billionen in Deutschland. Antwort
https://t.me/AfDFakten/402

Denn natürlich muss Deutschland immer ⚫️🐑 sein, wie 69 vs 96 ... statt das gleiche überall zu haben.

2: Die Energiewende ist nicht 🗑 Geld, wie anderen Sachen. Ja, DIE ENERGIEWENDE IST NICHT PERFEKT! Mann kann nicht 🙈 schliessen und sagen 💨 besser als ☣️ ... Das wird IMMER so sein. 
https://t.me/EnergyFactsTelegram/18
bzgl Sonne und Wind
https://t.me/EnergyFactsTelegram/342
https://t.me/EnergyFactsTelegram/367
https://t.me/EnergyFactsTelegram/376
https://t.me/EnergyFactsTelegram/479
https://t.me/EnergyFactsTelegram/508

Wir müssen DIE KONSEQUENZEN von ☢️ auch nicht vergessen!
https://t.me/EnergyFactsTelegram/861

Nur weil einfacher ist Auto für 1 Minute zu fahren statt 10 Minuten zu laufen, muss man jetzt Auto fahren? NEIN!
https://t.me/CarAccidentsFacts/209
https://t.me/CarAccidentsFacts/210
https://t.me/CarAccidentsFacts/204
https://t.me/CarAccidentsFacts/205
https://t.me/LetzteGenerationFakten/45
https://t.me/LetzteGenerationFakten/46
https://t.me/LawsTelegram/105

Related
https://t.me/EnergiewendeDeuschland/266
https://t.me/EnergiewendeDeuschland/256
https://t.me/EnergiewendeDeuschland/683
https://t.me/EnergiewendeDeuschland/693

▪️ Der Bruttoinvestitionsbedarf in den Sektoren Energie, Gebäude und Verkehr beträgt im betrachteten Szenario vom Jahr 2023 bis zum Jahr 2030 insgesamt gut 1,9 Bio. Euro. Dies ergibt pro Jahr etwa 240 Mrd. Euro.
▪️ Die Investitionen in Gebäudehülle und Anlagentechnik von Wohngebäuden machen mit über 1 Bio. Euro den größten Anteil des errechneten Investitionsbedarfs aus.
▪️ Insgesamt müssten im Verkehrssektor etwa 485 Mrd. Euro bis zum Jahr 2030 investiert werden, wovon die Beschaffung von Fahrzeugen den größten Anteil ausmacht. Hiervon machen private PKW den größten Anteil aus.
▪️ Im Bereich der Elektrizitätsversorgung entsteht im Szenario ein Investitionsbedarf von rund 53 Mrd. Euro pro Jahr. Dieser ergibt sich hauptsächlich aus Investitionen in Wind und PV sowie Netzausbau.",de,0.9909,
photo_telegram_59170.jpg,telegram,https://t.me/EnergiewendeDeuschland/894,https://t.me/EnergiewendeDeuschland/894,T,R,Y,climate,,Y,EnergiewendeDeuschland,"Zuerst die Frage, was bedeutet Billionen in Deutschland. Antwort
https://t.me/AfDFakten/402

Denn natürlich muss Deutschland immer ⚫️🐑 sein, wie 69 vs 96 ... statt das gleiche überall zu haben.

2: Die Energiewende ist nicht 🗑 Geld, wie anderen Sachen. Ja, DIE ENERGIEWENDE IST NICHT PERFEKT! Mann kann nicht 🙈 schliessen und sagen 💨 besser als ☣️ ... Das wird IMMER so sein. 
https://t.me/EnergyFactsTelegram/18
bzgl Sonne und Wind
https://t.me/EnergyFactsTelegram/342
https://t.me/EnergyFactsTelegram/367
https://t.me/EnergyFactsTelegram/376
https://t.me/EnergyFactsTelegram/479
https://t.me/EnergyFactsTelegram/508

Wir müssen DIE KONSEQUENZEN von ☢️ auch nicht vergessen!
https://t.me/EnergyFactsTelegram/861

Nur weil einfacher ist Auto für 1 Minute zu fahren statt 10 Minuten zu laufen, muss man jetzt Auto fahren? NEIN!
https://t.me/CarAccidentsFacts/209
https://t.me/CarAccidentsFacts/210
https://t.me/CarAccidentsFacts/204
https://t.me/CarAccidentsFacts/205
https://t.me/LetzteGenerationFakten/45
https://t.me/LetzteGenerationFakten/46
https://t.me/LawsTelegram/105

Related
https://t.me/EnergiewendeDeuschland/266
https://t.me/EnergiewendeDeuschland/256
https://t.me/EnergiewendeDeuschland/683
https://t.me/EnergiewendeDeuschland/693

▪️ Der Bruttoinvestitionsbedarf in den Sektoren Energie, Gebäude und Verkehr beträgt im betrachteten Szenario vom Jahr 2023 bis zum Jahr 2030 insgesamt gut 1,9 Bio. Euro. Dies ergibt pro Jahr etwa 240 Mrd. Euro.
▪️ Die Investitionen in Gebäudehülle und Anlagentechnik von Wohngebäuden machen mit über 1 Bio. Euro den größten Anteil des errechneten Investitionsbedarfs aus.
▪️ Insgesamt müssten im Verkehrssektor etwa 485 Mrd. Euro bis zum Jahr 2030 investiert werden, wovon die Beschaffung von Fahrzeugen den größten Anteil ausmacht. Hiervon machen private PKW den größten Anteil aus.
▪️ Im Bereich der Elektrizitätsversorgung entsteht im Szenario ein Investitionsbedarf von rund 53 Mrd. Euro pro Jahr. Dieser ergibt sich hauptsächlich aus Investitionen in Wind und PV sowie Netzausbau.",de,0.9909,
photo_telegram_59172.jpg,telegram,https://t.me/EnergiewendeDeuschland/904,https://t.me/EnergiewendeDeuschland/904,T,R,N,climate,comment should not be here,Y,EnergiewendeDeuschland,,NO_TEXT,0.0,
photo_telegram_59176.jpg,telegram,https://t.me/EnergiewendeDeuschland/904,https://t.me/EnergiewendeDeuschland/904,T,R,N,energy resources,,Y,EnergiewendeDeuschland,,NO_TEXT,0.0,
photo_telegram_59181.jpg,telegram,https://t.me/EnergiewendeDeuschland/904,https://t.me/EnergiewendeDeuschland/904,T,R,N,energy resources,comment should not be here,Y,EnergiewendeDeuschland,,NO_TEXT,0.0,
photo_telegram_59191.jpg,telegram,https://t.me/EnergiewendeDeuschland/870,https://t.me/EnergiewendeDeuschland/870,T,R,N,climate ,,Y,EnergiewendeDeuschland,"Difference between Norway and other countries?!

THIS!!!!!! First thing Norway is showing before writing an article is what really matter for our planet. Other countries? 💤

Verden blir varmere https://perma.cc/D77X-RWJU
Temperaturen på kloden går opp. Nå er verdens land enige om å begrense oppvarmingen til 2 grader, og aller helst 1,5 grader, sammenlignet med førindustriell tid.

The world is getting warmer
The temperature of the globe is rising. Now the world's countries agree to limit warming to 2 degrees, and most preferably 1.5 degrees, compared to pre-industrial times.

I Norge går oppvarmingen raskere enn mange andre steder. En grunn er at Norge delvis ligger i Arktis. Her smelter hav-isen og det åpne havet gir mer varme til lufta enn det ellers ville gjort.

In Norway, warming is faster than in many other places. One reason is that Norway is partly located in the Arctic. Here the sea ice melts and the open sea gives more heat to the air than it would otherwise.

Den største kilden til utslipp i Norge er plattformene som henter opp olje og gass fra havbunnen

The biggest source of emissions in Norway are the platforms that retrieve oil and gas from the seabed
https://t.me/MissionWillowProject
https://t.me/DeepMiningTelegram

Norge har lave utslipp sammenlignet med mange store land, men hvis vi ser på utslipp per innbygger hopper Norge på listen.

Norway has low emissions compared to many large countries, but if we look at emissions per capita, Norway jumps on the list.

Hvis CO₂-mengden øker som de siste fem årene, vil nivået i atmosfæren nå 430 ppm i løpet av 2026. FNs klimapanel har anslått at CO₂-nivået bør ligge under 430 ppm hvis vi skal klare å holde 1,5-gradersmålet.

If the amount of CO₂ increases as in the last five years, the level in the atmosphere will reach 430 ppm during 2026. The UN climate panel has estimated that the CO₂ level should be below 430 ppm if we are to manage to keep the 1.5 degree target.",no,0.5012,
photo_telegram_59195.jpg,telegram,https://t.me/EnergiewendeDeuschland/880,https://t.me/EnergiewendeDeuschland/880,T,R,Y,climate,,Y,EnergiewendeDeuschland,"What are greenhouse gases?
Humans emit more greenhouse gases than is natural. The gases mean that less heat escapes through the atmosphere. The greenhouse effect is reinforced.
Although there are many greenhouse gases, there is a lot of talk about carbon dioxide, CO₂. It is the greenhouse gas that contributes the most to global warming. It is also the greenhouse gas that remains in the atmosphere the longest. Even if we sharply cut CO₂ emissions, the CO₂ level in the atmosphere will continue to rise.

Hva er klimagasser? https://perma.cc/D77X-RWJU
Menneskene slipper ut mer klimagasser enn det som er naturlig. Gassene gjør at mindre varme slipper ut gjennom atmosfæren. Drivhuseffekten blir forsterket.
Selv om det finnes mange klimagasser, snakkes det mye om karbondioksid, CO₂. Det er den klimagassen som bidrar mest til den globale oppvarmingen. Det er også klimagassen som blir værende lengst i atmosfæren. Selv om vi kutter kraftig i CO₂-utslipp, vil CO₂-nivået i atmosfæren fortsette å stige.

Gjør det noe at det blir varmere?
Det høres ikke så mye ut at jorda blir én eller to grader varmere, men husk at dette er et gjennomsnitt.
Forskerne advarer mot de ekstremt varme dagene, som i fremtiden kan bli mye varmere enn de varme dagene vi opplever i dag. Klimaendringene vil også gi andre typer ekstremvær, som flom, tørke og skred.

Does it matter if it gets warmer?
It doesn't sound like much that the earth is getting one or two degrees warmer, but remember that this is an average.
The researchers warn against the extremely hot days, which in the future could be much hotter than the hot days we experience today. Climate change will also cause other types of extreme weather, such as floods, droughts and landslides.

Alle land som er med i Parisavtalen, skal melde inn stadig strengere mål for å kutte egne utslipp. 

All countries that are part of the Paris Agreement must submit increasingly strict targets to cut their own emissions.

YES 🇮🇱 ISRAEL AND 🇵🇸 PALESTINE, YOU TOO!!!!
https://t.me/WarPollution",no,0.5066,
photo_telegram_59196.jpg,telegram,https://t.me/EnergiewendeDeuschland/880,https://t.me/EnergiewendeDeuschland/880,T,R,Y,climate,,Y,EnergiewendeDeuschland,"What are greenhouse gases?
Humans emit more greenhouse gases than is natural. The gases mean that less heat escapes through the atmosphere. The greenhouse effect is reinforced.
Although there are many greenhouse gases, there is a lot of talk about carbon dioxide, CO₂. It is the greenhouse gas that contributes the most to global warming. It is also the greenhouse gas that remains in the atmosphere the longest. Even if we sharply cut CO₂ emissions, the CO₂ level in the atmosphere will continue to rise.

Hva er klimagasser? https://perma.cc/D77X-RWJU
Menneskene slipper ut mer klimagasser enn det som er naturlig. Gassene gjør at mindre varme slipper ut gjennom atmosfæren. Drivhuseffekten blir forsterket.
Selv om det finnes mange klimagasser, snakkes det mye om karbondioksid, CO₂. Det er den klimagassen som bidrar mest til den globale oppvarmingen. Det er også klimagassen som blir værende lengst i atmosfæren. Selv om vi kutter kraftig i CO₂-utslipp, vil CO₂-nivået i atmosfæren fortsette å stige.

Gjør det noe at det blir varmere?
Det høres ikke så mye ut at jorda blir én eller to grader varmere, men husk at dette er et gjennomsnitt.
Forskerne advarer mot de ekstremt varme dagene, som i fremtiden kan bli mye varmere enn de varme dagene vi opplever i dag. Klimaendringene vil også gi andre typer ekstremvær, som flom, tørke og skred.

Does it matter if it gets warmer?
It doesn't sound like much that the earth is getting one or two degrees warmer, but remember that this is an average.
The researchers warn against the extremely hot days, which in the future could be much hotter than the hot days we experience today. Climate change will also cause other types of extreme weather, such as floods, droughts and landslides.

Alle land som er med i Parisavtalen, skal melde inn stadig strengere mål for å kutte egne utslipp. 

All countries that are part of the Paris Agreement must submit increasingly strict targets to cut their own emissions.

YES 🇮🇱 ISRAEL AND 🇵🇸 PALESTINE, YOU TOO!!!!
https://t.me/WarPollution",no,0.5066,
photo_telegram_59228.jpg,telegram,https://t.me/EnergiewendeDeuschland/818,https://t.me/EnergiewendeDeuschland/818,T,R,N,climate,,Y,EnergiewendeDeuschland,"The European Union and the United Kingdom is the world’s third energy consumer and CO2 emitter, account-
ing for 12% of global emissions.

Quarterly greenhouse gas emissions in the EU https://perma.cc/7BRG-QX32

CO2 emissions from EU territorial energy use: -2.8% https://perma.cc/J2BS-WLVL

Carbon dioxide emissions in the European Union from 1965 to 2022 https://perma.cc/4UJB-GPXS

The European Union has cut greenhouse gas emissions in every sector - except this one https://perma.cc/32WY-XRZQ
Greenhouse gas emissions in the EU fell by 32% between 1990 and 2020 across sectors including energy and manufacturing, Eurostat says.
But the transport sector bucked the trend, with a 7% increase in emissions over the same period.",en,0.8923,
photo_telegram_59231.jpg,telegram,https://t.me/EnergiewendeDeuschland/818,https://t.me/EnergiewendeDeuschland/818,T,R,N,climate,,Y,EnergiewendeDeuschland,"The European Union and the United Kingdom is the world’s third energy consumer and CO2 emitter, account-
ing for 12% of global emissions.

Quarterly greenhouse gas emissions in the EU https://perma.cc/7BRG-QX32

CO2 emissions from EU territorial energy use: -2.8% https://perma.cc/J2BS-WLVL

Carbon dioxide emissions in the European Union from 1965 to 2022 https://perma.cc/4UJB-GPXS

The European Union has cut greenhouse gas emissions in every sector - except this one https://perma.cc/32WY-XRZQ
Greenhouse gas emissions in the EU fell by 32% between 1990 and 2020 across sectors including energy and manufacturing, Eurostat says.
But the transport sector bucked the trend, with a 7% increase in emissions over the same period.",en,0.8923,
photo_telegram_59240.jpg,telegram,https://t.me/EnergiewendeDeuschland/834,https://t.me/EnergiewendeDeuschland/834,T,R,Y,climate,,Y,EnergiewendeDeuschland,"Alice Weidel, sag weniger 💩 bei der Bauerprotest! - In the first half of 2023, household electricity prices in the EU showed the sharpest increase in the Netherlands (953 %). The largest decrease was observed in Spain (-41 %) driven by alleviating measures on taxes, fees and charges.

The largest increase was observed in the Netherlands (953.2 %), followed by Lithuania (87.8 %) and Romania (77.3 %). 

The relative share of taxes was highest in Poland, making up 48.6 % of the total price. The average share of total taxes and levies at EU level was 19.2 %, an increase of 3.7 percentage points (pp) when compared with the second half of 2022, mostly driven by reduction of subsidies and al-
lowances.

Non-household electricity prices in the EU were highest in Italy (C 0.25 per KWh) and lowest in Finland (C 0.081 per KWh) in the first half of 2023.

Non-household consumers are defined for the purpose of this article as medium-sized consumers with an annual consumption between 500 MWh (Mega Watt hours) and 2 000 MWh. As depicted in Figure 6, electricity prices in the first half of 2023 were highest in Italy (C 0.2525 per KWh) and Cyprus (C 0.2471 per KWh). The lowest prices were observed in Finland (C 0.0808 per KWh) and Sweden (C 0.1121 per KWh).

For household consumers in the EU (defined for the purpose of this article as medium-sized consumers with an annual consumption between 2 500 Kilowatt hours (KWh) and 5 000 KWh), electricity prices in the first half of 2023 were highest in the Netherlands (C 0.4750 per KWh), Belgium (C 0.4350 per KWh), Romania (C 0.4199 per KWh) and Germany (C 0.4125 per KWh) - see Figure 1.

The lowest prices were observed in Bulgaria (C 0.1137 per KWh), Hungary (C 0.1161 per KWh) and Malta (C 0.1256 per KWh).",en,0.9479,
photo_telegram_59243.jpg,telegram,https://t.me/EnergiewendeDeuschland/834,https://t.me/EnergiewendeDeuschland/834,T,R,Y,climate,,Y,EnergiewendeDeuschland,"Alice Weidel, sag weniger 💩 bei der Bauerprotest! - In the first half of 2023, household electricity prices in the EU showed the sharpest increase in the Netherlands (953 %). The largest decrease was observed in Spain (-41 %) driven by alleviating measures on taxes, fees and charges.

The largest increase was observed in the Netherlands (953.2 %), followed by Lithuania (87.8 %) and Romania (77.3 %). 

The relative share of taxes was highest in Poland, making up 48.6 % of the total price. The average share of total taxes and levies at EU level was 19.2 %, an increase of 3.7 percentage points (pp) when compared with the second half of 2022, mostly driven by reduction of subsidies and al-
lowances.

Non-household electricity prices in the EU were highest in Italy (C 0.25 per KWh) and lowest in Finland (C 0.081 per KWh) in the first half of 2023.

Non-household consumers are defined for the purpose of this article as medium-sized consumers with an annual consumption between 500 MWh (Mega Watt hours) and 2 000 MWh. As depicted in Figure 6, electricity prices in the first half of 2023 were highest in Italy (C 0.2525 per KWh) and Cyprus (C 0.2471 per KWh). The lowest prices were observed in Finland (C 0.0808 per KWh) and Sweden (C 0.1121 per KWh).

For household consumers in the EU (defined for the purpose of this article as medium-sized consumers with an annual consumption between 2 500 Kilowatt hours (KWh) and 5 000 KWh), electricity prices in the first half of 2023 were highest in the Netherlands (C 0.4750 per KWh), Belgium (C 0.4350 per KWh), Romania (C 0.4199 per KWh) and Germany (C 0.4125 per KWh) - see Figure 1.

The lowest prices were observed in Bulgaria (C 0.1137 per KWh), Hungary (C 0.1161 per KWh) and Malta (C 0.1256 per KWh).",en,0.9479,
photo_telegram_59255.jpg,telegram,https://t.me/EnergiewendeDeuschland/795,https://t.me/EnergiewendeDeuschland/795,T,R,N,energy resources,,Y,EnergiewendeDeuschland,,NO_TEXT,0.0,
photo_telegram_59257.jpg,telegram,https://t.me/EnergiewendeDeuschland/795,https://t.me/EnergiewendeDeuschland/795,T,R,N,energy resources,,Y,EnergiewendeDeuschland,,NO_TEXT,0.0,
photo_telegram_59273.jpg,telegram,https://t.me/EnergiewendeDeuschland/815,https://t.me/EnergiewendeDeuschland/815,T,R,N,climate,,Y,EnergiewendeDeuschland,"Per capita consumption-based CO₂ emissions, 2020 https://perma.cc/WV5S-JT74

More about🇨🇭Switzerland 
https://t.me/SwitzerlandFacts/303

What you can do:
https://t.me/PollutionFacts/417

🇩🇪 Germany 
https://t.me/NatureFreaksDeutsch/166
https://t.me/NatureFreaksDeutsch/171
https://t.me/NatureFreaksDeutsch/181
https://t.me/PlanetPollution/157

🌍Worldwide
https://t.me/PollutionFacts
https://t.me/MeteoTelegram
https://t.me/ClimateChangeTelegram
https://t.me/FoodWasteTelegram
https://t.me/VeganNutritionTelegram
https://t.me/MissionWillowProject",en,0.8244,
photo_telegram_59282.jpg,telegram,https://t.me/EnergiewendeDeuschland/775,https://t.me/EnergiewendeDeuschland/775,T,R,N,energy resources,,Y,EnergiewendeDeuschland,,NO_TEXT,0.0,
photo_telegram_59290.jpg,telegram,https://t.me/EnergiewendeDeuschland/785,https://t.me/EnergiewendeDeuschland/785,T,R,N,energy resources,,Y,EnergiewendeDeuschland,,NO_TEXT,0.0,
photo_telegram_59294.jpg,telegram,https://t.me/EnergiewendeDeuschland/785,https://t.me/EnergiewendeDeuschland/785,T,R,N,energy resources,,Y,EnergiewendeDeuschland,,NO_TEXT,0.0,
photo_telegram_59310.jpg,telegram,https://t.me/EnergiewendeDeuschland/765,https://t.me/EnergiewendeDeuschland/765,T,R,N,energy resources,,Y,EnergiewendeDeuschland,,NO_TEXT,0.0,
photo_telegram_59322.jpg,telegram,https://t.me/EnergiewendeDeuschland/734,https://t.me/EnergiewendeDeuschland/734,T,R,N,energy resources,,Y,EnergiewendeDeuschland,"In 2019, hydro power use dominated the renewable energy mix in countries such as: Austria (76%), Bulgaria (48%), Croatia (74%), Finland (43%), France (53%), Italy (41%), Latvia (73%), Romania (65%), Slovakia (65%) and Sweden (66%).

Wind energy, on the other hand, dominated the structure of renewable energy sources in countries such as: Belgium (48%), Cyprus (45%), Denmark (69%), Germany (50%), Greece (42%), Ireland (86%), Lithuania (55%), Netherlands (49%), Poland (57%), Portugal (43%) and Spain (52%).

 In 2019, countries such as Sweden, Finland and the Netherlands had the largest share of renewable energy use in transport (30.31%, 21.29%, and 12.51%, respectively).

For renewable energy use in electricity, countries such as Austria, Sweden and Denmark led the way. 

When it comes to renewable energy use in heating and cooling, countries such as Sweden, Latvia and Finland were the leaders: 66.12%, 57.76%, and 57.49%.

In contrast, the lowest renewable energy consumption occurred in countries such as:
 In transport—Cyprus, Lithuania and Greece.
 In electricity—Malta, Cyprus and Hungary.
 In heating and cooling—Ireland, the Netherlands and Belgium.

During the period under review, the biggest changes in renewable energy consump‐ tion took place in countries such as: Malta (in 2009, the shares of renewable energy con‐ sumption especially in transport, electricity were 0.00, while in 2019, they were already close to the EU average), Estonia (the share of renewable energy consumption in transport has increased more than tenfold), Cyprus (the share of renewable energy consumption in electricity has increased more than 16‐fold), and Slovakia (the share of renewable energy consumption in heating and cooling has more than doubled).
Despite the significant increase in renewable energy consumption, most of the countries mentioned are still characterized by the lowest percentage of renewable energy use.

PLEASE NOTE THAT THIS POST DOESN'T INCLUDE NORWAY!!! 

More about Poland https://t.me/PollutionFacts/937",en,0.9466,
photo_telegram_59324.jpg,telegram,https://t.me/EnergiewendeDeuschland/734,https://t.me/EnergiewendeDeuschland/734,T,R,N,energy resources,,Y,EnergiewendeDeuschland,"In 2019, hydro power use dominated the renewable energy mix in countries such as: Austria (76%), Bulgaria (48%), Croatia (74%), Finland (43%), France (53%), Italy (41%), Latvia (73%), Romania (65%), Slovakia (65%) and Sweden (66%).

Wind energy, on the other hand, dominated the structure of renewable energy sources in countries such as: Belgium (48%), Cyprus (45%), Denmark (69%), Germany (50%), Greece (42%), Ireland (86%), Lithuania (55%), Netherlands (49%), Poland (57%), Portugal (43%) and Spain (52%).

 In 2019, countries such as Sweden, Finland and the Netherlands had the largest share of renewable energy use in transport (30.31%, 21.29%, and 12.51%, respectively).

For renewable energy use in electricity, countries such as Austria, Sweden and Denmark led the way. 

When it comes to renewable energy use in heating and cooling, countries such as Sweden, Latvia and Finland were the leaders: 66.12%, 57.76%, and 57.49%.

In contrast, the lowest renewable energy consumption occurred in countries such as:
 In transport—Cyprus, Lithuania and Greece.
 In electricity—Malta, Cyprus and Hungary.
 In heating and cooling—Ireland, the Netherlands and Belgium.

During the period under review, the biggest changes in renewable energy consump‐ tion took place in countries such as: Malta (in 2009, the shares of renewable energy con‐ sumption especially in transport, electricity were 0.00, while in 2019, they were already close to the EU average), Estonia (the share of renewable energy consumption in transport has increased more than tenfold), Cyprus (the share of renewable energy consumption in electricity has increased more than 16‐fold), and Slovakia (the share of renewable energy consumption in heating and cooling has more than doubled).
Despite the significant increase in renewable energy consumption, most of the countries mentioned are still characterized by the lowest percentage of renewable energy use.

PLEASE NOTE THAT THIS POST DOESN'T INCLUDE NORWAY!!! 

More about Poland https://t.me/PollutionFacts/937",en,0.9466,
photo_telegram_59326.jpg,telegram,https://t.me/EnergiewendeDeuschland/745,https://t.me/EnergiewendeDeuschland/745,T,R,N,energy resources,,Y,EnergiewendeDeuschland,,NO_TEXT,0.0,
photo_telegram_59365.jpg,telegram,https://t.me/EnergiewendeDeuschland/683,https://t.me/EnergiewendeDeuschland/683,T,R,N,Energy prices,,Y,EnergiewendeDeuschland,"Electricity price statistics https://perma.cc/VRE4-DDGQ https://perma.cc/U4FC-Y9FF

Archive:Energy price statistics https://perma.cc/K96Q-MKCW

Seit den 1990er-Jahren fördert Deutschland Erneuerbare Energien. Die Energiewende führt zu einer Versorgung aus überwiegend regenerativen Quellen.

Schon im Jahr 2000 vereinbarte die damalige Bundesregierung mit den deutschen Energieunternehmen einen Atomausstieg. Nach der Atomkatastrophe im japanischen Fukushima 2011 wurde das reguläre Ende der Atomkraft für Ende 2022 festgelegt. Die letzten Kraftwerke sollen nun spätestens 2023 vom Netz gehen https://perma.cc/9C4Q-P8X5

Electricity prices for German households have virtually doubled since the outset of the new millennium. In terms of purchasing parities, German citizens have to pay the highest power prices of all EU countries in 2014.

Among other reasons, such as the increase in the eco-tax on electricity, a key factor for the substantial rise in electricity prices was Germany’s transition of the energy sector, most notably the massive promotion of renewable energy technologies due to the introduction of a feed-in-tariff system in 2000.

Archive:EU energy mix and import dependency https://perma.cc/KL29-RVG6

Strompreis aktuell: So viel kostet die Kilowattstunde https://perma.cc/ERX9-9H6A

Unter dem Begriff Energiewende versteht man einen alternativen, sauberen, bezahlbaren, sicheren – kurz nachhaltigen Weg, Energie zu erzeugen und zu nutzen. Das bedeutet die Abkehr von der traditionellen Strom- und Wärmeerzeugung vor allem durch Kohle- und Atomkraft. Und ein Hin zu erneuerbaren Energien und Energieeffizienz https://perma.cc/B6BK-S8EA

Bei der Energiewende denken die meisten an Kanzlerin Angela Merkel. Im “Energiekonzept” ihrer Regierung aus dem Jahr 2010 kommt das Wort allerdings nicht ein einziges Mal vor https://perma.cc/ZH5W-MJK9

November 2005 – Dezember 2021 Bundeskanzlerin der Bundesrepublik Deutschland https://perma.cc/2A67-JDE5

🇨🇭Stark steigende Strompreise 2023 https://perma 2024 https://perma.cc/U7ZC-N79R",de,0.9026,
photo_telegram_59368.jpg,telegram,https://t.me/EnergiewendeDeuschland/693,https://t.me/EnergiewendeDeuschland/693,T,R,N,energy resources,,Y,EnergiewendeDeuschland,"The Energy Transition is the set of policies and structural changes aimed at decarbonising the economy. Germany, the United Kingdom and France have taken the lead in implementing national policies to facilitate the Energy Transition. All three countries have set out a range of ambitious targets and policies to cut emissions, deploy renewable resources, and improve energy efficiency: the Energiewende in Germany, the Carbon Plan and the Electricity Market Reform in the UK, and the Loi sur la transition énergétique pour la croissance verte in France. 

First, these three countries differ in their energy mixes. France sources the largest share of its generation from nuclear, with 75%, while Germany and the UK have the largest shares of coal in the generation mix, with 44% and 39% respectively. 

In contrast, the high carbon intensities in Germany and the UK have been powerful drivers for pushing for ambitious energy efficiency and renewables targets.

On the one hand, Germany has decided to phase out nuclear (the last nuclear reactor will shut down by 2022), and France has decided to gradually reduce the weight of nuclear (by 2025 nuclear will represent 50% of total production in the power sector, down from the current 70%). On the other hand, the UK has decided to construct a new nuclear reactor.

As previously mentioned, the German government is supporting the production and consumption of renewable energies over the use of hydrocarbons and nuclear power. The result of this policy is an increasing share of renewable power for internal generation, which in 2014 reached 26%. The main natural resource exploited is wind energy (9.1%), followed by biomass (7%), photovoltaic (5.7%) and water (hydro) (3.3%).

At the peak of the nuclear era, Germany generated about 30% of its electricity from nuclear power; this percentage share has since decreased, due to the crises affecting the nuclear power industry.

All of these factors resulted in a decrease of the nuclear power share to 22% in 2010, down to 18% today (2014).",en,0.9362,
photo_telegram_59764.jpg,telegram,https://t.me/EnergiewendeDeuschland/296,https://t.me/EnergiewendeDeuschland/296,T,R,N,Energy prices,,Y,EnergiewendeDeuschland,"Erdgas- und Stromdurchschnittspreise https://perma.cc/4XYY-LX8X

BDEW-Strompreisanalyse Juli 2023 
Der durchschnittliche Strompreis für Haushalte liegt im bisherigen Jahresmittel 2023 um 15 Prozent höher als im 2. Halbjahr 2022 und beträgt nun durchschnittlich 46,27 ct/kWh https://perma.cc/J77Q-KVGH

Der durchschnittliche Strompreis für kleine bis mittlere Industriebetriebe (ohne Stromsteuer) für Neuabschlüsse hat sich im bisherigen Jahresverlauf 2023 gegenüber dem 2. Halbjahr 2022 mehr als halbiert und liegt derzeit 24,96 ct/kWh.

Die Strompreise ziehen an https://perma.cc/RJD6-N2DQ

Stand [2023]: Entwicklung der Strompreise in Europa, EU-Vergleich für 10 Jahre https://perma.cc/8QTW-BHYG

EU-Vergleich: Teurer Strom in Deutschland https://perma.cc/D9QG-EPNN

Archive:Strompreisstatistik https://perma.cc/LW4T-4CE6

Der Strompreis steigt – so sieht es in Ihrer Gemeinde aus https://perma.cc/L6H8-6BMV

Warum die Behauptung, Deutschland habe die höchsten Strompreise weltweit, zu kurz greift https://perma.cc/6U97-WZK4

Wie gut steht die Schweiz im Europavergleich da? https://perma.cc/AW4E-6X7F

Strompreisexplosion in Duisburg: Welche Städte knacken noch die 2000-Euro-Marke? https://perma.cc/4P4Q-B33Y

Aktuelle Strompreise für Haushalte in Deutschland https://perma.cc/9FTS-CVA8

Strompreise in Europa: Welches Land bremst besser? https://perma.cc/DS55-Y79B 

Mehr über die Thematik Energie:
https://t.me/NatureFreaksDeutsch/456
https://t.me/NatureFreaksDeutsch/448
https://t.me/NatureFreaksDeutsch/452
https://t.me/NatureFreaksDeutsch/409
https://t.me/NatureFreaksDeutsch/414
https://t.me/NatureFreaksDeutsch/424
https://t.me/NatureFreaksDeutsch/427
https://t.me/PollutionFacts
https://t.me/MissionWillowProject
usw.",de,0.994,
photo_telegram_59766.jpg,telegram,https://t.me/EnergiewendeDeuschland/296,https://t.me/EnergiewendeDeuschland/296,T,R,N,Energy prices,,Y,EnergiewendeDeuschland,"Erdgas- und Stromdurchschnittspreise https://perma.cc/4XYY-LX8X

BDEW-Strompreisanalyse Juli 2023 
Der durchschnittliche Strompreis für Haushalte liegt im bisherigen Jahresmittel 2023 um 15 Prozent höher als im 2. Halbjahr 2022 und beträgt nun durchschnittlich 46,27 ct/kWh https://perma.cc/J77Q-KVGH

Der durchschnittliche Strompreis für kleine bis mittlere Industriebetriebe (ohne Stromsteuer) für Neuabschlüsse hat sich im bisherigen Jahresverlauf 2023 gegenüber dem 2. Halbjahr 2022 mehr als halbiert und liegt derzeit 24,96 ct/kWh.

Die Strompreise ziehen an https://perma.cc/RJD6-N2DQ

Stand [2023]: Entwicklung der Strompreise in Europa, EU-Vergleich für 10 Jahre https://perma.cc/8QTW-BHYG

EU-Vergleich: Teurer Strom in Deutschland https://perma.cc/D9QG-EPNN

Archive:Strompreisstatistik https://perma.cc/LW4T-4CE6

Der Strompreis steigt – so sieht es in Ihrer Gemeinde aus https://perma.cc/L6H8-6BMV

Warum die Behauptung, Deutschland habe die höchsten Strompreise weltweit, zu kurz greift https://perma.cc/6U97-WZK4

Wie gut steht die Schweiz im Europavergleich da? https://perma.cc/AW4E-6X7F

Strompreisexplosion in Duisburg: Welche Städte knacken noch die 2000-Euro-Marke? https://perma.cc/4P4Q-B33Y

Aktuelle Strompreise für Haushalte in Deutschland https://perma.cc/9FTS-CVA8

Strompreise in Europa: Welches Land bremst besser? https://perma.cc/DS55-Y79B 

Mehr über die Thematik Energie:
https://t.me/NatureFreaksDeutsch/456
https://t.me/NatureFreaksDeutsch/448
https://t.me/NatureFreaksDeutsch/452
https://t.me/NatureFreaksDeutsch/409
https://t.me/NatureFreaksDeutsch/414
https://t.me/NatureFreaksDeutsch/424
https://t.me/NatureFreaksDeutsch/427
https://t.me/PollutionFacts
https://t.me/MissionWillowProject
usw.",de,0.994,
photo_telegram_59767.jpg,telegram,https://t.me/EnergiewendeDeuschland/296,https://t.me/EnergiewendeDeuschland/296,T,R,N,Energy prices,,Y,EnergiewendeDeuschland,"Erdgas- und Stromdurchschnittspreise https://perma.cc/4XYY-LX8X

BDEW-Strompreisanalyse Juli 2023 
Der durchschnittliche Strompreis für Haushalte liegt im bisherigen Jahresmittel 2023 um 15 Prozent höher als im 2. Halbjahr 2022 und beträgt nun durchschnittlich 46,27 ct/kWh https://perma.cc/J77Q-KVGH

Der durchschnittliche Strompreis für kleine bis mittlere Industriebetriebe (ohne Stromsteuer) für Neuabschlüsse hat sich im bisherigen Jahresverlauf 2023 gegenüber dem 2. Halbjahr 2022 mehr als halbiert und liegt derzeit 24,96 ct/kWh.

Die Strompreise ziehen an https://perma.cc/RJD6-N2DQ

Stand [2023]: Entwicklung der Strompreise in Europa, EU-Vergleich für 10 Jahre https://perma.cc/8QTW-BHYG

EU-Vergleich: Teurer Strom in Deutschland https://perma.cc/D9QG-EPNN

Archive:Strompreisstatistik https://perma.cc/LW4T-4CE6

Der Strompreis steigt – so sieht es in Ihrer Gemeinde aus https://perma.cc/L6H8-6BMV

Warum die Behauptung, Deutschland habe die höchsten Strompreise weltweit, zu kurz greift https://perma.cc/6U97-WZK4

Wie gut steht die Schweiz im Europavergleich da? https://perma.cc/AW4E-6X7F

Strompreisexplosion in Duisburg: Welche Städte knacken noch die 2000-Euro-Marke? https://perma.cc/4P4Q-B33Y

Aktuelle Strompreise für Haushalte in Deutschland https://perma.cc/9FTS-CVA8

Strompreise in Europa: Welches Land bremst besser? https://perma.cc/DS55-Y79B 

Mehr über die Thematik Energie:
https://t.me/NatureFreaksDeutsch/456
https://t.me/NatureFreaksDeutsch/448
https://t.me/NatureFreaksDeutsch/452
https://t.me/NatureFreaksDeutsch/409
https://t.me/NatureFreaksDeutsch/414
https://t.me/NatureFreaksDeutsch/424
https://t.me/NatureFreaksDeutsch/427
https://t.me/PollutionFacts
https://t.me/MissionWillowProject
usw.",de,0.994,
photo_telegram_59770.jpg,telegram,https://t.me/EnergiewendeDeuschland/256,https://t.me/EnergiewendeDeuschland/256,T,R,N,Energy prices,,Y,EnergiewendeDeuschland,"Bei der Energiewende denken die meisten an Kanzlerin Angela Merkel. Im “Energiekonzept” ihrer Regierung aus dem Jahr 2010 kommt das Wort allerdings nicht ein einziges Mal vor https://perma.cc/W9FW-JH33

Weg von der Atomenergie, hin zur Ökoenergie. Das ist der neue Grundsatz der deutschen Energiepolitik nach der Reaktorkatastrophe in Fukushima. Mit geradezu atemberaubendem Tempo hat die schwarz-gelbe Koalition unter dem Eindruck von Fukushima eine energiepolitische Kehrtwende vollzogen. Möglichst schnell soll die Energiewende vollzogen werden. Das Bundeskabinett hat am 6. Juni 2011 das sofortige Aus für acht Atomkraftwerke und den stufenweisen Ausstieg aus der Kernenergie bis 2022 beschlossen https://perma.cc/9RH3-458C

Der durchschnittliche Strompreis für Haushalte liegt im bisherigen Jahresmittel 2023 um 14 Prozent höher als im 2. Halbjahr 2022 und beträgt nun durchschnittlich 45,73 ct/kWh (2. Hj. 2022: 40,07 ct/kWh; Grundpreis anteilig für einen Verbrauch von 3.500 kWh/a enthalten). Die Strompreise für Haushalte sind seit Beginn des 2. Quartals 2023 wieder gesunken. Für das 4. Quartal 2023 beträgt der Durchschnittspreis 44,17 ct/kWh https://perma.cc/2FFN-VTWP


For medium size household consumers, electricity prices during the second semester of 2010 were the highest in the EU in Denmark, in Germany and in Cyprus (see Figure 1 and Table 2 & 3).

The lowest electricity prices in the EU for households are found in Bulgaria, Estonia and Latvia.

From this comparison, it follows that, relative to the cost of other goods and services, electricity for household consumers is the most expensive in Hungary, Slovakia and Germany. Electricity is relatively cheap in France and in Finland.

The largest price increases among EU Member States between 2009 semester 2 and 2010 semester 2 were observed in the Bulgaria (47 %) and in Germany (33 %).

Related:
https://t.me/PoliticsTelegram/24
https://t.me/PoliticsTelegram/15
https://t.me/PoliticsTelegram/42
https://t.me/PoliticsTelegram/61
or search
https://t.me/EnergyFactsTelegram",de,0.8536,
photo_telegram_59796.jpg,telegram,https://t.me/EnergiewendeDeuschland/236,https://t.me/EnergiewendeDeuschland/236,T,R,N,energy,,Y,EnergiewendeDeuschland,"Number of operable nuclear power reactors worldwide as of May 2023, by country https://perma.cc/L9ZV-8WQJ

Most important thing! REMEMBER THE AMOUNT OF PEOPLE IN CHINA! compared to Germany ... so don't take excuses like you or USA are doing with other things ...
https://t.me/ClimateChangeTelegram/69
https://t.me/ClimateChangeTelegram/70
https://t.me/ClimateChangeTelegram/62
https://t.me/ClimateChangeTelegram/67

As of August 1, 2023, 93 nuclear reactors were operating at 54 nuclear power plants in 28 states. Of the 54 operating nuclear power plants, 19 have one reactor, 31 have two reactors, and 4 have three reactors. The U.S. nuclear energy industry has supplied about 20% of total annual U.S. electricity since 1990 https://perma.cc/9BU2-HY7J

We regulate the UK's 15 civil nuclear reactors, which consist of 14 Advanced Gas-cooled Reactors (AGR) and one Pressurised Water Reactor (PWR) operated by EDF https://perma.cc/XEG3-5TYL

Related
https://t.me/AfDPolitik/20
https://t.me/DeutschlandBullshit/312",en,0.9605,
photo_telegram_59816.jpg,telegram,https://t.me/EnergiewendeDeuschland/216,https://t.me/EnergiewendeDeuschland/216,T,R,Y,politics/climate,,Y,EnergiewendeDeuschland,"🇩🇪 Germany has no nuclear power after closing its  nal three reactors – Neckarwestheim 2, Isar 2 and Emsland – in April 2023.
Record: around 160TWh
Germany 83.3 mio = 1.92TWh/mio

🇨🇭Switzerland has two reactors at Beznau, 30 km southwest of Zurich, one at Gösgen, 40 km southwest of Zurich and one at Leibstadt, 35 km northwest of Zurich. 
Around 25TWh
Switzerland 8.64 mio = 2.9TWh/mio!!!

Sorry Germany, SWITZERLAND KILLED YOU EVEN WHEN YOU MADE RECORDS!

So AfD, don't take excuses!
https://t.me/AfDPolitik/4
https://t.me/AfDPolitik/57
and the best? Your forgot Switzerland at all! Even if Switzerland needs more nuclear than Germany!

Romania: Two CANDU-6 PHWRs operate at the Cernavoda plant, 150 km east of Bucharest. 

All 15 reactors in Ukraine are VVER units. 

The UK has nine operable reactors at seven sites; eight are advanced gas-cooled reactors (AGRs), with one pressurized water reactor (PWR) at Sizewell.


The USA has 93 operable reactors with a combined capacity of 95,800 MWe, the largest nuclear  eet of any single country.

There are 37 operable reactors in Russia, with the majority in the west of the country. An additional three reactors
are under construction.

There are 25 reactors operating in South Korea.

India has 22 reactors at seven nuclear power plants located both inland and along the coast.

France has 56 operable reactors.

Pakistan has six operating nuclear power reactors

Armenia has one nuclear power plant at Metsamor

Belgium has two nuclear power plants",en,0.9505,
photo_telegram_59823.jpg,telegram,https://t.me/EnergiewendeDeuschland/226,https://t.me/EnergiewendeDeuschland/226,T,R,Y,energy,,Y,EnergiewendeDeuschland,"Nineteen reactors operate at four plants in southeast Canada, 18 of which are in Ontario and one in New Brunswick.

Bulgaria has one nuclear power plant, Kozloduy, located on the Danube River about 110 km north of So a. It has two operating VVER-1000 reactors

Mainland China has 55 operable reactors with a total capacity of 53 GWe, primarily at sites along its southeast coastline. It also has 23 reactors under construction as of June 2023, totaling 24 GWe

The Czech Republic has six operable reactors: two VVER- 1000 units at Temelin, 100 km south of Prague; and four VVER-440 units at Dukovany, 30 km west of Brno.

Following the March 2011 tsunami and subsequent accident at the Fukushima Daiichi plant, all reactors in Japan have had to get regulatory approval to restart. Only ten (9500 MWe) of the country’s 33 operable reactors have since restarted as of June 2023.

South Africa has a single nuclear power plant at Koeberg, 30 km north of Cape Town. The plant’s two reactors, connected to the grid in 1984 and 1985, have a combined capacity of 1854 MWe.

Spain has seven operable nuclear reactors at  five sites across the country.

So even your ""USA 93, France 56 , China 55 davon 45 in Planung, Japan 33, Russia 27 South Korea 25, India 22, Canada 19, Ukraine 15, UK 9, Spanien 7, Pakistan 6, Romania 2, Armenia 1"" is BULLSHIT!
https://t.me/EnergyFactsTelegram/801

USA 93, France 56+1 , China 55 +21/22, Japan 10/(33)+2, Russia 37+3 South Korea 25+3, India 22+8, Canada 19+0, Ukraine 15 + 2 in pause, UK 9+2, Spanien 7+0, Pakistan 6+0, Switzerland 4+0, Romania 2+0, Armenia 1+0

plus other like Belgium 2+0, Bulgaria 2+0, Czech 6+0, South Africa 2+0, ...
Facts you forget to cite .... 

Germany 1990
Germany 21250 MW(e)
Germany 79.4 mio = 267.6MW(e)/mio
139.4 TWh - 33.1% = 1.8 TWh/mio

Switzerland 2942 MW(e)
Switzerland 6.7 mio = 439MW(e)/mio!! =1.6x
22.4 TWh - 42.6% = 3.3 TWh/mio = 1.8x

Means even in 1990 Switzerland won against Germany, if related to amount of people! Again, take less excuses ...",en,0.9237,
photo_telegram_59832.jpg,telegram,https://t.me/EnergiewendeDeuschland/196,https://t.me/EnergiewendeDeuschland/196,T,R,N,energy,,Y,EnergiewendeDeuschland,"We can still not thinking ""well over Pacific Ocean = who gives a shit ..."" because this is A NO GO way to think!
https://t.me/EnergyFactsTelegram/760

Based on our data, we conclude that the radionuclide contamination from the Fukushima Dai-ichi NPP caused harmful effects on Z. maha at physiological and genetic levels.

We cannot evaluate the effects on humans directly from the results of the Z. maha study. However, considering the exceptionally large amounts of radioactive materials released into the en- vironment, which according to a news release (August 26th 2011) from the Japanese Ministry of Economy, Trade and Industry was 168.5 times as large as the Hiroshima atomic bomb (this is likely a significant under- estimate) [28,112,113], underestimating the effects on organisms (including humans) and ecosystems without any experimental evidence is not advisable.

At this point, nobody can scientifically present conclusive data demonstrating that the long-term low-dose exposure in the Fukushima area is safe or unsafe for humans, not to mention for humans with physical or mental weaknesses and those who will be born in the next generation. “No data” should not be confused with “safe”.

The highest total Cs concentration (18700 Bq kg-1) was found in masu salmon in March 2012 from the Sousou region near the F1NPP site (Table 2 and Figure 3); such a high concentration was not found between April 2012 and March 2014. Although each radiocesium isotope concen-tration decreased gradually, there were still detectable amounts in freshwater fish in Fukushima prefecture that exceeded 100 Bq kg-1 (i.e. the Japanese safety limit) of 134Cs and 137Cs even three years after the F1NPP accident.

The 1.3 million cubic meters/tons of radioactive waste water at the Fukushima Daiichi plant, currently in tanks, is scheduled to be discharged into the Pacific Ocean this year https://perma.cc/AB89-TMUR",en,0.9521,
photo_telegram_59877.jpg,telegram,https://t.me/EnergiewendeDeuschland/156,https://t.me/EnergiewendeDeuschland/156,T,R,N,Energy prices,,Y,EnergiewendeDeuschland,"Household electricity prices worldwide in March 2023, by select country https://perma.cc/H27B-SREF

Electricity prices for enterprises worldwide in March 2023, by select country https://perma.cc/WLK2-HX4P

Der rasante Anstieg des Strompreises in Deutschland 2022 zeigt bereits negative Auswirkungen in Form von Produktionseinschränkungen der Industrie: Der ifo Geschäfts- klimaindex ging bis Oktober 2022 für das verarbeitende Gewerbe um 40 Punkte zurück, der drittgrößte Einbruch seit 1991.

Non-household electricity prices in the EU were highest in Italy (€0.25 per KWh) and lowest in Finland (€0.081 per KWh) in the first half of 2023.

For household consumers in the EU (defined for the purpose of this article as medium-sized consumers with an annual consumption between 2 500 Kilowatt hours (KWh) and 5 000 KWh), electricity prices in the first half of 2023 were highest in the Netherlands (€0.4750 per KWh), Belgium (€0.4350 per KWh), Romania (€0.4199 per KWh) and Germany (€0.4125 per KWh) - see Figure 1. The lowest prices were observed in Bulgaria (€0.1137 per KWh), Hungary (€0.1161 per KWh) and Malta (€0.1256 per KWh). For Dutch household consumers, the per KWh cost was 64 % above the EU average price, whereas households in Bulgaria, Hungary and Malta paid less than half the price than the EU average https://perma.cc/3Q2H-4P8X

Remember, wage stats are pretty shit with false and different values! so they don't show the reality ...
https://t.me/FinanceFactsTelegram/566

Average wages https://perma.cc/26YL-C52D

New indicator on annual average salaries in the EU https://perma.cc/2YBH-2324

No matter what, Germany earn more than Italy, while energy price is pretty identical ...

More on
https://t.me/AfDFakten/3",en,0.821,
photo_telegram_59897.jpg,telegram,https://t.me/EnergiewendeDeuschland/135,https://t.me/EnergiewendeDeuschland/135,T,R,N,energy,,Y,EnergiewendeDeuschland,"Deutschland ist ein rohstoffarmes Land. Rund 70 Prozent des Energieaufkommens wird durch Importe diverser Energieträger gedeckt https://perma.cc/3PN5-TCZM

Erneuerbare und konventionelle Stromerzeugung https://perma.cc/QCX8-3C4N

80 Prozent des Stroms aus Schweizer Steckdosen stammten 2021 aus erneuerbaren Energien https://perma.cc/7LWZ-GL9Q

Die Bundesrepublik hat im August knapp 16 Prozent ihres Strombedarfs aus dem Ausland gedeckt https://perma.cc/WW3T-GBER

2011: Fast 41 % (20.315 GWh) der deutschen Stromeinfuhren kamen aus Frankreich (aus Marktanalyse Ökostrom)

Keine steigenden Atomstromimporte https://perma.cc/AW4Q-4N58

„Strom 2030“-Diskussionsprozess folgenden Szenarios absichern (2019): Erdgas-, Wasser- und Kernkraftwerke und Strom aus den Niederlanden, Frankreich und Österreich sind dominierend. 

Die meisten Stromimporte kamen im 1. Halbjahr 2023 mit 4,7 Milliarden Kilowattstunden aus den Niederlanden (+37,6 % zum 1. Halbjahr 2022). Den stärksten Anstieg bei den Importen verzeichnete Frankreich https://perma.cc/BVJ2-GNY9

Aufgrund deutlich gestiegener Importe (+30,8 %) und gesunkener Exporte (-18,1 %) sank die insgesamt im Netz verfügbare Strommenge allerdings nur um 6,9 % und damit schwächer als die inländische Stromerzeugung.

Dennoch überstiegen die deutschen Stromexporte (32,6 Milliarden Kilowattstunden) auch im 1. Halbjahr 2023 die Stromimporte (30,6 Milliarden Kilowattstunden).

Strom stammte trotz eines Rückgangs um 2,2 % im Vergleich zum 1. Halbjahr 2022 mit 53,4 % mehrheitlich aus erneuerbaren Energiequellen.

Ak­tu­el­le Strom­markt­da­ten https://perma.cc/WZQ9-724G

Die Speicherseen sind eine wichtige Stütze für die Versorgung mit Strom im Winter. Je mehr Wasser in den Seen gespeichert ist, desto mehr Strom kann damit produziert werden https://perma.cc/V35F-977E

Stromverbrauch 2022 um 1,9% gesunken 
https://perma.cc/GKL6-UVNE

https://t.me/EnergyFactsTelegram/661
https://t.me/EnergyFactsTelegram/691",de,0.9888,
photo_telegram_59905.jpg,telegram,https://t.me/EnergiewendeDeuschland/146,https://t.me/EnergiewendeDeuschland/146,T,R,N,energy,,Y,EnergiewendeDeuschland,,NO_TEXT,0.0,
photo_telegram_59921.jpg,telegram,https://t.me/EnergiewendeDeuschland/125,https://t.me/EnergiewendeDeuschland/125,T,R,N,energy,,Y,EnergiewendeDeuschland,"More than half the energy the EU uses comes from imports https://perma.cc/8BXG-6H22
Among the five Member States consuming the largest amounts of energy, the least dependent on energy imports were the United Kingdom (37.4%) and France (46.0%), in contrast to Germany (61.9%), Spain (73.3%) and Italy (77.1%).

Energy imports on the rise https://perma.cc/UWJ9-SJXV

Im Winter muss die Schweiz aber etwa 40% ihres Stroms importieren https://perma.cc/7MPE-BB43

Datenanalyse: Sauberer Importstrom ist ein Etikettenschwindel https://perma.cc/83FV-4JKX

Der Schweizer Strommix https://perma.cc/5NFS-5LSF

Bezogen auf den gesamten Strombedarf der Jahre 2017 bis 2030 stellt der Import im Szenario «100% Erneuerbar» nur 0.7% des Strombedarfes dar.

Fossil fuels led in electricity generation in 2021 https://perma.cc/RVR3-TEN9

Obwohl bereits über 50 Prozent der deutschen Stromerzeugung aus erneuerbaren Energien stammt, ist Deutschland weiterhin nicht auf den Import aus dem Ausland angewiesen. Dennoch sind die Stromimporte in den letzten Jahren – auf niedrigem Niveau – deutlich angestiegen. Waren es 2016 noch 33,8 TWh (6,4 Prozent) lagen die Importe zuletzt bei 49,6 TWh (10,1 Prozent) https://perma.cc/4XAR-UKE3

Importiert Deutschland nach dem Atomausstieg nun Atomstrom aus dem Ausland? https://perma.cc/AL78-6R8Z

Der Strom aus den letzten drei Atomkraftwerken, die im Frühjahr abgestellt wurden, hat im Januar und Februar 2023 vier Prozent des bundesweiten Strombedarfs gedeckt https://perma.cc/KB2A-XN5F

Deutschland exportierte mehr Strom an seine Nachbarn als es importierte. Der physikalische Stromaustausch erfolgt mit elf Nachbarländern - Dänemark, Niederlande, Belgien, Luxemburg, Frankreich, Schweiz, Österreich, Tschechien, Polen und über Seekabel auch mit Schweden und Norwegen https://perma.cc/UPP5-YH43 

Hängt Deutschland beim Strom wirklich »am Tropf« des Auslands? https://perma.cc/G3MB-EM2T",de,0.9786,
photo_telegram_59922.jpg,telegram,https://t.me/EnergiewendeDeuschland/125,https://t.me/EnergiewendeDeuschland/125,T,R,N,emissions/climate,,Y,EnergiewendeDeuschland,"More than half the energy the EU uses comes from imports https://perma.cc/8BXG-6H22
Among the five Member States consuming the largest amounts of energy, the least dependent on energy imports were the United Kingdom (37.4%) and France (46.0%), in contrast to Germany (61.9%), Spain (73.3%) and Italy (77.1%).

Energy imports on the rise https://perma.cc/UWJ9-SJXV

Im Winter muss die Schweiz aber etwa 40% ihres Stroms importieren https://perma.cc/7MPE-BB43

Datenanalyse: Sauberer Importstrom ist ein Etikettenschwindel https://perma.cc/83FV-4JKX

Der Schweizer Strommix https://perma.cc/5NFS-5LSF

Bezogen auf den gesamten Strombedarf der Jahre 2017 bis 2030 stellt der Import im Szenario «100% Erneuerbar» nur 0.7% des Strombedarfes dar.

Fossil fuels led in electricity generation in 2021 https://perma.cc/RVR3-TEN9

Obwohl bereits über 50 Prozent der deutschen Stromerzeugung aus erneuerbaren Energien stammt, ist Deutschland weiterhin nicht auf den Import aus dem Ausland angewiesen. Dennoch sind die Stromimporte in den letzten Jahren – auf niedrigem Niveau – deutlich angestiegen. Waren es 2016 noch 33,8 TWh (6,4 Prozent) lagen die Importe zuletzt bei 49,6 TWh (10,1 Prozent) https://perma.cc/4XAR-UKE3

Importiert Deutschland nach dem Atomausstieg nun Atomstrom aus dem Ausland? https://perma.cc/AL78-6R8Z

Der Strom aus den letzten drei Atomkraftwerken, die im Frühjahr abgestellt wurden, hat im Januar und Februar 2023 vier Prozent des bundesweiten Strombedarfs gedeckt https://perma.cc/KB2A-XN5F

Deutschland exportierte mehr Strom an seine Nachbarn als es importierte. Der physikalische Stromaustausch erfolgt mit elf Nachbarländern - Dänemark, Niederlande, Belgien, Luxemburg, Frankreich, Schweiz, Österreich, Tschechien, Polen und über Seekabel auch mit Schweden und Norwegen https://perma.cc/UPP5-YH43 

Hängt Deutschland beim Strom wirklich »am Tropf« des Auslands? https://perma.cc/G3MB-EM2T",de,0.9786,
photo_telegram_59950.jpg,telegram,https://t.me/EnergiewendeDeuschland/66,https://t.me/EnergiewendeDeuschland/66,T,R,N,energy resources,comment should not be here,Y,EnergiewendeDeuschland,,NO_TEXT,0.0,
photo_telegram_59964.jpg,telegram,https://t.me/EnergiewendeDeuschland/76,https://t.me/EnergiewendeDeuschland/76,T,R,N,energy,comment should not be here,Y,EnergiewendeDeuschland,"Imports of energy products down in Q1 2023 https://perma.cc/P5AQ-EGLH

Infographic - How is EU electricity produced and sold? https://perma.cc/NP6U-F5KY

Infographic - How dependent are EU member states on energy imports? https://perma.cc/HA2C-2CSU

The EU as a whole had a dependency rate of 57.5% in 2020. The situation varied greatly among member states: Estonia had a 10.5% dependency rate, Germany 63.7%, Greece 81.4% and Malta over 97%.",en,0.9755,
photo_telegram_59983.jpg,telegram,https://t.me/EnergiewendeDeuschland/46,https://t.me/EnergiewendeDeuschland/46,T,R,N,energy resources,,Y,EnergiewendeDeuschland,,NO_TEXT,0.0,
photo_telegram_59986.jpg,telegram,https://t.me/EnergiewendeDeuschland/46,https://t.me/EnergiewendeDeuschland/46,T,R,N,energy resources,comment should not be here,Y,EnergiewendeDeuschland,,NO_TEXT,0.0,
photo_telegram_60004.jpg,telegram,https://t.me/EnergiewendeDeuschland/26,https://t.me/EnergiewendeDeuschland/26,T,R,N,energy resources,,Y,EnergiewendeDeuschland,"Each of these seven countries is a major consumer of natural gas, and the pro- portion of energy consumption accounted for by natural gas has increased relatively quickly in each case. Of these, four countries are developed countries: the United States, Japan, Germany and the United Kingdom. There are also three emerging countries: Malaysia, Turkey and Egypt.

In 2015, China’s energy consumption will reach 4 billion tons of standard coal. By 2020, non-renewable energy consumption will be controlled at around 4.8 billion tons of standard coal, with total standard coal consumption con- trolled at around 3.0 billion tons, a drop of 62.5% in the proportion of total energy consumption.

Conversion from coal to gas is mainly encountered in Europe, Australia and the United States.

China’s intentions are that CO2 emissions should peak by around 2030 and work should be carried out to try to achieve this peak sooner. Planning outlines include 2030 non-fossil fuel energy sources rising to account for around 20% of primary energy source consumption.",en,0.9551,
photo_telegram_60025.jpg,telegram,https://t.me/EnergiewendeDeuschland/4,https://t.me/EnergiewendeDeuschland/4,T,M,N,energy resources,,Y,EnergiewendeDeuschland,"CO2 emissions from China, the United States, India, Russia, Japan, Germany, Iran, South Korea, Indonesia, and Saudi Arabia have grown from 13,000 Mt to 23,200 Mt over the past 20 years (Figure 1).

Japan’s CO2 emissions increased from 430 Mt in 1965 to 1300 Mt in 2008, then decreased to 1200 Mt. CO2 in Germany, reached a maximum of 1120 Mt in 1973, and then slowly declined to 680 Mt in 2019. Iran, South Korea, and Indonesia have similar trajectories of CO2 emission changes, growing from 200 Mt to about 650 Mt. Saudi Arabia’s CO2 emissions increased from 60 Mt in 1965 to 580 Mt in 2019.

The United States had the highest values with its CO2 emission per capita declining from a peak of 22.5 t in 1973 to 15.1 t in 2019. Saudi Arabia has replaced the United States as the country with the highest CO2 emissions per capita since 2011, and its value now stands at 17 t.

CO2 emission per capita in Russia decreased from 15 t in the 1990s to 10 t in 2019. CO2 emissions per capita in Iran and China grew rapidly to 8 t and 7 t, respectively.

The cumulative values of Saudi Arabia, Russia, Germany, Japan, and South Korea were 739 t, 707 t, 635 t, 476 t, and 369 t, respectively.

The CO2 emissions show decreasing trends in the United States, Japan, and Germany, and will reach 4510 Mt, 1078 Mt, and 673 Mt, respectively (Figure 6).

For South Korea and Saudi Arabia, the CO2 emissions are expected to continue to increase, reaching 755 Mt and 753 Mt, respectively, in 2030. The CO2 emissions trends in middle and low-income countries are also di erent (Figure 7). For Russian Federation, the CO2 emissions will remain at around 1500 Mt. China’s CO2 emissions will grow at a slower rate due to its improvement in energy effciency and deployment of renewable energy. The estimation of China’s CO2 emissions will reach a maximum of around 12,500 Mt in 2030. 

The CO2 emissions of India, Iran, and Indonesia will continue to grow rapidly, reaching 4294, 969, and 874 Mt, respectively, in 2030.",en,0.9167,
photo_telegram_60032.jpg,telegram,https://t.me/EnergiewendeDeuschland/15,https://t.me/EnergiewendeDeuschland/15,T,M,Y,energy resources,,Y,EnergiewendeDeuschland,"Well done Europe, start to create sanctions against 🇷🇺 Russia. Then cry because you have energy issues. How to fix that? Replacing that with coal! WTF!

Nuclear energy is low-carbon, but not renewable. The fuel source divides EU countries, with Austria and Luxembourg firmly opposed, while others including Germany are phasing out their reactors and countries including Denmark and Ireland are nuclear-free https://perma.cc/PB6G-LN46

It's possible that EU countries are not able to use the brain, like Switzerland is trying to do a bit 
https://t.me/EnergyFactsTelegram/86

Instead of removing nuclear now, do it once you know that you have no energy issue at all!

Avoid idiot sanctions that just create more pollution!

Energia: elettricità dal carbone, +82% in Italia nel 2022 https://perma.cc/LZQ6-ETVC

Il caro energia spinge al ribasso i consumi in Italia. Ma le emissioni di CO2 aumentano  https://perma.cc/QR5W-Q7X6

El carbón representa el 27% de la energía primaria mundial que se necesita y genera el 41% de la electricidad del mundo. Su producción mundial aumenta año a año como se refleja en el siguiente gráfico https://perma.cc/6ST4-FMXS

En España, el carbón (+43,3%) y el gas (+20,6%) fueron las energías que más elevaron su producción de electricidad. Esto no queda muy verde https://perma.cc/C788-GB6U

Kohle im Jahr 2022 weiterhin wichtigster Energieträger für die Stromerzeugung in Deutschland: 8,4 % mehr Kohlestrom ins Netz eingespeist als 2021 https://perma.cc/R2WQ-Y4RL

Europa quiere resucitar las centrales térmicas de carbón: se abre la puerta a que vuelvan a recibir pagos por capacidad durante 5 años https://perma.cc/2C7V-M4VY

En Europe, la demande de charbon a bondi de 8% l'an dernier https://perma.cc/D8R2-NBKU

Die Kohle spielt in der Schweiz keine Rolle https://perma.cc/X8QJ-BV6N

More https://t.me/PollutionFacts",es,0.3904,
photo_telegram_60034.jpg,telegram,https://t.me/EnergiewendeDeuschland/15,https://t.me/EnergiewendeDeuschland/15,T,R,Y,energy resources,,Y,EnergiewendeDeuschland,"Well done Europe, start to create sanctions against 🇷🇺 Russia. Then cry because you have energy issues. How to fix that? Replacing that with coal! WTF!

Nuclear energy is low-carbon, but not renewable. The fuel source divides EU countries, with Austria and Luxembourg firmly opposed, while others including Germany are phasing out their reactors and countries including Denmark and Ireland are nuclear-free https://perma.cc/PB6G-LN46

It's possible that EU countries are not able to use the brain, like Switzerland is trying to do a bit 
https://t.me/EnergyFactsTelegram/86

Instead of removing nuclear now, do it once you know that you have no energy issue at all!

Avoid idiot sanctions that just create more pollution!

Energia: elettricità dal carbone, +82% in Italia nel 2022 https://perma.cc/LZQ6-ETVC

Il caro energia spinge al ribasso i consumi in Italia. Ma le emissioni di CO2 aumentano  https://perma.cc/QR5W-Q7X6

El carbón representa el 27% de la energía primaria mundial que se necesita y genera el 41% de la electricidad del mundo. Su producción mundial aumenta año a año como se refleja en el siguiente gráfico https://perma.cc/6ST4-FMXS

En España, el carbón (+43,3%) y el gas (+20,6%) fueron las energías que más elevaron su producción de electricidad. Esto no queda muy verde https://perma.cc/C788-GB6U

Kohle im Jahr 2022 weiterhin wichtigster Energieträger für die Stromerzeugung in Deutschland: 8,4 % mehr Kohlestrom ins Netz eingespeist als 2021 https://perma.cc/R2WQ-Y4RL

Europa quiere resucitar las centrales térmicas de carbón: se abre la puerta a que vuelvan a recibir pagos por capacidad durante 5 años https://perma.cc/2C7V-M4VY

En Europe, la demande de charbon a bondi de 8% l'an dernier https://perma.cc/D8R2-NBKU

Die Kohle spielt in der Schweiz keine Rolle https://perma.cc/X8QJ-BV6N

More https://t.me/PollutionFacts",es,0.3904,
photo_telegram_60038.jpg,telegram,https://t.me/EnergiewendeDeuschland/15,https://t.me/EnergiewendeDeuschland/15,T,M,Y,energy resources,,N,EnergiewendeDeuschland,"Well done Europe, start to create sanctions against 🇷🇺 Russia. Then cry because you have energy issues. How to fix that? Replacing that with coal! WTF!

Nuclear energy is low-carbon, but not renewable. The fuel source divides EU countries, with Austria and Luxembourg firmly opposed, while others including Germany are phasing out their reactors and countries including Denmark and Ireland are nuclear-free https://perma.cc/PB6G-LN46

It's possible that EU countries are not able to use the brain, like Switzerland is trying to do a bit 
https://t.me/EnergyFactsTelegram/86

Instead of removing nuclear now, do it once you know that you have no energy issue at all!

Avoid idiot sanctions that just create more pollution!

Energia: elettricità dal carbone, +82% in Italia nel 2022 https://perma.cc/LZQ6-ETVC

Il caro energia spinge al ribasso i consumi in Italia. Ma le emissioni di CO2 aumentano  https://perma.cc/QR5W-Q7X6

El carbón representa el 27% de la energía primaria mundial que se necesita y genera el 41% de la electricidad del mundo. Su producción mundial aumenta año a año como se refleja en el siguiente gráfico https://perma.cc/6ST4-FMXS

En España, el carbón (+43,3%) y el gas (+20,6%) fueron las energías que más elevaron su producción de electricidad. Esto no queda muy verde https://perma.cc/C788-GB6U

Kohle im Jahr 2022 weiterhin wichtigster Energieträger für die Stromerzeugung in Deutschland: 8,4 % mehr Kohlestrom ins Netz eingespeist als 2021 https://perma.cc/R2WQ-Y4RL

Europa quiere resucitar las centrales térmicas de carbón: se abre la puerta a que vuelvan a recibir pagos por capacidad durante 5 años https://perma.cc/2C7V-M4VY

En Europe, la demande de charbon a bondi de 8% l'an dernier https://perma.cc/D8R2-NBKU

Die Kohle spielt in der Schweiz keine Rolle https://perma.cc/X8QJ-BV6N

More https://t.me/PollutionFacts",es,0.3904,
photo_telegram_60112.jpg,telegram,https://t.me/KlimaWetterSammlung/646,https://t.me/KlimaWetterSammlung/646,T,M,N,climate,comment should not be here,N,KlimaWetterSammlung,,NO_TEXT,0.0,
photo_telegram_60150.jpg,telegram,https://t.me/KlimaWetterSammlung/453,https://t.me/KlimaWetterSammlung/453,T,M,Y,climate,,N,KlimaWetterSammlung,,NO_TEXT,0.0,
photo_telegram_60154.jpg,telegram,https://t.me/KlimaWetterSammlung/435,https://t.me/KlimaWetterSammlung/435,T,M,Y,climate,,Y,KlimaWetterSammlung,,NO_TEXT,0.0,
photo_telegram_60162.jpg,telegram,https://t.me/KlimaWetterSammlung/375,https://t.me/KlimaWetterSammlung/375,T,M,Y,climate,,N,KlimaWetterSammlung,"☀️Hammer! Diese Temperaturkurve lässt Klimaschwindel auffliegen!

Wird diese Studie der Befreiungsschlag gegen die Klima-Sekte? 485 Millionen Jahre Temperaturaufzeichnungen sagen jedenfalls ja. Die Temperaturkurve im führenden Wissenschaftsmagazin „Science“ belegt, dass es derzeit so kalt ist wie noch selten in den letzten 485 Millionen Jahren. Die durchschnittliche globale Oberflächentemperatur schwankte demnach zwischen 11 und 36 Grad. Heute stehen wir bei rund 15 Grad. Die globalistische Dauerlüge vom Klimanotstand wurde damit erneut faktenbasiert überführt. 

😎 Diese Studie werden die Klima-Jünger hassen. Verbreiten Sie daher diese Temperaturkurve, damit das Klima-Narrativ des Systems endgültig zu Fall gebracht werden kann. Wer die Fakten kennt, kann die Lüge entlarven.

💡 Mehr über den Klimaschwindel lesen Sie in unserer AUF1-Aufklärungsbroschüre, die Sie hier bestellen können.

Mehr zur Klima-Lüge sehen Sie in der AUF1-Rubrik „Klimaschwindel AUF1“: https://auf1.tv/klimaschwindel-auf1",de,0.9902,
photo_telegram_60168.jpg,telegram,https://t.me/KlimaWetterSammlung/363,https://t.me/KlimaWetterSammlung/363,T,M,Y,climate,,N,KlimaWetterSammlung,"Das ist der IST- Zustand+ das soll die angebliche ""KLIMA-KATASTROPHE"" sein !!??",de,0.9863,
photo_telegram_60176.jpg,telegram,https://t.me/KlimaWetterSammlung/313,https://t.me/KlimaWetterSammlung/313,T,M,Y,climate,,N,KlimaWetterSammlung,"Jonathan Cohler auf Twitter/X:

„Die Vorstellung einer CO2-""Klimakrise"" ist ein KOMPLETTES UND VOLLSTÄNDIGES HOAX.

Wichtigste Erkenntnis:
""Die menschlichen CO₂-Emissionen machen 4 % der Gesamtemissionen aus, was bedeutet, dass der gesamte menschliche Beitrag zur Verstärkung des Treibhauseffekts 0,16 % bis 0,20 % beträgt - ein vernachlässigbarer Effekt. Unabhängig davon, woher der Anstieg von [CO₂] im letzten Jahrhundert stammt, liegt sein Beitrag zum Treibhauseffekt bei etwa 0,5 % und damit unter dem Schwellenwert, der ihn beobachtbar macht.

Referenz:
""Relative Bedeutung von Kohlendioxid und Wasser für den Treibhauseffekt: Does the tail wag the dog?""
Demetris Koutsoyiannis
November 2024
➡️ https://doi.org/10.53234/scc202411/01“

(Übersetzt mit DeepL)

https://x.com/cohler/status/1854876935626567882",de,0.9875,
photo_telegram_60214.jpg,telegram,https://t.me/KlimaWetterSammlung/196,https://t.me/KlimaWetterSammlung/196,T,M,Y,climate,,Y,KlimaWetterSammlung,"Passt nicht zur Propaganda, aber 2024 gibt es Rekordkorallenbewuchs für das Great Barrier Reef basierend auf offiziellen Daten für alle 11 Sektoren des GBR. Die letzten drei Jahre, 2022-2024, waren beispiellos! Wahrscheinlich sind die Korallen rechtsradikal 🤡

👉
👉  Mehr auf https://t.me/Propaganda_Analyse
👉",de,0.9954,
photo_telegram_60260.jpg,telegram,https://t.me/klimaschutzundpolitik/16,https://t.me/klimaschutzundpolitik/16,T,R,Y,climate,,Y,klimaschutzundpolitik,,NO_TEXT,0.0,
photo_telegram_60273.jpg,telegram,https://t.me/klimaschutzundpolitik/152,https://t.me/klimaschutzundpolitik/152,T,R,N,climate,,Y,klimaschutzundpolitik,,NO_TEXT,0.0,
photo_telegram_60309.jpg,telegram,https://t.me/klimaschutzundpolitik/434,https://t.me/klimaschutzundpolitik/434,T,R,N,climate,,Y,klimaschutzundpolitik,,NO_TEXT,0.0,
photo_telegram_60355.jpg,telegram,https://t.me/klimaschutzundpolitik/718,https://t.me/klimaschutzundpolitik/718,T,R,Y,cars,,N,klimaschutzundpolitik,,NO_TEXT,0.0,
photo_telegram_61862.jpg,telegram,https://t.me/Migranten_Crime/40142,https://t.me/Migranten_Crime/40142,T,R,Y,immigration/crime,,N,Migranten_Crime,"Entwarnung von Georg Restle! Die angeblichen syrischen Messermänner, die Gruppenvergewaltigungen durch Zuwanderer, all das gibt es überhaupt nicht. Wenn sie sich doch mal kloppen oder vergewaltigen, dann untereinander. Und die bis zu viermal so hohe Gewaltrate bei Ausländern ist ein statistisches Artefakt, denn Ausländer werden einfach viermal stärker von der strukturell rassistischen Polizei verfolgt als Deutsche.

https://x.com/tomdabassman/status/1834135601525739657?t=96se4MofYFGJ7U2kfSs_1Q&s=19",de,0.9959,
photo_telegram_62218.jpg,telegram,https://t.me/Migranten_Crime/46458,https://t.me/Migranten_Crime/46458,T,R,Y,immigration/crime,,N,Migranten_Crime,"MANN
MÄNNER 
EVENTSZENE 
PARTYSZENE 
GRUPPE 
UNBEKANNTE 
ARMLÄNGE ABSTAND 
JUGENDLICHE 
RESPEKT ARMBAND 
ERLEBENDE 
MENSCHEN GESCHENKT 
WERTVOLLER ALS GOLD
ALS CHANCE SEHEN
FACHKRÄFTE 
GEZIELT KOT ABSETZEN
INTEGRATION 

ALS GESELLSCHAFT VERSAGT

DAS ZUSAMMENLEBEN TÄGLICH NEU VERHANDELN 

DUNKELZIFFER 75%.....
UND......
.......WEIL DAS  ABER NIX MIT NIX ZU TUN HAT, IST ES NUR GEFÜHLT.....!!
DENN DAS GAB ES IMMER SCHON.....",de,0.2624,
photo_telegram_62267.jpg,telegram,https://t.me/Migranten_Crime/46996,https://t.me/Migranten_Crime/46996,T,R,Y,immigration,,Y,Migranten_Crime,"""Verließen in einem hypothetischen Szenario alle Ausländer Deutschland, würde sich dies sogar vorteilhaft auf die medizinische Versorgung auswirken. Nun müssten sich statt 198 Menschen nur noch 194 Menschen einen Arzt teilen. Das beweist: Migration bringt uns im medizinischen Sektor keinerlei Vorteile und die Erzählung von den gebrauchten ausländischen Mediziner war von Anfang an ein Märchen.""

Quelle:  t.me/krautzone",de,0.9971,
photo_telegram_62504.jpg,telegram,https://t.me/Migranten_Crime/47794,https://t.me/Migranten_Crime/47794,T,R,N,immigration,,N,Migranten_Crime,"ZUWANDERUNG,  BIS ZUM VOLKSTOD  !! 
DIE SIND NICHT BLÖD,  ES IST ABSICHT   !!!!",de,0.7018,
photo_telegram_62798.jpg,telegram,https://t.me/Migranten_Crime/52380,https://t.me/Migranten_Crime/52380,T,R,Y,immigration/crime,,N,Migranten_Crime,"DUNKELZIFFER 70%

HEUTE IST DER 47. TAG DES JAHRES.......

-DAZU KÜLTÜR-

Lauf an der Pregnitz bei Nürnberg: Polizei erschießt .......??
....MESSERMANN......

.Debatte über Abschiebungen: „Fast jeden Monat .....??
begeht ein Afghane MANN..... einen Mord in unserem Land“, sagt Herrmann .....

.HINTERRÜCKS .....
Kriminalität - Tödliche Tritte: Mordprozess nach Attacke gegen Obdachlosen - MANN....

.Kemberg: Brutaler Überfall mit Todesdrohung! Maskierte schlagen und treten in Garten auf Mann ein
ANDI, UWE UND BERND ??

.MESSERATTACKE  IN HERTEN.....

-FORTSETZUNG FOLGT-",de,0.9496,
photo_telegram_62825.jpg,telegram,https://t.me/Migranten_Crime/52785,https://t.me/Migranten_Crime/52785,T,R,Y,politics,,N,Migranten_Crime,"‼️🇩🇪 Mehr als jeder dritte Verurteilte ist Ausländer: 

Neue Kriminellen-Zahlen sind erschreckend

Das Thema Kriminalität prägt den Wahlkampf. Die Frage, ob Migration zu mehr Straftaten führt und wie mit dem Phänomen umzugehen sei, sorgt für heftigen Streit.

Fakt ist: Unter den Verurteilten gibt es immer weniger deutsche und immer mehr ausländische Staatsbürger.

► Der Zehn-Jahres-Verlauf zeigt: 2023 war mehr als jeder dritte Verurteilte in Deutschland ein Ausländer. 2013 kam hingegen nur knapp jeder vierte Verurteilte aus dem Ausland.

👉🏻 2023 gab es hierzulande 656.901 Verurteilungen. Davon waren 401.232 Deutsche (61 Prozent) und 255.669 Ausländer (39 Prozent).

➡️ Link zum Artikel

DUNKELZIFFER WEIT HÖHER UND ALLE MIT DEUTSCHEM PASS,  ZÄHLEN EBENFALLS NICHT DAZU..... !!!",de,0.992,
photo_telegram_63046.jpg,telegram,https://t.me/Migranten_Crime/55966,https://t.me/Migranten_Crime/55966,T,R,Y,immigration/crime,,Y,Migranten_Crime,"STATISTIKEN,  DIE NIX MIT NIX ZU TUN HABEN,  WEIL SIE NUR GEFÜHLT SIND...... !!

EINE ISLAMISIERUNG FINDET NICHT STATT.....!!

ZU DEN ""DEUTSCHEN STRAFTATEN"" ZÄHLEN NATÜRLICH ALLE, MIT DEITSCHEM PASS.....
ALSO HANSI, EGON, PETER, PAUL,  JENS.....

Die kleine Statistik-Sammlung 

Auch als mögliche Argumentationshilfe möglich.",de,0.6304,
photo_telegram_63061.jpg,telegram,https://t.me/Migranten_Crime/56090,https://t.me/Migranten_Crime/56090,T,R,Y,finance,,Y,Migranten_Crime,"„Die Beiträge werden so lange steigen, bis die Jungen ihr eigenes Leben nicht mehr finanzieren können und den Generationenvertrag kündigen. Dann müssen die Rentner selbst schauen, wo sie bleiben.“
Die Jungen können nicht kündigen. Sie sind nicht in der Mehrheit. Das System zu verlassen wird durch die SchuKo noch weiter erschwert.
Die Jungen verlassen das System in dem sie auswandern, so lange sie noch können! 94,7% der IQ unterbemittelten Sozialschmarotzer Invasoren leben vom Bürgergeld. Macht 50.000.000.000 Euro. 
Jeder 5. Rentner und jedes 5. Kind leben ab im besten Deutschland aller Zeiten an der Armutsgrenze. 

Unzensierte Infos auf Telegram 
https://t.me/desolateregierung",de,0.9948,
photo_telegram_63577.jpg,telegram,https://t.me/Migranten_Crime/62227,https://t.me/Migranten_Crime/62227,T,M,Y,politics,,N,Migranten_Crime,,NO_TEXT,0.0,
photo_telegram_63667.jpg,telegram,https://t.me/Migranten_Crime/63466,https://t.me/Migranten_Crime/63466,T,R,Y,health,,Y,Migranten_Crime,"Immer mehr kranke Menschen, laut Artikel, besonders die Krebsrate steige rasant. 

Woran das alles liegt, könnt ihr euch selbst ausmalen: Das Immunsystem ist durch die Impfung bei vielen hinüber. 

Nur diejenigen, die das Gift entwickelt haben, können euch helfen. Nur sie kennen das Gegengift",de,0.995,
photo_telegram_64024.jpg,telegram,https://t.me/Migranten_Crime/66765,https://t.me/Migranten_Crime/66765,T,R,Y,immigration/crime,,N,Migranten_Crime,"MANN
MÄNNER 
EVENTSZENE 
PARTYSZENE 
GRUPPE 
UNBEKANNTE 
ARMLÄNGE ABSTAND 
JUGENDLICHE 
RESPEKT ARMBAND 
ERLEBENDE 
MENSCHEN GESCHENKT 
WERTVOLLER ALS GOLD
ALS CHANCE SEHEN
FACHKRÄFTE 
GEZIELT KOT ABSETZEN
INTEGRATION 
AUSTAUSCHSTUDENTEN 
EINZELFÄLLE 
ZAHLEN DEINE RENTE 
KLIMA

ALS GESELLSCHAFT VERSAGT

DAS ZUSAMMENLEBEN TÄGLICH NEU VERHANDELN

FRANK, PETER, HANS, STEFAN, OLI, BERND, HEIKO......",de,0.3398,
photo_telegram_64136.jpg,telegram,https://t.me/Migranten_Crime/3763,https://t.me/Migranten_Crime/3763,T,R,Y,immigration,,Y,Migranten_Crime,"Illegale Steigerung der IQ unterbemittelten Sozialschmarotzer Invasoren 

Unzensierte Infos auf Telegram 
https://t.me/desolateregierung 

Migranten Kriminalität 
https://t.me/Migranten_Crime",de,0.9609,
photo_telegram_64160.jpg,telegram,https://t.me/Migranten_Crime/4458,https://t.me/Migranten_Crime/4458,T,R,Y,immigration,,Y,Migranten_Crime,"NOCH ZWEIFEL DARAN, DASS ES ABSICHT IST  ??

Eine Studie aus 2022 zeigt, dass Menschen mit Migrationshintergrund in der Altersgruppe der bis zu 20-Jährigen bereits 38,9 Prozent der deutschen Bevölkerung ausmachen.

Die fortschreitende Ersetzungsmigration lässt darauf schließen, dass Personen mit Migrationshintergrund in den nächsten 20 bis 30 Jahren voraussichtlich die Mehrheit der Bevölkerung in Deutschland in der Altersgruppe bis 40 Jahre stellen werden. Dies wird besonders deutlich, da bereits etwa 40 Prozent der Kinder unter 15 Jahren einen Migrationshintergrund haben.

..... eine junge Generation mit Migrationshintergrund. die über die nächsten Jahrzehnte zur Mehrheit im Land wird.

 Als einzige politische Kraft fordert die AfD Remigration und den Stopp der Ersetzungsmigration.

▶️ Passend dazu: https://heimatkurier.at/demographie/bevoelkerungsaustausch-in-nrw-mehr-als-40-prozent-der-schueler-haben-migrationshintergrund/",de,0.9927,
photo_telegram_64646.jpg,telegram,https://t.me/Migranten_Crime/71309,https://t.me/Migranten_Crime/71309,T,R,Y,immigration/crime,,N,Migranten_Crime,"DUNKELZIFFER WEIT HÖHER.....

MANN
MÄNNER 
EVENTSZENE 
PARTYSZENE 
GRUPPE 
UNBEKANNTE 
ARMLÄNGE ABSTAND 
JUGENDLICHE 
RESPEKT ARMBAND 
ERLEBENDE 
MENSCHEN GESCHENKT 
WERTVOLLER ALS GOLD
ALS CHANCE SEHEN
FACHKRÄFTE 
GEZIELT KOT ABSETZEN
INTEGRATION 
AUSTAUSCH STUDENTEN 
TOURISTEN

ALS GESELLSCHAFT VERSAGT

DAS ZUSAMMENLEBEN TÄGLICH NEU VERHANDELN..

FRANZ PETER EUGEN BERND ULLA INGO MICHA GERD RUDI HANS ACHIM.....",de,0.3611,
photo_telegram_64665.jpg,telegram,https://t.me/Migranten_Crime/71421,https://t.me/Migranten_Crime/71421,T,R,Y,immigration,,Y,Migranten_Crime,"Man kann den Begriff ""Umvolkung"" abstoßend, ekelhaft, hetzerisch, inadäquat, scheußlich, unpassend, verkehrt, widerwärtig oder falsch finden.

Oder zutreffend.

Kostenlos abonnieren: t.me/kenjebsen
❗️Zensur vorbeugen und Backup-Kanal abonnieren: t.me/kenjebsen_backup",de,0.8908,
photo_telegram_65466.jpg,telegram,https://t.me/Migranten_Crime/76001,https://t.me/Migranten_Crime/76001,T,M,Y,industry,,Y,Migranten_Crime,"Die deutsche Industrie ist auf das Niveau der frühen 2000er Jahre zurückgefallen

Der Index der Industrieproduktion ist im Februar 2026 auf etwa das Niveau von 2003 gefallen. Wäre die frühere Wachstumskurve von 1993 bis 2017 erhalten geblieben, läge das Produktionsvolumen heute ungefähr 24 % höher. Das ist eine Berechnung im Vergleich zum historischen Trend, doch die Lücke selbst zeigt das Ausmaß des verlorenen Wachstums.

Aktuelle Daten von Destatis⁠ zeigen keine Verbesserung. Im April legte die Produktion nur um 0,4 % gegenüber dem Vormonat zu, und im Zeitraum von Februar bis April ging sie gegenüber den vorherigen drei Monaten um 0,5 % zurück. Die Produktion ohne Energie und Baugewerbe lag 2,1 % unter dem Vorjahresniveau, die Automobilindustrie verlor allein im April 4,7 %.

💥 Unser Kanal: Node of Time DE
💥 Unsere Website: nodeoftime.de",de,0.9974,
photo_telegram_65605.jpg,telegram,https://t.me/Migranten_Crime/76770,https://t.me/Migranten_Crime/76770,T,R,N,politics,,N,Migranten_Crime,,NO_TEXT,0.0,
photo_telegram_65694.jpg,telegram,https://t.me/Migranten_Crime/77110,https://t.me/Migranten_Crime/77110,T,R,Y,politics,,N,Migranten_Crime,,NO_TEXT,0.0,
photo_telegram_65866.jpg,telegram,https://t.me/Migranten_Crime/5368,https://t.me/Migranten_Crime/5368,T,R,Y,immigration,,N,Migranten_Crime,"EIN SEMITISCHES TRIO ...

... steht an der Spitze der Namen für Neugeborene in Berlin.

Braucht man in Sachen gelungener Umerziehung und Umvolkung noch mehr zu wissen?

Für Auf-dem-Schlauch-Steher:

 Wer sein Neugeborenes Mohammed nennt, dürfte klar sein.

 Bei den Elementen, die ihrem Neugeborenen Namen geben - Noah bzw. Adam -, dürfte es sich um gehirngewaschene schuldkomplexbeladene Neudeutsche handeln. 

(Auf dem Bild freut sich Krankenschwester Nadine N'gunga, geb. Müller, über den neuen Erdenbürger Mohammed.)

https://www.t-online.de/region/berlin/id_100172378/beliebteste-vornamen-in-berlin-haeufigster-name-ist-arabisch.html

EINE ISLAMISIERUNG FINDET NICHT STATT  ?!?!?!?!?!?!?!",de,0.9764,
photo_telegram_66633.jpg,telegram,https://t.me/co2istleben/32,https://t.me/co2istleben/32,T,M,Y,climate,,N,co2istleben,"Dreiste Lügen 

Wie der Mainstream frei erfundene Märchen verbreitet 

""zeit.de"" ist nicht die einzige Redaktion, die sich an dieser Propaganda zum Zwecke der Erpressung zur Zahlung von 
Co2-Steuer beteiligt.
Besonders der SED-Merkelfunk (ARD) erfindet geradezu herzerweichende Märchen bezüglich Vancouver, wo angeblich 62 Menschen den ""Hitzetod"" starben.
Dort aber erreichte das Thermometer im beschriebenen Zeitraum gerade mal 32°C und sonst lagen die Temperaturen bei etwa 23°C! 

Die in vielen ""Medien"" kollektiv herbei phantasierte Höchsttemperatur von 
""49,5°C"" in Lytton gab es auch nicht.
Dort stieg die Quecksilbersäule am 28.06.21 lediglich auf 43°C und schon ab dem übernächsten Tag lagen die Temperaturen, wie schon zuvor, bei ca. 24°C bis 26°C! 

Wir werden geradezu dreist belogen und der Zweck dieser Klimhysterie scheint offensichtlich... 

Robert Hackbarth
@PatriotNews",de,0.9872,
